订单号,日期,用户ID,渠道,类目,SKU,数量,单价,实付金额,是否退款
SO202502583,2025-09-01,13530,直播,女装,女装-031,1,189,178.58,否
SO202501757,2025-09-01,13656,推荐,数码,数码-004,1,1909,1770.98,否
SO202504055,2025-09-01,11749,搜索,女装,女装-001,2,169,300.61,否
SO202502281,2025-09-01,10280,直播,女装,女装-032,1,309,300.05,否
SO202500030,2025-09-01,14987,社群,数码,数码-010,2,2029,3909.36,否
SO202504048,2025-09-01,10401,直播,女装,女装-032,1,309,277.15,否
SO202502081,2025-09-01,10784,推荐,女装,女装-020,2,179,333.56,否
SO202501672,2025-09-01,12509,推荐,男装,男装-020,1,299,266.26,否
SO202501021,2025-09-01,15947,直播,女装,女装-021,1,269,233.7,否
SO202502276,2025-09-01,11204,推荐,女装,女装-005,2,269,506.87,否
SO202500319,2025-09-01,13340,推荐,家居,家居-007,3,199,538.7,否
SO202502967,2025-09-01,10593,直播,美妆,美妆-015,1,199,193.46,否
SO202500562,2025-09-02,16473,直播,美妆,美妆-011,2,129,242.8,否
SO202504675,2025-09-02,14866,推荐,家居,家居-001,1,39,33.9,否
SO202502639,2025-09-02,12866,搜索,家居,家居-001,2,39,73.98,否
SO202500943,2025-09-02,14006,搜索,女装,女装-032,3,309,916.89,否
SO202504225,2025-09-02,11782,搜索,女装,女装-032,1,309,268.98,否
SO202503197,2025-09-02,17597,推荐,美妆,美妆-015,2,199,354.02,否
SO202504760,2025-09-02,12985,推荐,男装,男装-009,1,169,152.86,否
SO202500255,2025-09-02,16188,推荐,女装,女装-032,3,309,925.3,否
SO202503441,2025-09-02,11183,社群,男装,男装-020,2,299,549.23,否
SO202502980,2025-09-02,15012,推荐,家居,家居-007,2,199,357.64,否
SO202501665,2025-09-02,14317,直播,男装,男装-006,2,199,364.99,否
SO202504114,2025-09-03,17270,推荐,男装,男装-001,1,329,282.18,否
SO202503951,2025-09-03,12499,搜索,美妆,美妆-001,1,129,126.38,否
SO202500425,2025-09-03,17260,推荐,美妆,美妆-003,1,119,111.05,否
SO202502897,2025-09-03,12258,直播,美妆,美妆-014,1,239,215.28,否
SO202501496,2025-09-03,17278,搜索,女装,女装-010,2,239,454.25,否
SO202500135,2025-09-03,16535,直播,女装,女装-003,1,189,174.92,否
SO202503784,2025-09-03,13120,直播,男装,男装-006,1,199,169.9,是
SO202503234,2025-09-03,11737,搜索,家居,家居-007,2,199,372.53,否
SO202503246,2025-09-03,11992,搜索,男装,男装-020,1,299,291.84,否
SO202503503,2025-09-03,15198,推荐,美妆,美妆-011,2,129,234.12,否
SO202504026,2025-09-03,10355,直播,家居,家居-004,1,59,52.37,否
SO202502315,2025-09-03,16964,搜索,美妆,美妆-011,2,129,230.86,否
SO202501180,2025-09-03,16489,直播,男装,男装-014,1,149,141.48,否
SO202504431,2025-09-03,16973,搜索,美妆,美妆-011,1,129,111.8,否
SO202501651,2025-09-04,17986,推荐,美妆,美妆-016,2,279,497.47,否
SO202501915,2025-09-04,15086,直播,男装,男装-008,3,299,782.4,否
SO202502760,2025-09-04,15665,搜索,男装,男装-001,2,329,644.14,否
SO202504157,2025-09-04,13810,搜索,男装,男装-008,3,299,830.28,否
SO202502818,2025-09-04,11066,搜索,女装,女装-005,3,269,734.14,否
SO202501564,2025-09-04,12625,直播,女装,女装-032,2,309,584.76,否
SO202504810,2025-09-04,15903,直播,女装,女装-035,1,289,268.12,否
SO202502585,2025-09-04,12139,直播,美妆,美妆-007,1,159,154.34,否
SO202501357,2025-09-04,16056,推荐,家居,家居-004,1,59,58.98,否
SO202500492,2025-09-04,16313,搜索,美妆,美妆-017,2,359,691.81,否
SO202500211,2025-09-04,15242,推荐,男装,男装-013,3,319,817.26,否
SO202504619,2025-09-04,10087,直播,美妆,美妆-003,1,119,114.83,否
SO202503672,2025-09-04,10236,搜索,男装,男装-015,2,149,271.83,否
SO202504391,2025-09-05,14382,直播,男装,男装-007,1,129,128.98,是
SO202501168,2025-09-05,10557,搜索,家居,家居-004,2,59,116.52,否
SO202503851,2025-09-05,12703,直播,男装,男装-021,1,349,317.42,否
SO202503420,2025-09-05,12045,直播,美妆,美妆-001,3,129,339.36,否
SO202500733,2025-09-05,16869,推荐,女装,女装-030,1,109,93.1,否
SO202503278,2025-09-05,11064,直播,男装,男装-020,3,299,846.33,否
SO202503356,2025-09-05,17278,社群,男装,男装-006,2,199,338.58,否
SO202500455,2025-09-05,16124,推荐,女装,女装-032,1,309,308.23,否
SO202502129,2025-09-06,15672,搜索,美妆,美妆-001,1,129,128.42,否
SO202504995,2025-09-06,17808,推荐,女装,女装-032,1,309,263.64,否
SO202501326,2025-09-06,10554,社群,美妆,美妆-003,2,119,212.35,否
SO202503990,2025-09-06,10519,搜索,女装,女装-014,2,259,474.24,否
SO202502059,2025-09-06,17627,直播,女装,女装-001,2,169,297.85,否
SO202501276,2025-09-06,15439,推荐,家居,家居-007,1,199,169.66,否
SO202500707,2025-09-06,13819,搜索,女装,女装-001,2,169,323.01,否
SO202503495,2025-09-06,17147,搜索,女装,女装-012,2,239,449.06,否
SO202503499,2025-09-06,16987,直播,女装,女装-014,1,259,239.47,否
SO202502148,2025-09-06,12317,直播,家居,家居-007,1,199,178.57,否
SO202502295,2025-09-06,17916,直播,美妆,美妆-014,2,239,421.36,否
SO202502377,2025-09-06,14667,推荐,女装,女装-017,1,149,135.42,否
SO202500869,2025-09-06,16991,搜索,女装,女装-030,2,109,206.15,否
SO202500534,2025-09-06,14922,搜索,美妆,美妆-011,2,129,256.6,否
SO202504508,2025-09-06,14524,社群,男装,男装-014,1,149,134.61,是
SO202502286,2025-09-06,14376,搜索,男装,男装-006,3,199,566.99,是
SO202504154,2025-09-06,16131,搜索,美妆,美妆-017,1,359,337.89,否
SO202500027,2025-09-06,16495,搜索,女装,女装-017,1,149,134.01,否
SO202503056,2025-09-07,12883,搜索,男装,男装-021,2,349,649.95,否
SO202504175,2025-09-07,16029,搜索,女装,女装-003,1,189,188.86,否
SO202502919,2025-09-07,14697,直播,美妆,美妆-005,2,369,737.81,否
SO202502938,2025-09-07,10607,推荐,美妆,美妆-001,2,129,238.59,否
SO202502657,2025-09-07,11698,直播,女装,女装-023,1,169,157.89,否
SO202503788,2025-09-07,14714,推荐,女装,女装-021,1,269,228.82,否
SO202501461,2025-09-07,16376,搜索,家居,家居-004,3,59,154.88,否
SO202501593,2025-09-07,13806,搜索,男装,男装-006,3,199,595.53,是
SO202503211,2025-09-07,13598,社群,男装,男装-014,2,149,288.16,否
SO202503673,2025-09-07,14933,搜索,数码,数码-003,2,1699,3152.42,否
SO202501863,2025-09-07,13970,搜索,美妆,美妆-020,2,479,815.56,否
SO202504311,2025-09-07,12179,推荐,男装,男装-013,3,319,897.37,否
SO202503133,2025-09-07,16351,推荐,女装,女装-014,1,259,242.28,否
SO202504161,2025-09-07,17465,社群,美妆,美妆-001,3,129,375.16,否
SO202502804,2025-09-07,17167,社群,男装,男装-004,2,299,522.18,否
SO202500578,2025-09-07,10565,直播,男装,男装-005,2,269,508.77,否
SO202501646,2025-09-07,12877,直播,美妆,美妆-018,2,489,839.95,是
SO202502221,2025-09-08,10784,推荐,女装,女装-001,3,169,436.63,否
SO202502218,2025-09-08,17750,推荐,女装,女装-031,1,189,181.18,否
SO202500324,2025-09-08,10143,推荐,美妆,美妆-003,2,119,235.17,否
SO202503075,2025-09-08,15697,搜索,男装,男装-001,1,329,325.33,否
SO202503142,2025-09-08,17805,搜索,男装,男装-025,1,169,150.75,否
SO202504754,2025-09-08,14475,推荐,女装,女装-005,1,269,263.21,否
SO202504015,2025-09-08,11213,推荐,家居,家居-006,3,109,305.59,否
SO202502944,2025-09-08,17329,搜索,女装,女装-024,1,299,290.39,否
SO202503338,2025-09-08,14787,直播,男装,男装-014,1,149,147.26,否
SO202502612,2025-09-08,11670,推荐,家居,家居-014,2,59,108.27,是
SO202501695,2025-09-08,11575,推荐,美妆,美妆-011,2,129,252.47,否
SO202500580,2025-09-08,15270,推荐,男装,男装-020,1,299,290.81,否
SO202504469,2025-09-09,11596,推荐,男装,男装-006,1,199,176.67,否
SO202501051,2025-09-09,16868,搜索,男装,男装-004,1,299,281.98,否
SO202500962,2025-09-09,10966,直播,男装,男装-006,3,199,563.71,否
SO202501755,2025-09-09,11844,直播,男装,男装-006,1,199,181.77,否
SO202503307,2025-09-09,14123,直播,女装,女装-001,1,169,152.46,否
SO202501853,2025-09-09,14682,直播,女装,女装-005,3,269,800.47,否
SO202503070,2025-09-09,17137,社群,男装,男装-019,1,189,165.63,否
SO202500061,2025-09-09,10771,直播,美妆,美妆-001,3,129,385.88,否
SO202501930,2025-09-09,14776,搜索,美妆,美妆-011,3,129,357.02,否
SO202503147,2025-09-10,16498,搜索,女装,女装-005,2,269,500.89,否
SO202504113,2025-09-10,12547,社群,家居,家居-005,1,59,50.36,否
SO202500742,2025-09-10,14647,搜索,女装,女装-021,3,269,714.91,否
SO202504078,2025-09-10,17887,推荐,女装,女装-025,2,159,314.2,是
SO202504685,2025-09-10,17688,直播,女装,女装-001,1,169,156.32,否
SO202501372,2025-09-11,13992,直播,美妆,美妆-020,3,479,1294.67,否
SO202502826,2025-09-11,15839,直播,美妆,美妆-017,2,359,615.7,否
SO202503961,2025-09-11,14514,社群,女装,女装-003,1,189,178.05,否
SO202500970,2025-09-11,15178,搜索,女装,女装-032,2,309,617.01,否
SO202502533,2025-09-11,16340,社群,美妆,美妆-017,3,359,944.72,否
SO202502881,2025-09-11,13833,直播,男装,男装-014,1,149,137.9,否
SO202501463,2025-09-11,15668,搜索,美妆,美妆-003,3,119,343.88,否
SO202502808,2025-09-11,14879,社群,女装,女装-005,2,269,473.24,否
SO202500285,2025-09-11,15801,直播,男装,男装-014,2,149,279.35,否
SO202503700,2025-09-11,15309,直播,家居,家居-007,3,199,513.59,否
SO202502972,2025-09-11,17618,直播,数码,数码-005,1,2639,2634.03,否
SO202502016,2025-09-11,17305,搜索,女装,女装-014,2,259,465.62,否
SO202501599,2025-09-12,16326,直播,女装,女装-003,2,189,363.6,否
SO202502154,2025-09-12,11335,推荐,男装,男装-008,1,299,284.84,否
SO202503041,2025-09-12,10893,直播,女装,女装-021,2,269,526.66,否
SO202501099,2025-09-12,13262,推荐,女装,女装-025,3,159,434.62,否
SO202504413,2025-09-12,13499,搜索,女装,女装-017,1,149,142.88,否
SO202503575,2025-09-12,15092,直播,男装,男装-008,2,299,557.52,否
SO202504031,2025-09-12,12656,搜索,女装,女装-032,2,309,595.96,否
SO202500949,2025-09-12,14240,搜索,家居,家居-009,1,199,186.73,否
SO202503313,2025-09-12,16370,直播,美妆,美妆-001,1,129,124.72,否
SO202504842,2025-09-12,12970,直播,女装,女装-032,1,309,276.77,否
SO202502270,2025-09-12,17113,直播,美妆,美妆-010,1,389,351.08,否
SO202501251,2025-09-12,13879,搜索,男装,男装-019,2,189,355.11,否
SO202503629,2025-09-13,13389,搜索,男装,男装-021,1,349,298.05,是
SO202503992,2025-09-13,10907,搜索,男装,男装-025,1,169,158.81,否
SO202502450,2025-09-13,13794,搜索,美妆,美妆-017,1,359,328.97,否
SO202500224,2025-09-13,10295,推荐,男装,男装-013,2,319,569.87,否
SO202504969,2025-09-13,11234,直播,美妆,美妆-017,3,359,1069.38,否
SO202504858,2025-09-13,11450,社群,家居,家居-012,2,169,302.65,否
SO202503675,2025-09-13,14191,直播,数码,数码-010,1,2029,1754.71,否
SO202502384,2025-09-13,17066,推荐,女装,女装-014,2,259,514.52,否
SO202502226,2025-09-13,15665,推荐,男装,男装-008,1,299,281.28,否
SO202501010,2025-09-13,16834,推荐,男装,男装-015,2,149,283.89,否
SO202500784,2025-09-13,15239,推荐,男装,男装-008,1,299,293.37,否
SO202500785,2025-09-13,15328,推荐,男装,男装-012,3,139,387.77,是
SO202501704,2025-09-13,17878,搜索,家居,家居-014,1,59,56.08,否
SO202503898,2025-09-13,10537,直播,男装,男装-014,1,149,129.52,否
SO202502865,2025-09-13,17364,搜索,美妆,美妆-001,3,129,384.54,否
SO202500321,2025-09-13,11907,推荐,美妆,美妆-005,1,369,364.52,否
SO202502893,2025-09-13,10710,推荐,女装,女装-021,1,269,265.23,否
SO202500127,2025-09-13,12580,直播,数码,数码-007,1,1359,1234.05,否
SO202501091,2025-09-13,14704,搜索,女装,女装-035,2,289,505.39,否
SO202501888,2025-09-13,14476,搜索,美妆,美妆-015,3,199,582.38,否
SO202501754,2025-09-13,17720,搜索,美妆,美妆-016,2,279,536.99,否
SO202500606,2025-09-13,16241,社群,家居,家居-001,2,39,70.81,否
SO202500327,2025-09-14,14923,推荐,美妆,美妆-020,2,479,862.61,否
SO202504372,2025-09-14,16688,直播,美妆,美妆-007,1,159,142.73,否
SO202500346,2025-09-14,14221,直播,男装,男装-008,1,299,276.11,否
SO202504591,2025-09-14,12063,社群,家居,家居-014,2,59,113.81,否
SO202504656,2025-09-14,12415,搜索,女装,女装-031,1,189,173.22,否
SO202504886,2025-09-14,17669,直播,女装,女装-025,2,159,271.77,否
SO202502423,2025-09-14,16876,社群,数码,数码-010,3,2029,5834.33,否
SO202500267,2025-09-14,12204,直播,家居,家居-011,1,119,114.21,否
SO202500202,2025-09-14,16949,直播,女装,女装-035,1,289,268.56,否
SO202501636,2025-09-14,10029,社群,家居,家居-013,2,39,75.56,否
SO202502195,2025-09-15,17814,直播,家居,家居-006,2,109,206.05,否
SO202502405,2025-09-15,15655,直播,女装,女装-021,1,269,264.0,否
SO202501241,2025-09-15,13812,直播,男装,男装-025,1,169,161.2,否
SO202503371,2025-09-15,14889,社群,美妆,美妆-005,2,369,710.61,否
SO202500542,2025-09-15,14038,直播,女装,女装-021,1,269,261.68,否
SO202502041,2025-09-15,17174,搜索,女装,女装-001,1,169,147.25,否
SO202500794,2025-09-15,11962,直播,美妆,美妆-007,1,159,158.63,是
SO202500032,2025-09-15,16623,搜索,男装,男装-002,1,239,222.68,否
SO202504436,2025-09-15,10341,直播,女装,女装-032,2,309,533.22,否
SO202501134,2025-09-15,13397,搜索,家居,家居-005,1,59,54.8,否
SO202503922,2025-09-15,11900,直播,男装,男装-020,1,299,258.63,否
SO202504198,2025-09-15,12093,推荐,美妆,美妆-010,1,389,347.09,否
SO202500039,2025-09-15,17059,搜索,男装,男装-024,1,109,95.27,否
SO202503052,2025-09-16,17644,社群,家居,家居-004,2,59,117.16,否
SO202503467,2025-09-16,15151,社群,男装,男装-006,3,199,544.67,否
SO202502558,2025-09-16,17174,直播,男装,男装-020,2,299,529.48,否
SO202501536,2025-09-16,11972,直播,男装,男装-008,2,299,563.15,否
SO202503651,2025-09-16,10179,搜索,男装,男装-013,2,319,634.92,否
SO202503894,2025-09-16,12410,搜索,美妆,美妆-015,1,199,181.4,否
SO202502731,2025-09-16,10573,直播,美妆,美妆-007,1,159,148.35,否
SO202500092,2025-09-16,17081,社群,女装,女装-001,2,169,305.92,否
SO202501727,2025-09-16,17054,直播,家居,家居-007,1,199,196.78,否
SO202501455,2025-09-16,12186,推荐,美妆,美妆-015,1,199,175.24,否
SO202504737,2025-09-16,17379,直播,美妆,美妆-011,1,129,127.6,否
SO202503260,2025-09-16,12520,搜索,女装,女装-032,2,309,566.19,否
SO202501417,2025-09-16,12843,搜索,女装,女装-021,2,269,509.9,否
SO202500133,2025-09-16,13306,直播,家居,家居-011,2,119,228.1,否
SO202503249,2025-09-16,17656,推荐,女装,女装-032,1,309,281.81,否
SO202503747,2025-09-17,16252,推荐,美妆,美妆-011,2,129,246.02,否
SO202503192,2025-09-17,14429,社群,男装,男装-006,2,199,343.11,否
SO202503762,2025-09-17,11050,搜索,女装,女装-032,2,309,594.33,否
SO202502624,2025-09-17,16406,搜索,男装,男装-005,3,269,710.74,否
SO202501262,2025-09-17,11605,搜索,家居,家居-011,1,119,109.69,是
SO202504554,2025-09-17,16938,搜索,男装,男装-009,1,169,154.95,否
SO202500336,2025-09-17,10430,直播,美妆,美妆-010,1,389,350.81,否
SO202501499,2025-09-17,15461,直播,女装,女装-033,1,289,255.15,否
SO202500683,2025-09-17,11820,搜索,美妆,美妆-015,1,199,196.47,是
SO202501709,2025-09-17,16833,推荐,美妆,美妆-011,2,129,230.88,否
SO202502327,2025-09-17,16503,推荐,数码,数码-008,1,1259,1210.81,否
SO202501018,2025-09-18,11029,推荐,女装,女装-032,2,309,567.99,否
SO202501780,2025-09-18,10536,推荐,女装,女装-030,2,109,205.77,否
SO202504234,2025-09-18,17585,社群,家居,家居-010,1,179,160.09,否
SO202502525,2025-09-18,15867,搜索,男装,男装-019,2,189,376.88,否
SO202503388,2025-09-18,15334,社群,女装,女装-003,3,189,565.44,否
SO202500474,2025-09-18,11961,搜索,女装,女装-003,2,189,343.14,否
SO202501145,2025-09-18,15808,直播,男装,男装-018,1,159,158.28,是
SO202501122,2025-09-19,13606,搜索,女装,女装-003,1,189,172.05,否
SO202503345,2025-09-19,12487,社群,美妆,美妆-007,2,159,314.57,否
SO202502135,2025-09-19,13986,社群,家居,家居-007,2,199,395.02,否
SO202504229,2025-09-19,14023,推荐,美妆,美妆-017,1,359,314.67,否
SO202503350,2025-09-19,13654,推荐,美妆,美妆-011,1,129,114.96,否
SO202504718,2025-09-19,15970,搜索,男装,男装-014,1,149,139.57,否
SO202501474,2025-09-19,17574,直播,数码,数码-005,3,2639,7537.94,否
SO202500906,2025-09-20,16835,社群,男装,男装-002,1,239,220.74,否
SO202504800,2025-09-20,17262,直播,女装,女装-032,1,309,305.24,否
SO202500899,2025-09-20,13269,搜索,男装,男装-025,3,169,455.06,否
SO202501750,2025-09-20,17338,搜索,美妆,美妆-007,2,159,285.17,否
SO202504111,2025-09-20,13240,搜索,女装,女装-014,1,259,245.06,否
SO202500842,2025-09-20,16088,社群,男装,男装-006,2,199,353.7,否
SO202503600,2025-09-20,11722,社群,美妆,美妆-005,1,369,352.95,否
SO202501483,2025-09-20,15351,直播,家居,家居-004,3,59,169.52,否
SO202503968,2025-09-20,17816,搜索,女装,女装-021,1,269,246.79,否
SO202502328,2025-09-20,13894,直播,美妆,美妆-014,2,239,420.24,否
SO202502910,2025-09-20,13457,社群,女装,女装-032,1,309,294.62,否
SO202501862,2025-09-20,10144,推荐,女装,女装-021,2,269,477.46,否
SO202500792,2025-09-20,14481,搜索,美妆,美妆-001,3,129,362.47,否
SO202504773,2025-09-20,11157,社群,数码,数码-002,3,859,2203.96,否
SO202502084,2025-09-21,12780,直播,美妆,美妆-020,1,479,414.0,否
SO202503887,2025-09-21,17520,直播,家居,家居-001,2,39,75.38,否
SO202504074,2025-09-21,17452,直播,家居,家居-006,1,109,95.17,否
SO202501948,2025-09-21,13010,直播,美妆,美妆-001,1,129,123.12,否
SO202504692,2025-09-21,14003,搜索,美妆,美妆-001,1,129,114.44,否
SO202504896,2025-09-21,12442,搜索,男装,男装-015,1,149,135.66,否
SO202502528,2025-09-21,12454,推荐,女装,女装-021,1,269,262.41,否
SO202504720,2025-09-21,14003,直播,女装,女装-003,2,189,328.47,否
SO202501498,2025-09-21,10249,社群,美妆,美妆-015,1,199,188.46,否
SO202504837,2025-09-21,10859,搜索,男装,男装-006,2,199,375.37,是
SO202501013,2025-09-21,16582,直播,女装,女装-021,1,269,234.63,否
SO202501074,2025-09-21,17701,直播,美妆,美妆-001,3,129,334.47,否
SO202502004,2025-09-21,10632,推荐,美妆,美妆-010,2,389,697.5,否
SO202501520,2025-09-21,12520,直播,女装,女装-003,3,189,529.17,否
SO202500997,2025-09-22,13190,搜索,男装,男装-012,1,139,136.85,否
SO202500088,2025-09-22,14309,社群,美妆,美妆-007,1,159,148.19,否
SO202503103,2025-09-22,17588,直播,女装,女装-034,1,259,229.39,是
SO202502205,2025-09-22,17598,搜索,男装,男装-006,3,199,509.63,否
SO202502511,2025-09-22,14080,直播,女装,女装-011,1,159,139.83,否
SO202500632,2025-09-22,14926,搜索,数码,数码-009,2,1399,2444.36,否
SO202504583,2025-09-22,17246,社群,女装,女装-022,1,269,253.19,否
SO202504394,2025-09-23,10542,推荐,女装,女装-033,1,289,262.98,否
SO202502240,2025-09-23,12679,搜索,男装,男装-025,1,169,167.79,否
SO202504766,2025-09-23,16535,直播,家居,家居-007,1,199,182.22,是
SO202503363,2025-09-23,16958,搜索,男装,男装-018,1,159,143.3,否
SO202501706,2025-09-23,10646,直播,女装,女装-023,1,169,167.31,否
SO202500007,2025-09-23,13878,搜索,男装,男装-022,2,229,434.12,否
SO202501949,2025-09-23,11959,社群,女装,女装-005,2,269,492.05,否
SO202503035,2025-09-23,12332,搜索,男装,男装-019,1,189,174.83,否
SO202503032,2025-09-23,13839,搜索,男装,男装-020,1,299,289.97,否
SO202501202,2025-09-23,10351,直播,美妆,美妆-011,1,129,128.72,否
SO202502943,2025-09-24,10807,直播,女装,女装-032,1,309,308.22,否
SO202502399,2025-09-24,11143,直播,数码,数码-007,1,1359,1336.97,否
SO202502336,2025-09-24,15172,直播,美妆,美妆-018,1,489,437.05,否
SO202501189,2025-09-24,15559,推荐,男装,男装-020,1,299,276.59,否
SO202503428,2025-09-24,12108,直播,美妆,美妆-001,3,129,385.74,否
SO202503101,2025-09-24,14212,搜索,数码,数码-001,1,2439,2190.51,否
SO202502219,2025-09-24,11722,搜索,男装,男装-020,2,299,552.06,否
SO202502321,2025-09-24,15556,直播,男装,男装-013,1,319,305.15,否
SO202503255,2025-09-24,15691,搜索,男装,男装-014,2,149,265.97,否
SO202501620,2025-09-24,15923,社群,女装,女装-003,1,189,178.59,否
SO202501664,2025-09-24,11923,搜索,女装,女装-032,1,309,271.77,否
SO202503748,2025-09-24,11485,推荐,女装,女装-032,1,309,279.85,否
SO202503657,2025-09-25,15161,推荐,美妆,美妆-001,1,129,127.06,否
SO202502459,2025-09-25,12211,直播,女装,女装-021,2,269,495.21,否
SO202500304,2025-09-25,11772,搜索,男装,男装-004,1,299,272.65,否
SO202504253,2025-09-25,15972,搜索,女装,女装-026,2,209,356.86,否
SO202502075,2025-09-25,12838,社群,美妆,美妆-015,3,199,553.06,否
SO202501080,2025-09-25,11227,社群,家居,家居-003,2,149,279.3,否
SO202501219,2025-09-25,13129,推荐,男装,男装-006,1,199,174.48,否
SO202503223,2025-09-25,15504,搜索,美妆,美妆-007,2,159,297.3,否
SO202500128,2025-09-25,16562,搜索,男装,男装-008,1,299,294.04,否
SO202504904,2025-09-25,12855,直播,女装,女装-027,3,149,392.65,否
SO202503648,2025-09-25,10201,搜索,女装,女装-032,1,309,280.49,否
SO202500826,2025-09-26,16038,搜索,美妆,美妆-016,1,279,277.33,否
SO202502449,2025-09-26,10557,社群,男装,男装-005,2,269,510.99,否
SO202504438,2025-09-26,11323,搜索,女装,女装-021,2,269,508.51,否
SO202502828,2025-09-26,11548,搜索,家居,家居-002,1,129,124.76,否
SO202500053,2025-09-26,17199,直播,男装,男装-018,1,159,141.64,否
SO202500084,2025-09-26,13229,直播,男装,男装-025,1,169,150.58,否
SO202502974,2025-09-26,10960,直播,男装,男装-014,2,149,277.5,否
SO202501834,2025-09-26,10308,直播,男装,男装-006,1,199,189.1,否
SO202502860,2025-09-26,15740,搜索,男装,男装-019,1,189,176.27,否
SO202503745,2025-09-26,16636,社群,男装,男装-019,2,189,356.81,否
SO202504864,2025-09-26,17013,搜索,女装,女装-011,3,159,414.3,否
SO202503674,2025-09-26,15408,直播,美妆,美妆-011,2,129,245.16,否
SO202502933,2025-09-27,12236,推荐,美妆,美妆-001,3,129,379.12,否
SO202503082,2025-09-27,17719,社群,女装,女装-011,3,159,446.51,否
SO202504898,2025-09-27,11859,搜索,男装,男装-008,1,299,282.64,否
SO202500352,2025-09-27,12037,直播,数码,数码-003,1,1699,1551.9,否
SO202504958,2025-09-27,16302,推荐,男装,男装-025,1,169,161.76,否
SO202500898,2025-09-27,12253,推荐,女装,女装-021,3,269,756.86,否
SO202501614,2025-09-27,15935,搜索,男装,男装-025,2,169,302.08,否
SO202502899,2025-09-27,16903,搜索,女装,女装-011,1,159,141.12,是
SO202500648,2025-09-27,10442,直播,男装,男装-004,3,299,883.22,否
SO202503491,2025-09-27,14118,推荐,数码,数码-009,2,1399,2693.5,否
SO202500360,2025-09-27,13203,搜索,家居,家居-006,1,109,95.51,否
SO202504163,2025-09-27,12459,推荐,美妆,美妆-011,2,129,255.82,否
SO202500576,2025-09-27,17502,直播,家居,家居-014,1,59,51.16,是
SO202501812,2025-09-27,11689,直播,家居,家居-007,1,199,186.96,是
SO202500664,2025-09-27,14256,直播,美妆,美妆-007,1,159,155.86,否
SO202501495,2025-09-27,17306,搜索,男装,男装-006,1,199,187.37,否
SO202504572,2025-09-27,17143,直播,男装,男装-020,2,299,536.29,否
SO202500540,2025-09-27,16056,搜索,男装,男装-008,1,299,285.23,否
SO202501390,2025-09-28,11120,搜索,女装,女装-025,1,159,140.99,否
SO202503631,2025-09-28,12473,直播,美妆,美妆-017,1,359,314.7,是
SO202502473,2025-09-28,11383,直播,男装,男装-018,1,159,155.91,否
SO202500014,2025-09-28,16740,搜索,家居,家居-001,1,39,34.12,否
SO202504818,2025-09-28,10547,直播,男装,男装-007,2,129,252.61,否
SO202501756,2025-09-28,11670,社群,美妆,美妆-001,2,129,236.41,否
SO202504073,2025-09-28,14499,推荐,男装,男装-001,1,329,284.8,否
SO202504028,2025-09-28,10143,直播,美妆,美妆-001,2,129,250.65,否
SO202504932,2025-09-28,17264,社群,美妆,美妆-003,1,119,113.46,否
SO202503686,2025-09-28,12464,直播,男装,男装-020,1,299,277.85,否
SO202502706,2025-09-28,17301,社群,美妆,美妆-007,1,159,152.13,否
SO202502210,2025-09-28,10529,社群,女装,女装-032,1,309,307.55,否
SO202500512,2025-09-28,10636,社群,男装,男装-015,2,149,263.41,否
SO202504581,2025-09-28,14249,搜索,男装,男装-006,2,199,366.97,否
SO202504982,2025-09-28,11894,搜索,数码,数码-010,1,2029,1850.93,否
SO202500603,2025-09-28,13805,直播,女装,女装-001,2,169,318.85,是
SO202503924,2025-09-28,12043,直播,女装,女装-023,2,169,332.37,否
SO202501093,2025-09-28,10597,搜索,女装,女装-026,1,209,200.78,否
SO202500590,2025-09-28,13992,推荐,美妆,美妆-015,1,199,177.77,否
SO202500021,2025-09-28,10784,搜索,女装,女装-001,3,169,441.28,否
SO202503468,2025-09-28,14721,直播,女装,女装-014,1,259,225.89,是
SO202504865,2025-09-28,16623,直播,女装,女装-021,1,269,258.5,否
SO202502306,2025-09-28,13390,搜索,美妆,美妆-003,3,119,304.24,否
SO202500191,2025-09-29,10362,搜索,美妆,美妆-015,1,199,190.94,否
SO202502549,2025-09-29,10851,社群,男装,男装-015,3,149,441.2,否
SO202503485,2025-09-29,10550,直播,美妆,美妆-001,3,129,350.14,是
SO202501094,2025-09-29,13137,搜索,女装,女装-005,1,269,264.94,否
SO202501095,2025-09-29,13422,直播,家居,家居-015,1,179,170.05,否
SO202500312,2025-09-29,17329,搜索,数码,数码-009,2,1399,2788.24,否
SO202502744,2025-09-29,14353,社群,美妆,美妆-001,2,129,222.57,否
SO202503907,2025-09-29,14709,直播,男装,男装-018,1,159,135.48,否
SO202502301,2025-09-29,12608,搜索,美妆,美妆-010,1,389,367.73,否
SO202502807,2025-09-29,14153,直播,美妆,美妆-011,1,129,113.27,否
SO202504787,2025-09-29,15352,搜索,女装,女装-027,2,149,274.84,否
SO202504919,2025-09-29,16967,搜索,女装,女装-003,3,189,521.24,否
SO202502457,2025-09-29,16091,直播,男装,男装-021,1,349,335.36,否
SO202503314,2025-09-29,13992,直播,女装,女装-021,2,269,477.24,否
SO202500641,2025-09-29,10561,推荐,女装,女装-005,1,269,268.89,否
SO202501563,2025-09-29,12117,搜索,家居,家居-015,1,179,164.91,否
SO202503643,2025-09-29,14566,社群,男装,男装-006,3,199,546.35,否
SO202500921,2025-09-30,15139,搜索,家居,家居-007,1,199,188.39,否
SO202502143,2025-09-30,16573,搜索,美妆,美妆-011,1,129,114.34,否
SO202501458,2025-09-30,13451,直播,数码,数码-005,1,2639,2496.31,否
SO202503630,2025-09-30,12558,社群,男装,男装-019,2,189,338.36,否
SO202502562,2025-09-30,17338,搜索,女装,女装-032,1,309,307.12,否
SO202501111,2025-09-30,14973,搜索,男装,男装-012,1,139,130.85,否
SO202504639,2025-09-30,16696,直播,女装,女装-005,2,269,496.89,否
SO202502503,2025-09-30,11609,搜索,美妆,美妆-019,2,199,366.52,否
SO202502795,2025-09-30,11895,直播,美妆,美妆-001,1,129,113.65,否
SO202504008,2025-09-30,14289,搜索,男装,男装-007,1,129,126.42,否
SO202501734,2025-09-30,14976,推荐,美妆,美妆-007,1,159,154.9,否
SO202504308,2025-09-30,14680,直播,美妆,美妆-014,1,239,213.13,否
SO202503046,2025-09-30,14356,搜索,女装,女装-031,2,189,324.93,否
SO202501449,2025-09-30,12041,社群,女装,女装-027,1,149,140.41,否
SO202502508,2025-10-01,12112,直播,美妆,美妆-016,3,279,721.52,否
SO202502407,2025-10-01,13840,推荐,男装,男装-006,1,199,169.66,否
SO202501953,2025-10-01,17298,搜索,美妆,美妆-007,1,159,148.93,否
SO202504369,2025-10-01,14436,搜索,女装,女装-035,1,289,259.4,是
SO202501937,2025-10-01,16104,直播,美妆,美妆-011,1,129,112.14,否
SO202501525,2025-10-01,10637,推荐,女装,女装-001,1,169,152.46,否
SO202504961,2025-10-01,16206,推荐,女装,女装-025,1,159,150.92,否
SO202504651,2025-10-01,10030,直播,家居,家居-007,1,199,175.9,否
SO202502097,2025-10-01,17100,社群,女装,女装-035,2,289,556.45,是
SO202501572,2025-10-01,11256,搜索,男装,男装-020,1,299,263.73,否
SO202504023,2025-10-01,17523,搜索,女装,女装-013,1,249,234.11,否
SO202502932,2025-10-01,13442,推荐,美妆,美妆-018,1,489,487.45,否
SO202501242,2025-10-01,15604,推荐,美妆,美妆-016,1,279,277.89,否
SO202504955,2025-10-01,11359,直播,美妆,美妆-015,1,199,172.34,否
SO202504367,2025-10-02,11239,推荐,美妆,美妆-007,2,159,310.68,否
SO202503889,2025-10-02,15924,直播,男装,男装-001,1,329,322.75,否
SO202501557,2025-10-02,11575,搜索,男装,男装-005,1,269,258.0,否
SO202502869,2025-10-02,14766,直播,美妆,美妆-011,2,129,230.76,否
SO202504486,2025-10-02,14045,搜索,女装,女装-022,1,269,264.66,否
SO202501363,2025-10-02,14356,直播,美妆,美妆-001,1,129,123.12,否
SO202503835,2025-10-02,13459,搜索,女装,女装-005,2,269,474.83,否
SO202503459,2025-10-02,15398,推荐,数码,数码-008,2,1259,2353.38,是
SO202504257,2025-10-02,13272,推荐,家居,家居-011,2,119,232.4,否
SO202502196,2025-10-02,16542,直播,数码,数码-008,2,1259,2414.68,否
SO202500419,2025-10-02,15538,社群,女装,女装-011,1,159,146.57,否
SO202503294,2025-10-02,12966,直播,男装,男装-005,3,269,787.38,否
SO202504935,2025-10-02,12049,搜索,美妆,美妆-007,3,159,423.09,否
SO202502785,2025-10-02,14676,直播,女装,女装-032,2,309,609.28,否
SO202502417,2025-10-02,12280,社群,男装,男装-014,1,149,136.42,否
SO202503633,2025-10-02,12995,推荐,美妆,美妆-014,1,239,207.82,否
SO202503621,2025-10-02,13311,搜索,男装,男装-004,3,299,851.62,否
SO202504045,2025-10-02,15502,直播,数码,数码-008,1,1259,1109.28,否
SO202503193,2025-10-02,15289,搜索,女装,女装-003,2,189,345.19,否
SO202503009,2025-10-02,16668,直播,男装,男装-020,2,299,545.37,否
SO202503696,2025-10-03,12780,推荐,美妆,美妆-020,1,479,414.74,否
SO202503877,2025-10-03,13679,直播,美妆,美妆-002,3,369,1104.24,否
SO202504077,2025-10-03,17925,直播,家居,家居-004,1,59,58.51,否
SO202503679,2025-10-03,16391,搜索,美妆,美妆-003,2,119,205.57,否
SO202500613,2025-10-03,17704,推荐,女装,女装-021,2,269,495.25,否
SO202502259,2025-10-03,16863,直播,家居,家居-005,1,59,51.45,否
SO202504659,2025-10-03,14793,直播,男装,男装-005,1,269,232.83,否
SO202501396,2025-10-03,16541,直播,女装,女装-001,1,169,164.93,否
SO202502282,2025-10-03,16856,直播,女装,女装-021,1,269,257.71,否
SO202502581,2025-10-03,15688,社群,美妆,美妆-003,3,119,307.73,否
SO202502425,2025-10-03,11613,社群,女装,女装-022,1,269,258.51,否
SO202502872,2025-10-04,15749,推荐,男装,男装-014,1,149,143.56,否
SO202500460,2025-10-04,15859,搜索,男装,男装-021,2,349,694.03,否
SO202500817,2025-10-04,15757,推荐,女装,女装-003,2,189,328.23,否
SO202500938,2025-10-04,12106,搜索,数码,数码-007,1,1359,1238.81,否
SO202504178,2025-10-04,16137,社群,女装,女装-021,1,269,257.41,否
SO202500254,2025-10-04,16196,推荐,男装,男装-005,1,269,238.63,否
SO202503659,2025-10-04,10961,直播,家居,家居-007,2,199,367.69,否
SO202500384,2025-10-04,14887,推荐,美妆,美妆-003,1,119,103.02,否
SO202500273,2025-10-04,15065,推荐,女装,女装-032,1,309,268.78,否
SO202500420,2025-10-04,11016,搜索,女装,女装-021,1,269,248.27,否
SO202503809,2025-10-04,14758,推荐,美妆,美妆-001,1,129,126.31,否
SO202500920,2025-10-04,12945,搜索,美妆,美妆-001,2,129,255.61,否
SO202500619,2025-10-04,16413,推荐,女装,女装-021,3,269,753.47,否
SO202501023,2025-10-04,17690,搜索,女装,女装-034,2,259,448.48,否
SO202503708,2025-10-04,14706,搜索,美妆,美妆-015,1,199,189.5,否
SO202501172,2025-10-05,14214,社群,家居,家居-005,1,59,56.45,否
SO202503030,2025-10-05,13254,直播,女装,女装-021,3,269,798.92,否
SO202500503,2025-10-05,11679,推荐,女装,女装-005,3,269,689.46,否
SO202501193,2025-10-05,15139,直播,美妆,美妆-016,1,279,237.37,否
SO202503110,2025-10-05,11284,社群,女装,女装-032,3,309,847.55,否
SO202500388,2025-10-05,12236,直播,男装,男装-006,1,199,171.48,否
SO202500044,2025-10-05,15538,直播,美妆,美妆-001,1,129,125.26,否
SO202504361,2025-10-05,14940,搜索,女装,女装-001,3,169,471.61,否
SO202502175,2025-10-05,16316,社群,男装,男装-007,1,129,121.59,否
SO202503685,2025-10-05,10178,直播,美妆,美妆-011,1,129,125.68,否
SO202501486,2025-10-05,11764,推荐,女装,女装-032,1,309,286.72,否
SO202500858,2025-10-05,17762,搜索,女装,女装-001,1,169,145.59,否
SO202500331,2025-10-05,16206,搜索,家居,家居-006,1,109,93.8,否
SO202503681,2025-10-05,10400,搜索,美妆,美妆-007,1,159,136.52,否
SO202502553,2025-10-05,13839,社群,家居,家居-007,1,199,182.93,否
SO202503100,2025-10-05,12311,社群,家居,家居-007,1,199,174.93,否
SO202500349,2025-10-06,15216,直播,男装,男装-007,1,129,115.26,否
SO202501250,2025-10-06,13411,直播,男装,男装-025,3,169,456.93,否
SO202501626,2025-10-06,15026,搜索,女装,女装-025,1,159,148.45,否
SO202502199,2025-10-06,11920,搜索,美妆,美妆-018,1,489,471.7,否
SO202504461,2025-10-06,13512,搜索,男装,男装-006,2,199,383.95,否
SO202502146,2025-10-06,16322,社群,家居,家居-005,3,59,166.09,否
SO202500330,2025-10-06,13682,推荐,女装,女装-032,1,309,266.12,否
SO202500151,2025-10-06,13068,推荐,美妆,美妆-010,1,389,335.09,否
SO202504418,2025-10-06,12820,搜索,美妆,美妆-018,1,489,469.02,否
SO202502176,2025-10-06,10339,直播,男装,男装-018,3,159,419.82,否
SO202502015,2025-10-07,11418,推荐,女装,女装-017,2,149,262.84,否
SO202503547,2025-10-07,10292,社群,男装,男装-019,2,189,347.19,否
SO202503483,2025-10-07,11961,直播,女装,女装-013,2,249,478.31,否
SO202503554,2025-10-07,11156,推荐,美妆,美妆-010,1,389,356.99,否
SO202500143,2025-10-07,16967,搜索,美妆,美妆-014,1,239,234.24,否
SO202503888,2025-10-07,12278,搜索,家居,家居-010,3,179,536.24,否
SO202504921,2025-10-07,10227,搜索,女装,女装-021,3,269,771.82,否
SO202503902,2025-10-07,15674,社群,美妆,美妆-016,3,279,804.69,否
SO202503929,2025-10-07,15847,搜索,女装,女装-023,1,169,148.63,否
SO202502485,2025-10-07,14702,直播,女装,女装-014,1,259,248.32,否
SO202502524,2025-10-07,12469,推荐,美妆,美妆-014,2,239,425.98,否
SO202503238,2025-10-07,15560,推荐,数码,数码-007,2,1359,2595.26,否
SO202500940,2025-10-07,17217,搜索,男装,男装-020,2,299,531.41,否
SO202501751,2025-10-07,13425,社群,男装,男装-006,1,199,189.03,否
SO202503059,2025-10-08,11795,直播,男装,男装-020,1,299,284.32,否
SO202500289,2025-10-08,14919,推荐,美妆,美妆-018,2,489,836.82,否
SO202501078,2025-10-08,12861,搜索,女装,女装-031,1,189,176.65,否
SO202504021,2025-10-08,10657,推荐,美妆,美妆-015,1,199,190.07,否
SO202500243,2025-10-08,17602,搜索,女装,女装-001,1,169,159.5,否
SO202502273,2025-10-08,14310,搜索,女装,女装-022,1,269,249.42,否
SO202500639,2025-10-08,17429,直播,男装,男装-015,1,149,141.41,否
SO202504963,2025-10-08,15052,搜索,美妆,美妆-010,1,389,374.59,否
SO202503347,2025-10-08,14894,搜索,数码,数码-002,1,859,827.34,否
SO202502506,2025-10-08,12347,直播,美妆,美妆-015,1,199,170.28,否
SO202501711,2025-10-08,11657,直播,女装,女装-021,1,269,238.34,否
SO202500821,2025-10-09,16760,直播,美妆,美妆-015,1,199,169.45,否
SO202501344,2025-10-09,11843,搜索,美妆,美妆-001,1,129,109.72,否
SO202504908,2025-10-09,16678,社群,美妆,美妆-014,2,239,471.62,否
SO202501391,2025-10-09,17256,搜索,家居,家居-004,3,59,174.15,否
SO202501118,2025-10-09,15028,推荐,女装,女装-029,3,129,358.65,否
SO202504913,2025-10-09,15171,推荐,女装,女装-032,1,309,275.26,否
SO202504914,2025-10-09,15891,直播,美妆,美妆-016,3,279,829.1,否
SO202501976,2025-10-09,13215,直播,男装,男装-022,1,229,228.51,否
SO202500675,2025-10-09,15038,搜索,女装,女装-032,2,309,603.21,否
SO202504890,2025-10-09,14685,搜索,女装,女装-025,1,159,148.94,否
SO202501305,2025-10-09,12877,推荐,女装,女装-021,2,269,515.45,否
SO202500755,2025-10-09,17992,直播,女装,女装-015,1,119,111.41,否
SO202504987,2025-10-09,12465,直播,家居,家居-007,3,199,551.9,否
SO202503514,2025-10-09,15480,推荐,女装,女装-022,1,269,232.15,否
SO202503321,2025-10-09,12614,推荐,美妆,美妆-011,2,129,219.63,否
SO202504548,2025-10-09,15337,搜索,数码,数码-010,1,2029,1733.47,否
SO202500194,2025-10-09,13729,搜索,家居,家居-007,1,199,176.04,否
SO202503124,2025-10-09,15079,直播,女装,女装-032,1,309,296.92,否
SO202502253,2025-10-10,14940,搜索,女装,女装-031,2,189,354.22,否
SO202502861,2025-10-10,10824,搜索,美妆,美妆-010,1,389,375.09,否
SO202501221,2025-10-10,10823,社群,美妆,美妆-007,1,159,149.33,否
SO202503816,2025-10-10,12532,直播,美妆,美妆-018,1,489,427.97,否
SO202502853,2025-10-10,11193,推荐,女装,女装-003,2,189,355.05,否
SO202500798,2025-10-10,10006,直播,男装,男装-006,1,199,192.49,否
SO202501866,2025-10-10,12125,推荐,家居,家居-007,1,199,170.45,否
SO202500772,2025-10-10,17456,直播,男装,男装-020,3,299,815.54,否
SO202502548,2025-10-10,14153,直播,数码,数码-007,3,1359,3643.91,否
SO202502342,2025-10-10,17110,直播,女装,女装-004,3,99,262.83,否
SO202500464,2025-10-10,10376,搜索,男装,男装-013,1,319,307.19,否
SO202503098,2025-10-10,12319,搜索,数码,数码-010,3,2029,5449.77,否
SO202502664,2025-10-11,17329,推荐,数码,数码-003,2,1699,3069.38,否
SO202504130,2025-10-11,12978,搜索,男装,男装-005,1,269,244.69,否
SO202500701,2025-10-11,11267,搜索,女装,女装-034,3,259,706.45,否
SO202502846,2025-10-11,11812,搜索,女装,女装-014,2,259,454.05,是
SO202500881,2025-10-11,14211,推荐,美妆,美妆-007,1,159,153.09,否
SO202503870,2025-10-11,16911,直播,美妆,美妆-002,1,369,317.53,否
SO202500610,2025-10-11,15198,推荐,男装,男装-006,2,199,347.33,否
SO202504661,2025-10-11,16115,搜索,男装,男装-014,2,149,296.17,否
SO202503149,2025-10-11,10078,社群,男装,男装-006,3,199,578.41,否
SO202500248,2025-10-11,16792,推荐,男装,男装-020,1,299,280.01,否
SO202500179,2025-10-11,14476,搜索,家居,家居-010,2,179,333.13,否
SO202503550,2025-10-11,11928,直播,女装,女装-032,1,309,286.03,否
SO202501038,2025-10-11,16091,搜索,男装,男装-019,2,189,364.29,是
SO202504281,2025-10-11,11370,搜索,女装,女装-032,1,309,286.22,否
SO202503544,2025-10-11,10454,社群,美妆,美妆-015,2,199,361.21,否
SO202504618,2025-10-11,10710,搜索,家居,家居-011,3,119,319.8,否
SO202502138,2025-10-11,11887,社群,男装,男装-012,1,139,136.25,否
SO202504444,2025-10-12,13922,搜索,女装,女装-005,1,269,232.36,否
SO202503322,2025-10-12,15208,直播,家居,家居-001,3,39,106.32,否
SO202502722,2025-10-12,17597,直播,男装,男装-005,2,269,459.49,否
SO202501389,2025-10-12,13610,推荐,女装,女装-021,1,269,249.22,否
SO202504923,2025-10-12,13704,直播,男装,男装-006,1,199,176.86,否
SO202502658,2025-10-12,13332,直播,男装,男装-005,1,269,231.1,否
SO202503145,2025-10-12,11324,搜索,美妆,美妆-018,2,489,960.19,否
SO202504704,2025-10-12,14940,社群,女装,女装-022,1,269,256.05,否
SO202500561,2025-10-12,16680,推荐,美妆,美妆-001,1,129,110.38,否
SO202502245,2025-10-12,17228,搜索,女装,女装-022,3,269,793.51,否
SO202502110,2025-10-12,17603,直播,女装,女装-032,1,309,284.18,否
SO202503257,2025-10-12,17704,推荐,男装,男装-015,2,149,277.5,否
SO202504052,2025-10-12,15552,搜索,女装,女装-033,2,289,498.47,否
SO202503927,2025-10-12,15563,推荐,美妆,美妆-002,1,369,327.16,否
SO202502372,2025-10-12,17193,推荐,女装,女装-003,1,189,178.23,否
SO202503560,2025-10-12,11784,搜索,数码,数码-002,1,859,815.0,否
SO202503273,2025-10-13,13192,推荐,家居,家居-014,1,59,51.48,否
SO202504283,2025-10-13,15935,直播,男装,男装-001,1,329,303.85,否
SO202501619,2025-10-13,14216,推荐,女装,女装-032,1,309,305.73,否
SO202504927,2025-10-13,10078,直播,家居,家居-014,2,59,109.76,否
SO202503527,2025-10-13,15463,搜索,美妆,美妆-017,1,359,328.85,否
SO202502378,2025-10-13,15636,推荐,女装,女装-031,3,189,514.29,否
SO202503475,2025-10-13,17564,直播,男装,男装-022,2,229,422.06,否
SO202501476,2025-10-13,16927,搜索,男装,男装-006,1,199,171.82,否
SO202502227,2025-10-13,15057,社群,女装,女装-022,1,269,255.46,否
SO202504782,2025-10-13,10097,直播,美妆,美妆-014,1,239,231.61,否
SO202501974,2025-10-13,15716,搜索,家居,家居-005,3,59,155.65,是
SO202503359,2025-10-13,17929,直播,美妆,美妆-017,1,359,356.52,否
SO202503834,2025-10-13,17430,直播,家居,家居-014,1,59,58.3,否
SO202501507,2025-10-13,13348,直播,女装,女装-015,3,119,329.35,否
SO202502479,2025-10-13,16561,搜索,美妆,美妆-007,2,159,283.27,否
SO202502331,2025-10-13,17586,搜索,美妆,美妆-018,1,489,451.21,否
SO202501377,2025-10-13,14448,社群,家居,家居-007,2,199,343.92,否
SO202503938,2025-10-13,14702,搜索,美妆,美妆-001,1,129,116.18,否
SO202504260,2025-10-13,16841,直播,数码,数码-008,1,1259,1250.75,否
SO202502053,2025-10-13,13174,直播,美妆,美妆-001,1,129,128.61,否
SO202501456,2025-10-13,12105,推荐,数码,数码-005,2,2639,5141.86,否
SO202503401,2025-10-13,16502,搜索,女装,女装-021,1,269,245.99,否
SO202500139,2025-10-14,15516,搜索,美妆,美妆-010,1,389,387.78,否
SO202500110,2025-10-14,16623,推荐,女装,女装-014,1,259,239.03,否
SO202503118,2025-10-14,12821,搜索,美妆,美妆-011,2,129,238.08,否
SO202503792,2025-10-14,17582,推荐,美妆,美妆-003,1,119,110.19,否
SO202504732,2025-10-14,17743,直播,女装,女装-032,2,309,532.58,否
SO202501867,2025-10-14,17540,搜索,美妆,美妆-007,2,159,299.75,否
SO202501951,2025-10-14,14108,社群,美妆,美妆-001,2,129,250.85,否
SO202501882,2025-10-14,10231,直播,美妆,美妆-011,3,129,361.85,否
SO202503579,2025-10-14,16244,直播,美妆,美妆-007,3,159,457.25,否
SO202500383,2025-10-14,10774,搜索,男装,男装-008,1,299,296.01,否
SO202500529,2025-10-14,12454,社群,家居,家居-015,2,179,307.1,否
SO202502445,2025-10-14,14657,推荐,美妆,美妆-018,3,489,1316.62,否
SO202503001,2025-10-14,16538,社群,男装,男装-006,1,199,186.45,否
SO202503615,2025-10-15,17451,直播,美妆,美妆-016,1,279,242.58,否
SO202503092,2025-10-15,12121,推荐,女装,女装-035,1,289,256.57,否
SO202503217,2025-10-15,12454,直播,家居,家居-004,1,59,58.47,否
SO202503576,2025-10-15,11795,推荐,女装,女装-022,2,269,458.0,否
SO202503697,2025-10-15,12076,搜索,女装,女装-032,2,309,602.69,否
SO202503433,2025-10-15,11554,推荐,男装,男装-025,2,169,314.49,否
SO202501742,2025-10-15,13914,直播,男装,男装-025,2,169,319.84,否
SO202502595,2025-10-15,15810,搜索,家居,家居-004,2,59,102.66,否
SO202500537,2025-10-15,15213,推荐,男装,男装-008,1,299,256.82,否
SO202502986,2025-10-15,16035,搜索,美妆,美妆-001,1,129,120.1,否
SO202502589,2025-10-15,15384,直播,女装,女装-027,1,149,138.18,否
SO202503498,2025-10-15,16303,推荐,女装,女装-001,2,169,316.29,否
SO202501596,2025-10-15,14153,社群,女装,女装-030,1,109,105.23,否
SO202502022,2025-10-16,17112,搜索,女装,女装-030,2,109,211.74,否
SO202503983,2025-10-16,14359,搜索,男装,男装-015,2,149,259.11,否
SO202501352,2025-10-16,17278,直播,美妆,美妆-015,3,199,544.31,否
SO202504617,2025-10-16,14382,搜索,女装,女装-016,3,289,755.88,否
SO202501621,2025-10-16,17685,直播,女装,女装-014,1,259,227.33,否
SO202501171,2025-10-16,16977,搜索,女装,女装-005,2,269,526.71,否
SO202504007,2025-10-16,12844,社群,女装,女装-021,1,269,229.33,否
SO202500390,2025-10-16,13190,搜索,女装,女装-021,3,269,720.78,否
SO202503409,2025-10-16,10490,社群,美妆,美妆-018,3,489,1272.95,否
SO202504574,2025-10-16,12112,直播,男装,男装-006,1,199,172.37,否
SO202504061,2025-10-17,10219,搜索,女装,女装-001,1,169,160.56,否
SO202500831,2025-10-17,16917,直播,女装,女装-032,1,309,303.48,否
SO202503352,2025-10-17,16127,直播,女装,女装-033,3,289,781.58,否
SO202500554,2025-10-17,15613,搜索,女装,女装-021,1,269,250.2,否
SO202502994,2025-10-17,13806,直播,女装,女装-001,2,169,295.01,否
SO202503537,2025-10-17,10168,搜索,女装,女装-021,2,269,527.95,否
SO202504426,2025-10-17,11607,社群,家居,家居-007,1,199,169.71,否
SO202504694,2025-10-17,15677,搜索,美妆,美妆-010,3,389,1015.41,否
SO202503099,2025-10-17,10758,社群,家居,家居-005,1,59,58.54,否
SO202503081,2025-10-17,14921,推荐,美妆,美妆-015,1,199,191.08,否
SO202501335,2025-10-17,11913,搜索,男装,男装-014,3,149,426.22,否
SO202504812,2025-10-17,12589,搜索,女装,女装-033,1,289,251.12,否
SO202502924,2025-10-17,14021,推荐,男装,男装-006,2,199,397.26,否
SO202503854,2025-10-17,16834,直播,女装,女装-006,2,289,546.1,否
SO202500078,2025-10-17,16257,搜索,男装,男装-020,2,299,511.85,否
SO202504684,2025-10-17,11570,直播,男装,男装-006,2,199,356.11,否
SO202500192,2025-10-18,17022,搜索,男装,男装-025,3,169,470.79,否
SO202501421,2025-10-18,15239,社群,美妆,美妆-003,1,119,101.52,是
SO202500868,2025-10-18,14044,搜索,男装,男装-022,2,229,408.97,否
SO202500771,2025-10-18,10122,社群,男装,男装-020,1,299,256.58,否
SO202502229,2025-10-18,10144,直播,美妆,美妆-016,2,279,496.01,否
SO202502231,2025-10-18,10537,推荐,男装,男装-006,2,199,352.97,否
SO202501921,2025-10-18,15233,直播,女装,女装-005,3,269,761.47,否
SO202504433,2025-10-18,10192,推荐,美妆,美妆-015,2,199,379.2,否
SO202502304,2025-10-18,17386,直播,男装,男装-020,1,299,287.45,否
SO202501479,2025-10-18,11116,搜索,男装,男装-015,2,149,271.1,否
SO202501053,2025-10-18,17388,直播,女装,女装-021,1,269,241.48,否
SO202504785,2025-10-18,11201,直播,数码,数码-008,3,1259,3282.0,否
SO202500989,2025-10-18,14583,直播,数码,数码-008,1,1259,1111.38,否
SO202500095,2025-10-18,11668,直播,男装,男装-001,2,329,630.11,否
SO202501045,2025-10-18,14566,直播,男装,男装-006,1,199,191.12,否
SO202500104,2025-10-18,13487,推荐,美妆,美妆-015,1,199,182.88,否
SO202504279,2025-10-18,14750,社群,男装,男装-012,1,139,136.43,否
SO202504123,2025-10-19,10503,搜索,女装,女装-030,1,109,100.39,否
SO202500789,2025-10-19,17586,直播,男装,男装-006,1,199,176.89,否
SO202504555,2025-10-19,14935,直播,美妆,美妆-001,3,129,360.74,是
SO202500004,2025-10-19,14986,搜索,家居,家居-007,2,199,365.98,否
SO202503871,2025-10-19,11387,直播,女装,女装-021,1,269,249.24,否
SO202502049,2025-10-19,15136,社群,数码,数码-005,1,2639,2416.0,否
SO202500549,2025-10-19,16808,搜索,女装,女装-026,1,209,197.7,否
SO202504629,2025-10-19,11541,搜索,男装,男装-014,3,149,424.4,否
SO202503366,2025-10-19,11595,搜索,男装,男装-006,2,199,375.0,是
SO202501382,2025-10-19,15420,搜索,美妆,美妆-001,1,129,121.19,否
SO202501876,2025-10-19,12047,直播,女装,女装-032,1,309,286.31,否
SO202500296,2025-10-19,13135,搜索,女装,女装-011,1,159,136.6,否
SO202502515,2025-10-19,12408,直播,美妆,美妆-015,2,199,347.08,否
SO202501440,2025-10-19,11267,推荐,美妆,美妆-003,1,119,110.69,否
SO202501320,2025-10-20,11073,直播,男装,男装-019,3,189,514.91,否
SO202501062,2025-10-20,12606,社群,家居,家居-005,2,59,111.39,否
SO202504189,2025-10-20,11681,推荐,女装,女装-034,1,259,235.33,否
SO202504207,2025-10-20,10538,直播,女装,女装-021,1,269,265.35,否
SO202503120,2025-10-20,10501,搜索,女装,女装-022,1,269,259.78,否
SO202503597,2025-10-20,17956,搜索,女装,女装-031,1,189,170.8,否
SO202502714,2025-10-20,16554,搜索,美妆,美妆-011,1,129,123.29,否
SO202504399,2025-10-20,10829,搜索,女装,女装-031,2,189,371.12,否
SO202501891,2025-10-20,14820,搜索,美妆,美妆-015,1,199,184.53,否
SO202504419,2025-10-20,12014,直播,美妆,美妆-015,1,199,195.43,否
SO202501212,2025-10-20,17236,直播,女装,女装-033,2,289,541.43,否
SO202504936,2025-10-21,16763,搜索,男装,男装-012,1,139,126.41,否
SO202501015,2025-10-21,15065,直播,美妆,美妆-007,2,159,288.85,否
SO202502755,2025-10-21,10048,直播,女装,女装-032,1,309,281.06,否
SO202500924,2025-10-21,12215,社群,男装,男装-019,1,189,166.11,否
SO202503332,2025-10-21,16018,社群,美妆,美妆-006,2,319,631.77,否
SO202504335,2025-10-21,12135,搜索,美妆,美妆-010,3,389,1018.07,否
SO202504432,2025-10-21,10128,直播,女装,女装-034,2,259,462.35,否
SO202502711,2025-10-21,17227,社群,女装,女装-014,3,259,694.32,否
SO202502397,2025-10-21,11085,社群,数码,数码-008,1,1259,1077.4,否
SO202503129,2025-10-21,14387,推荐,家居,家居-007,1,199,177.06,否
SO202501856,2025-10-21,10853,推荐,美妆,美妆-001,1,129,112.34,否
SO202503967,2025-10-22,10048,直播,女装,女装-022,1,269,257.37,否
SO202502665,2025-10-22,16570,搜索,女装,女装-021,2,269,510.23,否
SO202500871,2025-10-22,10029,社群,女装,女装-025,1,159,141.41,否
SO202502432,2025-10-22,13084,直播,美妆,美妆-011,1,129,115.5,否
SO202500209,2025-10-22,10435,搜索,美妆,美妆-017,1,359,310.09,否
SO202504530,2025-10-22,13937,搜索,男装,男装-005,2,269,466.71,否
SO202500077,2025-10-22,11175,推荐,家居,家居-004,1,59,57.47,否
SO202502584,2025-10-22,17462,搜索,女装,女装-014,1,259,226.16,否
SO202502433,2025-10-22,15891,直播,美妆,美妆-003,1,119,102.49,是
SO202502540,2025-10-22,16291,直播,女装,女装-001,1,169,166.71,否
SO202504505,2025-10-22,13411,直播,美妆,美妆-015,1,199,189.1,否
SO202504211,2025-10-22,14704,搜索,女装,女装-022,1,269,247.54,否
SO202504709,2025-10-22,12855,搜索,女装,女装-005,2,269,517.54,否
SO202502600,2025-10-22,15003,搜索,男装,男装-006,2,199,340.11,否
SO202504801,2025-10-22,12226,直播,女装,女装-032,2,309,597.92,否
SO202504744,2025-10-22,11605,社群,女装,女装-035,3,289,757.58,否
SO202501574,2025-10-22,17193,直播,男装,男装-014,1,149,133.19,否
SO202501327,2025-10-22,15587,搜索,美妆,美妆-014,1,239,220.53,是
SO202503532,2025-10-22,10045,推荐,家居,家居-007,2,199,368.25,否
SO202502823,2025-10-22,16853,直播,女装,女装-001,2,169,290.91,否
SO202500240,2025-10-22,16899,直播,女装,女装-035,1,289,285.0,否
SO202504981,2025-10-23,13357,搜索,美妆,美妆-001,1,129,110.97,否
SO202501503,2025-10-23,16790,直播,家居,家居-001,2,39,72.31,否
SO202500694,2025-10-23,11364,直播,男装,男装-006,2,199,379.58,否
SO202501429,2025-10-23,10905,搜索,男装,男装-006,1,199,193.95,否
SO202500323,2025-10-23,10894,社群,女装,女装-005,3,269,773.96,否
SO202501194,2025-10-23,16737,推荐,家居,家居-010,1,179,177.92,否
SO202504900,2025-10-23,11000,直播,男装,男装-005,2,269,498.24,是
SO202501942,2025-10-23,13203,搜索,美妆,美妆-015,1,199,170.02,否
SO202504479,2025-10-23,14226,直播,男装,男装-015,2,149,264.36,否
SO202501821,2025-10-23,11733,直播,男装,男装-020,1,299,264.5,是
SO202503862,2025-10-23,12735,推荐,美妆,美妆-014,1,239,214.16,否
SO202500895,2025-10-23,14193,直播,女装,女装-016,1,289,246.12,否
SO202502747,2025-10-23,14232,社群,女装,女装-014,1,259,254.25,否
SO202502750,2025-10-23,11952,搜索,美妆,美妆-017,3,359,1022.65,否
SO202500381,2025-10-24,17264,搜索,美妆,美妆-003,1,119,104.98,否
SO202501005,2025-10-24,12621,直播,男装,男装-006,1,199,187.27,否
SO202500234,2025-10-24,13523,搜索,女装,女装-005,2,269,530.82,否
SO202502796,2025-10-24,15001,社群,男装,男装-020,1,299,258.65,否
SO202503178,2025-10-24,13733,推荐,家居,家居-006,1,109,104.25,否
SO202504701,2025-10-24,17486,搜索,美妆,美妆-015,2,199,382.56,否
SO202504323,2025-10-24,13544,搜索,美妆,美妆-011,1,129,116.51,否
SO202500518,2025-10-24,16898,直播,女装,女装-022,2,269,529.31,是
SO202503941,2025-10-25,11573,搜索,女装,女装-035,2,289,566.21,否
SO202504633,2025-10-25,15342,搜索,女装,女装-035,2,289,559.03,否
SO202504610,2025-10-25,17692,搜索,女装,女装-034,2,259,478.23,否
SO202502207,2025-10-25,17879,推荐,美妆,美妆-011,3,129,359.35,否
SO202500766,2025-10-25,12082,直播,家居,家居-015,1,179,158.35,否
SO202502052,2025-10-25,14731,直播,女装,女装-035,1,289,248.48,是
SO202502879,2025-10-25,15433,搜索,女装,女装-001,1,169,144.93,否
SO202504084,2025-10-25,11632,社群,美妆,美妆-017,2,359,713.65,否
SO202501012,2025-10-25,17274,直播,美妆,美妆-015,1,199,188.63,否
SO202501443,2025-10-25,14401,推荐,女装,女装-031,2,189,323.79,否
SO202502516,2025-10-25,14103,直播,美妆,美妆-011,3,129,343.01,否
SO202500121,2025-10-25,12419,直播,女装,女装-021,1,269,231.4,否
SO202504814,2025-10-25,16837,搜索,女装,女装-032,1,309,308.8,否
SO202501632,2025-10-25,15063,直播,女装,女装-001,1,169,150.57,否
SO202503286,2025-10-25,14383,社群,女装,女装-031,3,189,532.3,否
SO202501523,2025-10-26,16876,推荐,美妆,美妆-007,1,159,157.32,否
SO202501249,2025-10-26,15811,社群,美妆,美妆-015,1,199,183.38,否
SO202501174,2025-10-26,17453,直播,美妆,美妆-004,1,289,270.0,否
SO202502975,2025-10-26,13273,直播,美妆,美妆-001,1,129,110.46,否
SO202504002,2025-10-26,13923,推荐,美妆,美妆-016,1,279,239.2,否
SO202504452,2025-10-26,11099,搜索,美妆,美妆-011,3,129,365.07,是
SO202504455,2025-10-26,13282,直播,女装,女装-032,1,309,307.53,否
SO202501656,2025-10-26,10583,推荐,美妆,美妆-017,1,359,309.55,否
SO202504467,2025-10-26,15204,搜索,女装,女装-032,1,309,280.09,否
SO202501808,2025-10-26,11130,搜索,男装,男装-005,2,269,522.42,否
SO202500930,2025-10-26,11700,搜索,女装,女装-011,1,159,147.13,是
SO202502153,2025-10-26,12769,推荐,数码,数码-010,1,2029,1942.56,否
SO202500952,2025-10-26,17949,搜索,女装,女装-027,3,149,394.59,否
SO202502934,2025-10-26,14986,搜索,美妆,美妆-001,1,129,119.53,否
SO202502499,2025-10-26,11734,搜索,美妆,美妆-007,3,159,434.78,否
SO202500612,2025-10-26,16035,搜索,女装,女装-025,2,159,279.91,否
SO202500165,2025-10-26,16837,搜索,女装,女装-023,1,169,155.37,否
SO202500896,2025-10-27,11561,搜索,女装,女装-005,1,269,259.49,否
SO202504561,2025-10-27,11480,直播,美妆,美妆-003,2,119,228.2,否
SO202502799,2025-10-27,14401,搜索,美妆,美妆-015,3,199,563.22,否
SO202502864,2025-10-27,10209,推荐,男装,男装-006,1,199,172.64,否
SO202502186,2025-10-27,12078,直播,美妆,美妆-001,3,129,351.45,否
SO202503721,2025-10-27,10888,搜索,数码,数码-007,1,1359,1326.28,否
SO202504803,2025-10-27,12567,搜索,美妆,美妆-001,2,129,224.21,否
SO202501777,2025-10-27,13098,搜索,家居,家居-005,1,59,52.59,否
SO202504463,2025-10-27,13517,推荐,女装,女装-022,1,269,250.64,否
SO202502691,2025-10-28,13971,直播,女装,女装-021,2,269,517.48,否
SO202504360,2025-10-28,13107,社群,美妆,美妆-007,1,159,154.89,否
SO202501878,2025-10-28,15735,社群,女装,女装-021,3,269,774.56,否
SO202502803,2025-10-28,13426,社群,家居,家居-014,1,59,58.56,是
SO202504998,2025-10-28,13198,推荐,女装,女装-032,3,309,904.01,否
SO202503132,2025-10-28,13262,社群,女装,女装-025,2,159,302.13,否
SO202501087,2025-10-28,17206,直播,美妆,美妆-003,1,119,117.96,否
SO202503068,2025-10-28,15111,推荐,美妆,美妆-018,3,489,1337.94,否
SO202500233,2025-10-28,13381,搜索,男装,男装-003,1,189,167.2,否
SO202504560,2025-10-28,12121,社群,美妆,美妆-001,1,129,127.92,否
SO202504192,2025-10-28,10270,社群,美妆,美妆-014,1,239,215.44,否
SO202503594,2025-10-28,12146,搜索,美妆,美妆-015,1,199,192.2,否
SO202501517,2025-10-29,15932,直播,男装,男装-008,1,299,274.93,否
SO202502673,2025-10-29,10653,直播,数码,数码-008,1,1259,1172.83,否
SO202501729,2025-10-29,13839,搜索,美妆,美妆-011,2,129,230.03,否
SO202501581,2025-10-29,17849,社群,女装,女装-035,2,289,511.15,否
SO202503982,2025-10-29,16836,推荐,数码,数码-005,3,2639,7690.61,否
SO202503247,2025-10-29,12736,直播,女装,女装-014,1,259,225.0,否
SO202503266,2025-10-29,16973,搜索,女装,女装-032,1,309,286.29,否
SO202501371,2025-10-29,12105,推荐,男装,男装-025,1,169,164.69,否
SO202502188,2025-10-29,12612,直播,美妆,美妆-014,1,239,234.61,否
SO202504406,2025-10-29,15598,直播,家居,家居-006,1,109,97.53,否
SO202504646,2025-10-30,13571,推荐,家居,家居-013,2,39,67.6,否
SO202501144,2025-10-30,10351,直播,女装,女装-014,1,259,227.02,否
SO202500422,2025-10-30,16131,直播,美妆,美妆-001,1,129,120.99,否
SO202503242,2025-10-30,13263,直播,男装,男装-014,1,149,140.8,否
SO202502984,2025-10-30,10745,直播,美妆,美妆-011,1,129,117.22,否
SO202502831,2025-10-30,17300,直播,男装,男装-020,3,299,856.72,否
SO202500879,2025-10-30,14004,直播,美妆,美妆-007,2,159,284.39,是
SO202503343,2025-10-30,14073,社群,美妆,美妆-010,1,389,350.44,否
SO202503304,2025-10-30,12845,搜索,女装,女装-027,1,149,142.9,否
SO202501238,2025-10-31,14356,搜索,美妆,美妆-015,2,199,355.3,否
SO202503995,2025-10-31,12836,直播,数码,数码-010,1,2029,1784.95,否
SO202502822,2025-10-31,13417,搜索,男装,男装-002,3,239,649.48,否
SO202500057,2025-10-31,14173,搜索,女装,女装-003,1,189,174.52,否
SO202501710,2025-10-31,17694,社群,男装,男装-014,3,149,409.01,否
SO202500379,2025-10-31,10847,直播,男装,男装-007,1,129,110.28,否
SO202502859,2025-10-31,17710,搜索,美妆,美妆-001,2,129,235.26,否
SO202500851,2025-10-31,10020,直播,男装,男装-008,1,299,274.9,否
SO202504695,2025-10-31,13215,直播,女装,女装-020,3,179,488.85,否
SO202502641,2025-10-31,10995,社群,美妆,美妆-016,2,279,504.35,否
SO202500471,2025-10-31,13515,搜索,美妆,美妆-001,1,129,124.5,否
SO202504252,2025-10-31,17784,直播,女装,女装-014,3,259,682.75,否
SO202503770,2025-10-31,13806,直播,美妆,美妆-018,1,489,482.73,否
SO202502902,2025-10-31,13937,直播,美妆,美妆-007,2,159,280.02,否
SO202501151,2025-11-01,11431,推荐,家居,家居-007,1,199,176.95,否
SO202501995,2025-11-01,13522,搜索,女装,女装-005,1,269,231.97,否
SO202504980,2025-11-01,17863,搜索,男装,男装-014,3,149,418.13,否
SO202500488,2025-11-01,17758,搜索,家居,家居-011,1,119,111.1,否
SO202501222,2025-11-01,11819,推荐,美妆,美妆-019,1,199,171.2,否
SO202502929,2025-11-01,17622,推荐,女装,女装-013,1,249,223.87,否
SO202504446,2025-11-01,14485,搜索,数码,数码-008,1,1259,1106.79,否
SO202502184,2025-11-01,13787,推荐,家居,家居-004,2,59,103.06,否
SO202504350,2025-11-01,14945,搜索,美妆,美妆-007,1,159,156.09,否
SO202502058,2025-11-01,16772,搜索,美妆,美妆-011,1,129,112.57,否
SO202500298,2025-11-01,17464,直播,男装,男装-006,2,199,393.41,否
SO202502730,2025-11-01,10192,搜索,女装,女装-026,2,209,365.04,否
SO202501088,2025-11-01,14183,直播,家居,家居-014,3,59,151.37,否
SO202504387,2025-11-01,10166,搜索,家居,家居-004,1,59,55.38,否
SO202504502,2025-11-01,14044,搜索,美妆,美妆-003,2,119,205.67,否
SO202504375,2025-11-01,12799,搜索,美妆,美妆-011,2,129,237.82,否
SO202500101,2025-11-02,14846,直播,数码,数码-008,3,1259,3386.29,否
SO202500414,2025-11-02,17964,推荐,家居,家居-006,2,109,204.25,否
SO202504520,2025-11-02,13391,直播,男装,男装-020,3,299,771.07,否
SO202502073,2025-11-02,12538,直播,女装,女装-001,1,169,162.18,否
SO202501362,2025-11-02,16836,直播,女装,女装-032,1,309,281.14,否
SO202501792,2025-11-02,17050,推荐,女装,女装-035,2,289,576.6,否
SO202502627,2025-11-02,16568,直播,女装,女装-025,3,159,435.08,否
SO202503956,2025-11-02,17807,社群,美妆,美妆-007,2,159,282.3,否
SO202504941,2025-11-02,10389,推荐,家居,家居-015,1,179,163.13,否
SO202502393,2025-11-02,13397,搜索,女装,女装-021,1,269,249.47,否
SO202503017,2025-11-02,16257,社群,家居,家居-011,2,119,225.11,否
SO202502535,2025-11-02,11195,社群,女装,女装-032,1,309,294.16,否
SO202500863,2025-11-02,16175,推荐,美妆,美妆-010,1,389,351.64,否
SO202504172,2025-11-02,17644,搜索,女装,女装-032,1,309,304.31,否
SO202502330,2025-11-02,17888,搜索,女装,女装-031,2,189,361.66,否
SO202503698,2025-11-02,15139,直播,男装,男装-021,1,349,303.86,否
SO202501868,2025-11-02,11907,社群,美妆,美妆-010,2,389,689.64,否
SO202502027,2025-11-02,17232,推荐,家居,家居-009,1,199,171.21,否
SO202503977,2025-11-02,11017,搜索,男装,男装-020,3,299,796.4,否
SO202500272,2025-11-02,15699,搜索,美妆,美妆-005,2,369,719.85,否
SO202500107,2025-11-02,13260,推荐,数码,数码-003,3,1699,4882.32,否
SO202500935,2025-11-02,14955,推荐,女装,女装-003,1,189,164.42,否
SO202501774,2025-11-03,17464,直播,美妆,美妆-003,1,119,118.48,否
SO202502678,2025-11-03,10905,搜索,女装,女装-003,1,189,169.99,否
SO202504883,2025-11-03,12478,社群,女装,女装-031,3,189,532.29,否
SO202503337,2025-11-03,12614,搜索,女装,女装-034,1,259,234.58,否
SO202504526,2025-11-03,14494,推荐,美妆,美妆-007,2,159,284.59,否
SO202500659,2025-11-03,14812,直播,女装,女装-005,1,269,261.08,否
SO202502791,2025-11-03,14349,直播,女装,女装-014,1,259,238.71,否
SO202500480,2025-11-03,11326,推荐,男装,男装-007,2,129,229.59,否
SO202503003,2025-11-03,15422,搜索,男装,男装-008,1,299,297.31,否
SO202502539,2025-11-03,16549,搜索,美妆,美妆-003,1,119,113.94,否
SO202500617,2025-11-03,10758,推荐,数码,数码-008,1,1259,1196.33,否
SO202503479,2025-11-03,14919,推荐,女装,女装-005,1,269,267.8,否
SO202500302,2025-11-03,13282,推荐,美妆,美妆-011,1,129,111.85,否
SO202501886,2025-11-03,16824,直播,女装,女装-001,2,169,334.01,否
SO202503507,2025-11-04,10497,搜索,男装,男装-025,2,169,303.45,是
SO202500532,2025-11-04,14372,直播,男装,男装-008,2,299,538.35,否
SO202503605,2025-11-04,13255,社群,美妆,美妆-001,3,129,360.05,否
SO202502618,2025-11-04,15180,搜索,美妆,美妆-007,2,159,303.25,否
SO202504514,2025-11-04,11244,直播,男装,男装-025,1,169,153.5,否
SO202502544,2025-11-04,10257,推荐,家居,家居-011,1,119,110.31,否
SO202504706,2025-11-04,16164,搜索,男装,男装-015,3,149,390.34,否
SO202503106,2025-11-04,17246,直播,女装,女装-031,1,189,166.34,否
SO202501149,2025-11-04,15763,直播,女装,女装-034,2,259,495.66,否
SO202504859,2025-11-04,17064,直播,美妆,美妆-003,2,119,207.81,否
SO202503959,2025-11-04,12203,社群,女装,女装-021,1,269,257.54,否
SO202500489,2025-11-05,15561,推荐,男装,男装-006,1,199,180.4,否
SO202503276,2025-11-05,10347,搜索,美妆,美妆-018,2,489,953.67,否
SO202500746,2025-11-05,16794,社群,女装,女装-005,2,269,466.65,否
SO202502224,2025-11-05,12920,搜索,美妆,美妆-018,2,489,898.96,否
SO202504464,2025-11-05,13138,搜索,女装,女装-022,1,269,237.27,否
SO202502684,2025-11-05,11959,直播,女装,女装-032,3,309,887.56,否
SO202503182,2025-11-05,16257,推荐,女装,女装-005,1,269,235.54,否
SO202503736,2025-11-06,15941,社群,美妆,美妆-016,1,279,257.62,否
SO202503819,2025-11-06,17982,推荐,家居,家居-014,1,59,57.23,否
SO202504689,2025-11-06,16376,搜索,女装,女装-001,1,169,153.19,是
SO202502575,2025-11-06,16582,直播,美妆,美妆-018,2,489,977.15,否
SO202502492,2025-11-06,15029,推荐,美妆,美妆-003,1,119,115.49,否
SO202502024,2025-11-06,11667,搜索,美妆,美妆-001,1,129,117.58,否
SO202501447,2025-11-06,17418,社群,美妆,美妆-018,1,489,482.8,是
SO202503268,2025-11-06,17201,社群,美妆,美妆-017,1,359,307.1,是
SO202502660,2025-11-06,13214,搜索,女装,女装-005,1,269,233.61,否
SO202502280,2025-11-07,10691,社群,男装,男装-020,2,299,590.83,否
SO202504721,2025-11-07,15396,搜索,女装,女装-035,3,289,771.97,否
SO202503067,2025-11-07,12067,社群,数码,数码-007,1,1359,1163.45,否
SO202504816,2025-11-07,11917,搜索,美妆,美妆-007,2,159,291.36,否
SO202500605,2025-11-07,14661,直播,美妆,美妆-017,2,359,690.8,否
SO202502217,2025-11-07,16470,搜索,家居,家居-004,1,59,52.36,否
SO202501378,2025-11-07,12650,直播,美妆,美妆-017,1,359,323.35,否
SO202500411,2025-11-07,15274,直播,女装,女装-032,2,309,577.8,否
SO202504477,2025-11-07,16922,推荐,美妆,美妆-001,2,129,254.15,否
SO202504973,2025-11-07,12580,直播,美妆,美妆-007,2,159,313.28,否
SO202504544,2025-11-07,16896,直播,女装,女装-021,2,269,488.74,否
SO202503311,2025-11-07,11443,社群,家居,家居-014,1,59,54.0,否
SO202503244,2025-11-08,10608,推荐,女装,女装-025,2,159,291.03,否
SO202500252,2025-11-08,13365,推荐,家居,家居-001,1,39,35.79,否
SO202503174,2025-11-08,16535,社群,美妆,美妆-003,3,119,327.61,否
SO202502883,2025-11-08,14062,直播,女装,女装-034,2,259,459.71,否
SO202500838,2025-11-08,11324,直播,家居,家居-004,1,59,54.61,否
SO202503549,2025-11-08,10813,直播,女装,女装-032,2,309,529.66,否
SO202501453,2025-11-08,11933,直播,数码,数码-001,2,2439,4793.37,否
SO202501043,2025-11-08,14080,直播,美妆,美妆-018,2,489,898.01,否
SO202501652,2025-11-08,13192,社群,女装,女装-014,2,259,477.31,否
SO202501671,2025-11-08,11692,推荐,男装,男装-005,3,269,691.64,否
SO202501979,2025-11-08,16326,搜索,女装,女装-021,1,269,266.4,否
SO202503744,2025-11-08,13072,搜索,美妆,美妆-018,2,489,886.65,否
SO202500652,2025-11-08,13827,推荐,家居,家居-007,2,199,340.47,否
SO202504625,2025-11-08,16082,直播,男装,男装-012,1,139,119.93,否
SO202500441,2025-11-08,13385,直播,家居,家居-007,1,199,191.58,否
SO202501086,2025-11-08,16809,社群,女装,女装-032,2,309,535.71,否
SO202504641,2025-11-08,13167,直播,女装,女装-031,1,189,183.66,否
SO202504132,2025-11-08,10238,搜索,女装,女装-032,3,309,922.18,否
SO202503857,2025-11-08,17107,搜索,家居,家居-007,1,199,187.15,否
SO202504145,2025-11-08,12990,搜索,男装,男装-019,1,189,172.2,否
SO202502475,2025-11-08,12532,直播,女装,女装-021,3,269,796.36,否
SO202501871,2025-11-08,15668,推荐,男装,男装-006,1,199,175.8,否
SO202500530,2025-11-08,11284,社群,男装,男装-006,1,199,198.84,否
SO202500769,2025-11-08,10732,推荐,女装,女装-022,1,269,229.41,否
SO202500280,2025-11-09,11181,搜索,女装,女装-022,1,269,244.81,是
SO202503974,2025-11-09,12283,直播,女装,女装-032,2,309,600.35,否
SO202502564,2025-11-09,11198,推荐,男装,男装-014,1,149,145.17,否
SO202504765,2025-11-09,17213,搜索,女装,女装-021,1,269,256.66,否
SO202502080,2025-11-09,16423,搜索,家居,家居-004,1,59,57.24,否
SO202501493,2025-11-09,14127,搜索,女装,女装-013,3,249,743.69,否
SO202500006,2025-11-09,17899,搜索,男装,男装-020,2,299,527.68,否
SO202503251,2025-11-09,12083,搜索,男装,男装-002,1,239,228.42,否
SO202501054,2025-11-09,13411,直播,男装,男装-014,2,149,286.77,否
SO202501470,2025-11-09,16882,搜索,家居,家居-004,3,59,150.68,否
SO202504604,2025-11-10,12243,直播,女装,女装-035,1,289,263.46,否
SO202504334,2025-11-10,16538,搜索,女装,女装-035,2,289,548.14,否
SO202500426,2025-11-10,11187,搜索,美妆,美妆-001,2,129,249.94,否
SO202501902,2025-11-10,10166,直播,美妆,美妆-001,3,129,340.63,否
SO202501794,2025-11-10,15065,搜索,美妆,美妆-011,1,129,113.44,否
SO202501398,2025-11-10,12736,直播,女装,女装-022,1,269,247.12,否
SO202500111,2025-11-10,15151,直播,美妆,美妆-014,1,239,219.65,否
SO202504193,2025-11-10,14812,搜索,男装,男装-018,3,159,427.91,否
SO202503920,2025-11-10,10683,搜索,女装,女装-001,3,169,487.45,否
SO202500786,2025-11-10,14787,推荐,美妆,美妆-007,2,159,299.67,否
SO202504185,2025-11-10,15180,推荐,美妆,美妆-015,1,199,176.19,是
SO202502599,2025-11-10,10738,直播,女装,女装-012,2,239,462.21,否
SO202504415,2025-11-10,15453,推荐,男装,男装-006,1,199,184.84,否
SO202503473,2025-11-10,13513,推荐,数码,数码-002,1,859,772.46,否
SO202504559,2025-11-10,17669,推荐,美妆,美妆-001,1,129,123.66,否
SO202504083,2025-11-10,17651,搜索,美妆,美妆-010,2,389,772.1,否
SO202500845,2025-11-10,14419,社群,男装,男装-019,1,189,184.73,否
SO202503386,2025-11-10,11264,搜索,男装,男装-015,3,149,414.38,是
SO202500217,2025-11-10,11431,社群,美妆,美妆-016,3,279,809.1,否
SO202503055,2025-11-10,16601,直播,男装,男装-006,2,199,392.77,否
SO202503811,2025-11-10,17518,搜索,家居,家居-014,3,59,175.99,否
SO202503380,2025-11-10,17841,搜索,数码,数码-002,1,859,833.89,否
SO202504119,2025-11-10,16956,直播,女装,女装-021,3,269,720.37,否
SO202502576,2025-11-10,10143,直播,美妆,美妆-014,1,239,208.78,否
SO202504636,2025-11-10,14824,直播,男装,男装-019,1,189,180.3,否
SO202502296,2025-11-10,14088,直播,数码,数码-008,1,1259,1181.91,是
SO202503037,2025-11-10,11339,社群,美妆,美妆-011,2,129,234.12,否
SO202504181,2025-11-10,16538,社群,女装,女装-011,1,159,154.19,是
SO202503379,2025-11-10,15025,直播,女装,女装-001,1,169,160.73,否
SO202500405,2025-11-11,11521,推荐,女装,女装-003,2,189,356.83,否
SO202501084,2025-11-11,17755,推荐,男装,男装-004,1,299,288.53,否
SO202500753,2025-11-11,10791,推荐,女装,女装-014,1,259,256.69,否
SO202502636,2025-11-11,12001,搜索,女装,女装-003,3,189,528.89,否
SO202501281,2025-11-11,13019,直播,男装,男装-006,1,199,179.35,否
SO202500697,2025-11-11,16848,搜索,家居,家居-006,1,109,101.38,否
SO202500373,2025-11-11,11069,推荐,美妆,美妆-015,2,199,359.3,否
SO202503469,2025-11-11,15718,社群,男装,男装-020,1,299,263.88,否
SO202504603,2025-11-11,14209,直播,美妆,美妆-001,2,129,224.35,否
SO202504338,2025-11-11,14502,搜索,美妆,美妆-018,2,489,879.06,否
SO202504357,2025-11-11,11450,搜索,女装,女装-013,1,249,228.02,否
SO202503426,2025-11-11,11678,社群,家居,家居-011,3,119,321.22,否
SO202501036,2025-11-11,14465,搜索,美妆,美妆-011,1,129,114.55,否
SO202502588,2025-11-11,15461,直播,男装,男装-004,2,299,511.03,否
SO202504944,2025-11-11,11133,直播,美妆,美妆-018,2,489,859.34,否
SO202504719,2025-11-11,11351,推荐,男装,男装-006,1,199,195.64,否
SO202502821,2025-11-11,11660,直播,女装,女装-013,1,249,217.6,否
SO202500511,2025-11-11,10290,搜索,美妆,美妆-014,1,239,208.94,是
SO202501965,2025-11-11,13346,搜索,女装,女装-014,1,259,235.34,否
SO202500823,2025-11-11,11017,搜索,男装,男装-020,2,299,521.25,否
SO202501663,2025-11-11,16322,推荐,男装,男装-014,2,149,256.63,否
SO202500118,2025-11-11,10632,社群,美妆,美妆-014,1,239,228.03,否
SO202501638,2025-11-11,11475,推荐,男装,男装-025,1,169,167.6,否
SO202502042,2025-11-11,16272,社群,男装,男装-020,2,299,515.97,否
SO202500132,2025-11-11,15915,搜索,美妆,美妆-017,1,359,348.04,否
SO202501542,2025-11-11,13371,搜索,美妆,美妆-015,2,199,372.67,否
SO202500497,2025-11-11,13826,推荐,家居,家居-011,2,119,233.47,否
SO202501615,2025-11-11,11921,推荐,女装,女装-023,1,169,157.25,否
SO202504085,2025-11-11,15270,社群,家居,家居-004,1,59,54.61,否
SO202501566,2025-11-11,11326,社群,女装,女装-014,1,259,226.86,否
SO202502124,2025-11-11,15968,直播,数码,数码-002,1,859,761.41,否
SO202504439,2025-11-11,14121,搜索,男装,男装-006,2,199,374.63,否
SO202503822,2025-11-11,15775,推荐,男装,男装-007,1,129,117.12,否
SO202501950,2025-11-11,17272,直播,男装,男装-008,2,299,578.38,否
SO202503848,2025-11-11,15233,直播,数码,数码-001,1,2439,2354.14,否
SO202503240,2025-11-11,12469,搜索,美妆,美妆-014,1,239,204.89,否
SO202501857,2025-11-11,13052,搜索,男装,男装-012,3,139,375.55,否
SO202503695,2025-11-11,12964,直播,美妆,美妆-001,2,129,241.23,否
SO202503738,2025-11-11,13303,直播,女装,女装-022,2,269,483.37,否
SO202501879,2025-11-11,16660,搜索,家居,家居-006,1,109,103.53,否
SO202500781,2025-11-11,13257,搜索,家居,家居-005,3,59,172.34,否
SO202504683,2025-11-11,10131,搜索,美妆,美妆-007,2,159,290.6,否
SO202501852,2025-11-11,17729,直播,女装,女装-001,1,169,162.09,否
SO202504828,2025-11-11,15790,直播,女装,女装-021,1,269,249.78,否
SO202504547,2025-11-11,14992,直播,女装,女装-032,1,309,299.05,否
SO202500416,2025-11-11,10110,直播,数码,数码-008,2,1259,2442.17,否
SO202500516,2025-11-11,12523,搜索,数码,数码-001,1,2439,2228.89,否
SO202503647,2025-11-11,17024,推荐,男装,男装-019,2,189,325.32,否
SO202501558,2025-11-12,13763,直播,男装,男装-019,2,189,325.61,否
SO202501611,2025-11-12,12651,搜索,男装,男装-006,1,199,185.75,否
SO202501816,2025-11-12,14955,搜索,女装,女装-023,2,169,324.91,否
SO202500806,2025-11-12,16984,推荐,女装,女装-032,2,309,579.38,否
SO202500574,2025-11-12,17319,直播,美妆,美妆-003,1,119,112.03,否
SO202501519,2025-11-12,13516,推荐,女装,女装-032,2,309,569.88,否
SO202501919,2025-11-12,15451,直播,女装,女装-032,1,309,299.55,否
SO202501594,2025-11-12,10515,直播,家居,家居-004,3,59,162.52,否
SO202502784,2025-11-12,15984,直播,女装,女装-003,1,189,175.46,否
SO202504076,2025-11-12,17019,社群,男装,男装-006,2,199,377.19,否
SO202504087,2025-11-12,10779,社群,美妆,美妆-010,1,389,330.96,否
SO202500690,2025-11-13,13810,社群,数码,数码-009,1,1399,1277.59,否
SO202504870,2025-11-13,13185,搜索,美妆,美妆-016,3,279,720.95,否
SO202500916,2025-11-13,13374,直播,家居,家居-014,2,59,101.88,否
SO202504975,2025-11-13,14385,推荐,家居,家居-015,3,179,472.05,否
SO202501006,2025-11-13,11529,搜索,男装,男装-012,1,139,130.62,否
SO202503456,2025-11-13,11185,推荐,美妆,美妆-011,1,129,128.91,否
SO202500297,2025-11-13,17762,推荐,女装,女装-002,2,209,372.58,否
SO202502166,2025-11-13,16247,直播,女装,女装-032,1,309,287.19,否
SO202503091,2025-11-14,13886,社群,美妆,美妆-016,3,279,749.13,否
SO202504108,2025-11-14,16793,直播,男装,男装-004,2,299,570.12,否
SO202502391,2025-11-14,14934,直播,女装,女装-014,2,259,500.8,否
SO202501693,2025-11-14,13926,搜索,女装,女装-014,2,259,442.98,否
SO202500081,2025-11-14,15758,社群,家居,家居-004,3,59,166.78,否
SO202504497,2025-11-14,15503,直播,美妆,美妆-003,1,119,114.6,否
SO202500594,2025-11-14,10696,社群,美妆,美妆-007,2,159,294.13,是
SO202500704,2025-11-14,11069,推荐,美妆,美妆-001,1,129,120.43,否
SO202504698,2025-11-15,11661,直播,数码,数码-007,1,1359,1284.19,否
SO202503947,2025-11-15,10990,搜索,女装,女装-014,1,259,257.57,否
SO202503377,2025-11-15,11365,社群,数码,数码-010,3,2029,5929.31,否
SO202503093,2025-11-15,11571,直播,美妆,美妆-017,2,359,628.34,否
SO202500889,2025-11-15,13041,搜索,美妆,美妆-011,1,129,115.93,否
SO202502174,2025-11-15,13377,搜索,男装,男装-014,2,149,269.6,否
SO202501228,2025-11-15,13251,社群,女装,女装-005,2,269,485.79,否
SO202500181,2025-11-15,16761,推荐,女装,女装-021,2,269,488.71,否
SO202504490,2025-11-15,17437,搜索,女装,女装-025,1,159,148.01,否
SO202503987,2025-11-15,15643,搜索,家居,家居-005,1,59,52.59,否
SO202504080,2025-11-15,11414,直播,女装,女装-011,3,159,454.89,否
SO202501552,2025-11-15,10300,社群,男装,男装-006,2,199,380.0,否
SO202502127,2025-11-15,11303,社群,美妆,美妆-001,2,129,257.59,否
SO202503415,2025-11-15,17189,搜索,家居,家居-005,1,59,57.92,否
SO202503008,2025-11-15,14132,搜索,美妆,美妆-001,1,129,117.65,否
SO202500459,2025-11-16,16532,推荐,美妆,美妆-016,1,279,248.43,否
SO202502559,2025-11-16,12853,推荐,美妆,美妆-003,2,119,217.38,否
SO202501465,2025-11-16,13426,直播,美妆,美妆-001,3,129,376.28,否
SO202504793,2025-11-16,16369,社群,男装,男装-005,3,269,776.23,否
SO202502793,2025-11-16,16868,直播,男装,男装-006,2,199,370.74,否
SO202502800,2025-11-16,17953,社群,男装,男装-020,2,299,544.77,否
SO202501592,2025-11-16,12215,搜索,男装,男装-015,1,149,141.13,是
SO202503543,2025-11-16,16492,搜索,男装,男装-014,1,149,138.65,否
SO202501055,2025-11-16,11797,搜索,男装,男装-001,1,329,324.87,否
SO202500226,2025-11-16,14487,搜索,数码,数码-002,1,859,787.11,否
SO202502158,2025-11-16,13507,搜索,家居,家居-011,2,119,210.09,否
SO202501712,2025-11-16,15195,搜索,女装,女装-014,1,259,230.79,否
SO202500180,2025-11-16,15111,直播,男装,男装-020,1,299,276.36,否
SO202502012,2025-11-16,11625,社群,美妆,美妆-007,1,159,152.26,否
SO202504833,2025-11-16,14455,搜索,美妆,美妆-015,2,199,356.73,否
SO202501993,2025-11-16,11308,直播,数码,数码-002,2,859,1578.05,否
SO202500564,2025-11-16,11882,搜索,美妆,美妆-003,1,119,117.31,否
SO202501143,2025-11-16,14911,直播,美妆,美妆-015,2,199,382.4,否
SO202502185,2025-11-16,13751,直播,女装,女装-021,1,269,255.49,是
SO202503562,2025-11-17,17828,搜索,美妆,美妆-017,2,359,685.22,否
SO202502113,2025-11-17,12883,推荐,家居,家居-007,2,199,345.14,否
SO202504004,2025-11-17,16736,社群,男装,男装-014,3,149,428.05,否
SO202501292,2025-11-17,17344,推荐,女装,女装-011,1,159,136.08,否
SO202502257,2025-11-17,10122,直播,家居,家居-007,2,199,391.01,否
SO202501639,2025-11-17,10883,社群,男装,男装-004,1,299,289.89,否
SO202503988,2025-11-17,11245,推荐,女装,女装-033,2,289,511.63,否
SO202500828,2025-11-17,16107,直播,家居,家居-006,2,109,212.13,否
SO202503018,2025-11-17,15216,直播,美妆,美妆-015,3,199,528.93,否
SO202502915,2025-11-17,16480,社群,男装,男装-020,2,299,528.41,否
SO202503071,2025-11-17,13417,直播,家居,家居-001,3,39,108.45,否
SO202503637,2025-11-18,10086,推荐,男装,男装-020,2,299,584.91,否
SO202504751,2025-11-18,17026,直播,女装,女装-014,1,259,232.83,否
SO202501787,2025-11-18,16480,直播,女装,女装-027,1,149,135.12,否
SO202501341,2025-11-18,10965,直播,美妆,美妆-016,1,279,259.66,否
SO202503146,2025-11-18,12017,社群,女装,女装-022,2,269,465.8,否
SO202501179,2025-11-18,12100,推荐,美妆,美妆-014,3,239,650.54,否
SO202504231,2025-11-18,14518,推荐,美妆,美妆-003,2,119,237.37,否
SO202503292,2025-11-18,15375,社群,美妆,美妆-011,2,129,255.03,否
SO202501634,2025-11-18,15301,搜索,美妆,美妆-015,1,199,198.04,否
SO202503390,2025-11-18,17313,直播,家居,家居-004,1,59,56.98,否
SO202500340,2025-11-18,13167,直播,数码,数码-008,2,1259,2387.99,否
SO202501199,2025-11-18,16089,直播,女装,女装-025,2,159,297.5,否
SO202504770,2025-11-19,17538,搜索,家居,家居-005,2,59,105.85,否
SO202501610,2025-11-19,16842,直播,数码,数码-009,1,1399,1233.54,否
SO202503399,2025-11-19,11999,搜索,男装,男装-002,2,239,462.67,否
SO202502491,2025-11-19,11156,直播,女装,女装-022,1,269,239.07,否
SO202500910,2025-11-19,10988,推荐,女装,女装-014,1,259,246.8,否
SO202500914,2025-11-19,13071,直播,数码,数码-007,2,1359,2409.0,否
SO202501890,2025-11-19,17167,直播,女装,女装-003,1,189,180.52,否
SO202501348,2025-11-19,11485,搜索,美妆,美妆-007,1,159,135.38,否
SO202501841,2025-11-19,14732,搜索,美妆,美妆-001,3,129,330.11,否
SO202502578,2025-11-19,10561,直播,家居,家居-007,1,199,181.36,否
SO202503378,2025-11-19,16554,搜索,男装,男装-008,1,299,270.27,否
SO202502787,2025-11-19,12135,推荐,女装,女装-025,1,159,135.32,否
SO202501482,2025-11-19,10392,搜索,女装,女装-030,2,109,193.56,否
SO202503165,2025-11-19,11514,社群,家居,家居-007,2,199,395.0,否
SO202500593,2025-11-19,14201,直播,女装,女装-032,2,309,530.91,否
SO202503682,2025-11-19,10051,搜索,家居,家居-007,1,199,181.02,否
SO202503563,2025-11-20,16173,社群,数码,数码-005,1,2639,2302.81,否
SO202500854,2025-11-20,16681,直播,家居,家居-001,1,39,36.74,否
SO202502918,2025-11-20,11636,推荐,女装,女装-032,1,309,297.33,否
SO202500972,2025-11-20,10104,直播,女装,女装-022,1,269,253.97,否
SO202502452,2025-11-20,13613,直播,家居,家居-006,1,109,96.98,否
SO202501721,2025-11-20,15696,推荐,家居,家居-015,1,179,167.73,否
SO202500193,2025-11-20,10957,搜索,女装,女装-033,3,289,771.66,否
SO202501353,2025-11-20,15057,推荐,女装,女装-032,1,309,282.79,否
SO202504453,2025-11-20,15627,直播,女装,女装-031,2,189,337.62,否
SO202502228,2025-11-20,17531,直播,美妆,美妆-014,3,239,619.43,否
SO202504269,2025-11-20,14705,社群,美妆,美妆-007,2,159,281.55,否
SO202502654,2025-11-21,13682,社群,美妆,美妆-003,1,119,107.35,否
SO202504746,2025-11-21,16084,直播,女装,女装-032,3,309,835.89,否
SO202504960,2025-11-21,14499,搜索,美妆,美妆-007,2,159,289.94,否
SO202502520,2025-11-21,16511,直播,女装,女装-014,1,259,222.5,否
SO202504177,2025-11-21,10232,推荐,美妆,美妆-007,2,159,306.44,否
SO202501452,2025-11-21,15959,社群,家居,家居-011,3,119,320.13,否
SO202504027,2025-11-21,10646,搜索,美妆,美妆-014,1,239,224.36,否
SO202501820,2025-11-21,10392,推荐,美妆,美妆-015,3,199,563.87,否
SO202501361,2025-11-21,13306,搜索,女装,女装-032,1,309,302.03,否
SO202502167,2025-11-21,15973,直播,男装,男装-020,1,299,262.53,是
SO202500961,2025-11-21,16029,搜索,家居,家居-015,2,179,312.25,否
SO202500505,2025-11-21,17289,搜索,女装,女装-021,1,269,257.92,否
SO202503623,2025-11-21,14333,推荐,数码,数码-001,1,2439,2187.64,否
SO202503619,2025-11-22,10608,推荐,美妆,美妆-002,1,369,349.25,否
SO202502833,2025-11-22,15031,直播,家居,家居-015,1,179,168.2,否
SO202502771,2025-11-22,15716,直播,数码,数码-001,1,2439,2131.1,否
SO202503976,2025-11-22,12926,推荐,女装,女装-003,2,189,369.91,否
SO202500875,2025-11-22,16654,搜索,男装,男装-008,1,299,276.02,否
SO202501081,2025-11-22,14448,搜索,数码,数码-010,2,2029,3946.84,否
SO202504164,2025-11-22,13135,社群,家居,家居-010,2,179,349.34,否
SO202502709,2025-11-22,15721,搜索,女装,女装-001,1,169,166.08,否
SO202503414,2025-11-23,14601,搜索,男装,男装-019,2,189,323.26,否
SO202503216,2025-11-23,16653,推荐,美妆,美妆-015,1,199,192.06,否
SO202501830,2025-11-23,15149,社群,女装,女装-026,1,209,198.75,否
SO202500954,2025-11-23,12080,搜索,美妆,美妆-003,1,119,112.82,否
SO202501293,2025-11-23,17713,推荐,美妆,美妆-015,3,199,571.3,否
SO202501748,2025-11-23,14682,社群,女装,女装-026,1,209,180.48,否
SO202504707,2025-11-23,12460,直播,女装,女装-022,1,269,253.45,否
SO202502048,2025-11-23,11192,直播,男装,男装-006,2,199,374.56,否
SO202500577,2025-11-23,12058,推荐,家居,家居-004,3,59,154.92,否
SO202502055,2025-11-23,15957,直播,美妆,美妆-007,2,159,305.23,否
SO202501895,2025-11-23,10610,搜索,男装,男装-006,1,199,193.91,否
SO202502514,2025-11-23,16607,推荐,家居,家居-007,3,199,578.55,否
SO202501873,2025-11-23,14865,社群,男装,男装-015,3,149,420.96,否
SO202501860,2025-11-23,16182,推荐,男装,男装-020,1,299,285.2,否
SO202504824,2025-11-23,12945,直播,美妆,美妆-007,1,159,152.19,否
SO202504188,2025-11-23,12093,直播,男装,男装-006,2,199,339.57,否
SO202501102,2025-11-23,12940,直播,女装,女装-032,1,309,279.67,否
SO202502443,2025-11-23,14457,推荐,数码,数码-008,3,1259,3595.86,否
SO202503264,2025-11-23,17801,直播,男装,男装-005,3,269,780.2,否
SO202500073,2025-11-23,14859,直播,男装,男装-006,1,199,182.9,否
SO202504227,2025-11-24,17034,社群,女装,女装-008,3,219,609.7,否
SO202503198,2025-11-24,12531,搜索,男装,男装-010,2,339,623.38,否
SO202500231,2025-11-24,13854,直播,男装,男装-014,1,149,129.58,否
SO202500136,2025-11-24,16820,搜索,男装,男装-006,1,199,173.68,否
SO202502495,2025-11-24,15836,推荐,男装,男装-002,3,239,704.05,否
SO202501323,2025-11-24,15864,推荐,家居,家居-012,1,169,155.3,是
SO202504180,2025-11-24,17246,社群,女装,女装-021,2,269,480.56,否
SO202503186,2025-11-25,17895,搜索,男装,男装-020,1,299,293.23,否
SO202500335,2025-11-25,11386,直播,男装,男装-007,2,129,250.06,否
SO202504549,2025-11-25,13138,直播,女装,女装-032,1,309,293.77,否
SO202501107,2025-11-25,12819,社群,女装,女装-032,2,309,604.78,否
SO202500760,2025-11-25,13340,直播,美妆,美妆-018,2,489,909.16,否
SO202500080,2025-11-25,16794,直播,美妆,美妆-001,3,129,357.64,否
SO202504037,2025-11-25,16542,直播,男装,男装-020,1,299,257.18,否
SO202502380,2025-11-25,13019,搜索,男装,男装-007,1,129,116.11,否
SO202503821,2025-11-25,11315,社群,家居,家居-004,2,59,107.12,否
SO202504916,2025-11-25,12698,直播,女装,女装-025,2,159,306.66,否
SO202502086,2025-11-25,14004,搜索,女装,女装-026,1,209,203.33,否
SO202504881,2025-11-26,14547,社群,女装,女装-030,1,109,105.78,否
SO202504521,2025-11-26,10593,社群,美妆,美妆-003,2,119,230.0,否
SO202504288,2025-11-26,17328,直播,家居,家居-005,2,59,107.71,否
SO202503536,2025-11-26,16539,社群,美妆,美妆-001,3,129,332.5,否
SO202503752,2025-11-26,15691,直播,美妆,美妆-017,3,359,1028.92,否
SO202502478,2025-11-26,12203,直播,美妆,美妆-018,3,489,1395.17,否
SO202503354,2025-11-26,14933,直播,女装,女装-032,1,309,298.73,是
SO202502172,2025-11-26,17130,搜索,男装,男装-016,1,259,234.81,否
SO202504429,2025-11-26,15447,搜索,女装,女装-030,1,109,97.67,否
SO202503764,2025-11-26,13398,搜索,家居,家居-007,2,199,346.27,否
SO202500765,2025-11-26,11078,社群,男装,男装-005,3,269,737.79,否
SO202501848,2025-11-26,15719,直播,女装,女装-005,2,269,494.54,否
SO202504580,2025-11-27,12558,直播,女装,女装-021,1,269,259.05,否
SO202501203,2025-11-27,11116,直播,家居,家居-011,1,119,107.09,否
SO202501077,2025-11-27,13870,推荐,女装,女装-014,1,259,223.92,否
SO202501988,2025-11-27,14681,推荐,男装,男装-006,1,199,178.66,否
SO202504643,2025-11-27,17502,社群,美妆,美妆-005,1,369,368.14,是
SO202503214,2025-11-27,17879,社群,美妆,美妆-015,2,199,377.92,否
SO202500299,2025-11-27,12443,搜索,女装,女装-001,2,169,316.85,否
SO202502357,2025-11-27,13357,直播,美妆,美妆-015,1,199,196.1,否
SO202504690,2025-11-27,16095,直播,男装,男装-025,1,169,161.86,否
SO202500515,2025-11-27,11099,直播,男装,男装-019,2,189,337.62,否
SO202500680,2025-11-28,13747,推荐,男装,男装-006,2,199,352.41,否
SO202501800,2025-11-28,13790,搜索,女装,女装-003,1,189,174.62,否
SO202503909,2025-11-28,10324,搜索,家居,家居-011,1,119,101.61,否
SO202504551,2025-11-28,16201,社群,女装,女装-022,2,269,520.21,是
SO202504275,2025-11-28,17520,推荐,女装,女装-001,2,169,318.46,否
SO202501703,2025-11-28,15195,搜索,女装,女装-017,1,149,138.28,否
SO202502047,2025-11-28,15220,直播,男装,男装-024,2,109,187.09,否
SO202503689,2025-11-28,11812,搜索,女装,女装-014,3,259,736.34,否
SO202504380,2025-11-28,11796,直播,美妆,美妆-010,1,389,349.92,否
SO202503915,2025-11-28,16937,搜索,美妆,美妆-014,1,239,203.31,否
SO202503299,2025-11-28,16712,推荐,美妆,美妆-007,1,159,139.65,否
SO202504322,2025-11-28,11632,搜索,美妆,美妆-001,1,129,109.74,否
SO202503739,2025-11-28,10324,搜索,男装,男装-006,2,199,346.68,否
SO202501207,2025-11-28,10653,直播,男装,男装-019,1,189,166.23,否
SO202500609,2025-11-28,14435,搜索,女装,女装-015,1,119,107.26,否
SO202503496,2025-11-28,10009,推荐,男装,男装-005,1,269,249.72,否
SO202502396,2025-11-28,13519,搜索,美妆,美妆-003,1,119,112.41,是
SO202504556,2025-11-28,12757,推荐,女装,女装-017,3,149,416.9,否
SO202503713,2025-11-28,16199,直播,美妆,美妆-011,2,129,255.17,否
SO202500775,2025-11-29,10030,社群,男装,男装-007,1,129,113.36,否
SO202500673,2025-11-29,11066,搜索,男装,男装-007,1,129,127.09,否
SO202504067,2025-11-29,11570,社群,女装,女装-022,1,269,249.36,否
SO202501322,2025-11-29,14680,推荐,美妆,美妆-005,2,369,683.92,否
SO202503302,2025-11-29,12817,社群,女装,女装-032,3,309,892.19,否
SO202504602,2025-11-29,17194,搜索,家居,家居-005,1,59,55.34,否
SO202503116,2025-11-29,12902,搜索,家居,家居-007,1,199,184.9,否
SO202501689,2025-11-29,17644,推荐,美妆,美妆-018,3,489,1274.35,否
SO202501667,2025-11-29,12482,直播,家居,家居-006,2,109,191.03,否
SO202503218,2025-11-29,16691,直播,美妆,美妆-020,2,479,890.89,否
SO202503443,2025-11-29,16188,直播,女装,女装-011,2,159,302.85,否
SO202504465,2025-11-30,15560,搜索,男装,男装-020,3,299,839.49,否
SO202500819,2025-11-30,11211,社群,美妆,美妆-001,1,129,124.63,否
SO202500259,2025-11-30,15786,直播,男装,男装-005,3,269,781.82,是
SO202502455,2025-11-30,17114,搜索,女装,女装-021,3,269,774.15,否
SO202503010,2025-11-30,10030,直播,美妆,美妆-018,2,489,838.31,否
SO202503936,2025-11-30,10537,搜索,男装,男装-006,1,199,178.21,否
SO202500956,2025-11-30,15813,搜索,家居,家居-015,1,179,170.01,否
SO202503015,2025-11-30,16887,社群,数码,数码-008,2,1259,2147.15,否
SO202502484,2025-11-30,17170,搜索,女装,女装-032,1,309,281.95,否
SO202500712,2025-11-30,14119,推荐,男装,男装-008,2,299,524.46,否
SO202503765,2025-11-30,11204,推荐,女装,女装-033,2,289,553.81,否
SO202502147,2025-11-30,16545,直播,女装,女装-034,1,259,225.63,否
SO202500726,2025-11-30,17585,搜索,美妆,美妆-007,2,159,309.21,否
SO202502895,2025-11-30,17631,搜索,数码,数码-007,2,1359,2522.41,否
SO202500062,2025-11-30,16545,搜索,男装,男装-020,2,299,526.39,否
SO202500720,2025-11-30,13920,推荐,美妆,美妆-001,2,129,257.38,否
SO202503261,2025-11-30,15056,搜索,家居,家居-012,2,169,330.43,否
SO202502830,2025-11-30,15861,直播,家居,家居-004,3,59,163.21,是
SO202504112,2025-11-30,10388,推荐,数码,数码-007,1,1359,1177.04,否
SO202504307,2025-11-30,15823,直播,美妆,美妆-018,3,489,1439.12,否
SO202504487,2025-11-30,10593,直播,男装,男装-001,1,329,313.14,否
SO202502850,2025-11-30,11377,搜索,美妆,美妆-002,1,369,329.0,是
SO202504926,2025-11-30,16007,社群,女装,女装-001,2,169,307.61,否
SO202502215,2025-11-30,13950,直播,女装,女装-032,1,309,307.55,否
SO202504977,2025-12-01,15203,搜索,美妆,美妆-010,1,389,357.59,否
SO202502737,2025-12-01,13403,直播,女装,女装-022,1,269,248.9,否
SO202504915,2025-12-01,16140,直播,男装,男装-005,1,269,263.72,否
SO202501439,2025-12-01,14776,推荐,男装,男装-019,2,189,344.51,否
SO202503999,2025-12-01,11289,搜索,男装,男装-019,3,189,501.22,否
SO202500112,2025-12-01,14778,推荐,男装,男装-014,1,149,134.03,否
SO202504219,2025-12-01,10098,社群,男装,男装-006,2,199,344.58,是
SO202500607,2025-12-01,11131,社群,女装,女装-021,1,269,237.24,否
SO202504297,2025-12-01,10018,搜索,男装,男装-004,1,299,275.14,否
SO202502368,2025-12-01,14080,直播,女装,女装-021,2,269,495.39,否
SO202500122,2025-12-01,13881,推荐,女装,女装-003,1,189,166.88,否
SO202503557,2025-12-02,15676,直播,美妆,美妆-018,1,489,446.67,否
SO202502632,2025-12-02,17755,搜索,家居,家居-015,2,179,353.45,否
SO202501945,2025-12-02,14606,直播,女装,女装-027,1,149,131.5,否
SO202502290,2025-12-02,17111,直播,男装,男装-025,1,169,147.57,否
SO202504714,2025-12-02,16205,直播,女装,女装-032,1,309,274.83,否
SO202501627,2025-12-02,16887,直播,男装,男装-006,2,199,362.2,否
SO202502461,2025-12-02,15629,直播,女装,女装-032,2,309,605.99,否
SO202503919,2025-12-02,12155,社群,男装,男装-025,1,169,153.4,否
SO202501401,2025-12-02,16873,直播,女装,女装-005,1,269,245.61,否
SO202504460,2025-12-02,17036,搜索,女装,女装-032,2,309,594.51,否
SO202501487,2025-12-02,14052,社群,美妆,美妆-004,1,289,260.48,否
SO202501302,2025-12-02,17021,搜索,美妆,美妆-005,3,369,1103.72,否
SO202502862,2025-12-03,12055,直播,美妆,美妆-009,3,379,1058.68,否
SO202502087,2025-12-03,10861,搜索,女装,女装-001,1,169,151.67,否
SO202504860,2025-12-03,13176,推荐,男装,男装-008,2,299,553.23,否
SO202501864,2025-12-03,12994,推荐,女装,女装-005,2,269,518.09,否
SO202502332,2025-12-03,16198,搜索,美妆,美妆-014,2,239,470.94,否
SO202500409,2025-12-03,11141,社群,男装,男装-020,2,299,509.21,否
SO202501040,2025-12-03,16292,直播,美妆,美妆-015,1,199,191.61,否
SO202501722,2025-12-03,11852,直播,男装,男装-004,2,299,526.38,否
SO202503526,2025-12-03,13530,直播,家居,家居-007,2,199,347.9,是
SO202503306,2025-12-03,17390,社群,女装,女装-023,2,169,311.11,否
SO202503826,2025-12-03,11210,直播,女装,女装-005,2,269,483.8,否
SO202501029,2025-12-03,11360,直播,男装,男装-006,1,199,172.54,否
SO202503954,2025-12-03,16570,直播,数码,数码-007,1,1359,1268.15,否
SO202500811,2025-12-04,10246,直播,女装,女装-005,1,269,260.3,否
SO202503567,2025-12-04,15723,直播,女装,女装-017,1,149,138.03,否
SO202504022,2025-12-04,15717,推荐,女装,女装-032,1,309,298.03,否
SO202504811,2025-12-04,16769,直播,女装,女装-023,1,169,165.08,否
SO202503950,2025-12-04,10135,直播,男装,男装-020,2,299,534.58,否
SO202501747,2025-12-04,14035,推荐,男装,男装-006,1,199,178.28,否
SO202501657,2025-12-04,17701,搜索,美妆,美妆-003,1,119,115.78,否
SO202500795,2025-12-04,12214,搜索,美妆,美妆-001,1,129,112.11,否
SO202504471,2025-12-04,16594,直播,女装,女装-003,1,189,188.32,否
SO202503233,2025-12-04,15788,搜索,家居,家居-014,1,59,51.66,否
SO202503207,2025-12-04,17456,推荐,女装,女装-005,3,269,770.03,否
SO202500328,2025-12-04,12675,推荐,女装,女装-001,1,169,160.66,否
SO202501825,2025-12-04,16367,搜索,男装,男装-008,2,299,551.1,否
SO202504971,2025-12-04,11201,搜索,男装,男装-021,3,349,931.05,否
SO202501263,2025-12-05,16133,推荐,男装,男装-005,2,269,523.15,是
SO202502091,2025-12-05,13432,推荐,男装,男装-014,1,149,145.29,否
SO202501941,2025-12-05,16473,社群,男装,男装-013,1,319,316.71,否
SO202503344,2025-12-05,14148,社群,美妆,美妆-007,1,159,155.75,否
SO202502946,2025-12-05,16736,搜索,男装,男装-006,3,199,553.08,否
SO202503422,2025-12-05,16507,推荐,男装,男装-012,1,139,124.16,否
SO202502726,2025-12-05,10748,搜索,美妆,美妆-011,2,129,256.22,否
SO202501041,2025-12-05,10593,直播,美妆,美妆-018,1,489,428.51,否
SO202501795,2025-12-05,16938,社群,美妆,美妆-003,2,119,236.72,否
SO202504593,2025-12-06,12985,社群,男装,男装-008,3,299,778.95,否
SO202504267,2025-12-06,13806,推荐,男装,男装-013,1,319,286.45,否
SO202503711,2025-12-06,10007,社群,男装,男装-014,1,149,128.03,否
SO202503722,2025-12-06,14550,直播,美妆,美妆-010,1,389,330.88,否
SO202501875,2025-12-06,10720,搜索,男装,男装-001,1,329,323.38,否
SO202503375,2025-12-06,10560,搜索,女装,女装-014,2,259,511.07,否
SO202500169,2025-12-06,10292,搜索,美妆,美妆-018,2,489,893.35,否
SO202502773,2025-12-06,14324,直播,数码,数码-002,3,859,2372.06,否
SO202502116,2025-12-06,12997,直播,美妆,美妆-016,1,279,270.36,否
SO202503800,2025-12-06,12505,直播,美妆,美妆-002,1,369,342.51,否
SO202501414,2025-12-07,12394,社群,女装,女装-023,2,169,323.08,否
SO202501057,2025-12-07,17136,搜索,女装,女装-032,2,309,613.2,否
SO202504054,2025-12-07,15816,搜索,美妆,美妆-010,1,389,349.9,否
SO202500877,2025-12-07,11398,直播,数码,数码-007,2,1359,2462.33,否
SO202504558,2025-12-07,14928,推荐,女装,女装-032,1,309,289.68,否
SO202504320,2025-12-07,12570,推荐,男装,男装-020,1,299,288.48,是
SO202503753,2025-12-07,13215,搜索,男装,男装-006,3,199,517.36,否
SO202502637,2025-12-07,12735,直播,美妆,美妆-011,2,129,221.3,否
SO202501346,2025-12-07,16495,直播,家居,家居-014,2,59,110.79,否
SO202504699,2025-12-07,17458,直播,男装,男装-014,3,149,401.92,否
SO202504663,2025-12-07,15026,搜索,数码,数码-009,3,1399,4033.69,否
SO202502693,2025-12-07,12917,直播,女装,女装-026,3,209,615.15,否
SO202504835,2025-12-07,17261,社群,女装,女装-032,2,309,525.53,否
SO202502077,2025-12-07,12396,直播,美妆,美妆-001,3,129,377.57,否
SO202502751,2025-12-08,17313,搜索,家居,家居-006,1,109,95.72,是
SO202500951,2025-12-08,14485,搜索,美妆,美妆-006,1,319,293.3,否
SO202503208,2025-12-08,17518,搜索,女装,女装-021,3,269,691.74,否
SO202504389,2025-12-08,16691,直播,女装,女装-014,1,259,251.02,否
SO202501399,2025-12-08,11192,推荐,美妆,美妆-007,1,159,150.03,否
SO202502114,2025-12-08,14546,直播,美妆,美妆-018,1,489,476.09,否
SO202500711,2025-12-08,14892,直播,女装,女装-032,1,309,296.92,否
SO202501196,2025-12-08,11759,直播,美妆,美妆-014,2,239,406.32,否
SO202501288,2025-12-08,13606,推荐,家居,家居-001,2,39,68.47,否
SO202501885,2025-12-08,12551,搜索,女装,女装-021,1,269,230.66,否
SO202503796,2025-12-08,14372,搜索,美妆,美妆-002,1,369,342.25,否
SO202504957,2025-12-08,10044,搜索,家居,家居-014,3,59,154.93,是
SO202501153,2025-12-08,11650,直播,女装,女装-032,2,309,558.32,否
SO202503437,2025-12-08,14149,社群,男装,男装-020,1,299,294.4,否
SO202500380,2025-12-08,16489,直播,男装,男装-004,1,299,283.3,否
SO202504040,2025-12-08,16389,社群,家居,家居-005,1,59,52.28,是
SO202500189,2025-12-09,11189,直播,男装,男装-008,1,299,269.47,否
SO202503271,2025-12-09,15655,直播,美妆,美妆-007,3,159,416.74,否
SO202500702,2025-12-09,13873,推荐,美妆,美妆-014,3,239,647.29,否
SO202502389,2025-12-09,15991,直播,女装,女装-001,1,169,155.87,否
SO202500501,2025-12-09,14794,推荐,数码,数码-010,1,2029,1899.64,否
SO202504480,2025-12-09,17622,搜索,女装,女装-027,2,149,272.24,否
SO202500589,2025-12-09,17017,社群,美妆,美妆-015,3,199,552.61,否
SO202500171,2025-12-09,11536,直播,女装,女装-035,2,289,544.81,否
SO202500395,2025-12-09,17703,搜索,女装,女装-032,3,309,790.89,否
SO202503180,2025-12-09,10653,搜索,美妆,美妆-001,2,129,251.79,否
SO202501334,2025-12-09,10232,社群,数码,数码-003,1,1699,1614.94,否
SO202502460,2025-12-09,16346,推荐,女装,女装-001,1,169,147.59,否
SO202502318,2025-12-09,12821,搜索,美妆,美妆-001,2,129,241.98,否
SO202501509,2025-12-09,14108,推荐,男装,男装-020,3,299,813.12,否
SO202500566,2025-12-10,10173,直播,美妆,美妆-006,1,319,308.5,否
SO202504047,2025-12-10,15202,直播,男装,男装-006,2,199,378.69,是
SO202502917,2025-12-10,15523,社群,女装,女装-035,1,289,252.71,否
SO202502370,2025-12-10,11311,直播,美妆,美妆-001,3,129,343.07,否
SO202502323,2025-12-10,16074,直播,女装,女装-034,1,259,235.48,否
SO202502798,2025-12-10,13683,直播,数码,数码-004,1,1909,1664.85,否
SO202501233,2025-12-10,11708,推荐,家居,家居-015,2,179,335.45,否
SO202503849,2025-12-10,12978,搜索,美妆,美妆-015,2,199,368.16,是
SO202501431,2025-12-10,13108,搜索,女装,女装-001,1,169,148.48,否
SO202500329,2025-12-10,11143,直播,美妆,美妆-003,1,119,110.07,否
SO202502422,2025-12-10,14023,社群,美妆,美妆-011,2,129,254.65,否
SO202500671,2025-12-10,11865,直播,美妆,美妆-018,1,489,451.88,否
SO202501328,2025-12-10,16817,直播,女装,女装-011,2,159,309.52,否
SO202503171,2025-12-11,12520,推荐,男装,男装-006,1,199,184.09,否
SO202500841,2025-12-11,16228,搜索,家居,家居-006,3,109,300.11,否
SO202503521,2025-12-11,17806,搜索,女装,女装-013,1,249,236.59,否
SO202501738,2025-12-11,15057,社群,家居,家居-006,1,109,106.06,否
SO202504745,2025-12-11,17629,社群,男装,男装-001,2,329,638.55,否
SO202500646,2025-12-11,11047,搜索,美妆,美妆-018,3,489,1437.33,否
SO202501595,2025-12-11,15241,推荐,美妆,美妆-001,1,129,114.09,否
SO202503175,2025-12-11,15523,直播,女装,女装-035,2,289,558.03,否
SO202502038,2025-12-12,16406,搜索,美妆,美妆-001,2,129,248.51,否
SO202504761,2025-12-12,12861,社群,男装,男装-012,3,139,404.42,否
SO202500624,2025-12-12,16561,搜索,女装,女装-014,1,259,255.21,否
SO202500722,2025-12-12,10843,社群,女装,女装-005,1,269,260.28,否
SO202501430,2025-12-12,17126,直播,美妆,美妆-011,1,129,122.91,否
SO202502112,2025-12-12,12953,搜索,男装,男装-006,2,199,384.14,否
SO202503923,2025-12-12,17588,搜索,男装,男装-001,1,329,291.25,是
SO202501216,2025-12-12,13128,社群,家居,家居-007,1,199,178.1,否
SO202500308,2025-12-12,11708,推荐,女装,女装-021,1,269,233.91,否
SO202502541,2025-12-12,12157,搜索,女装,女装-023,2,169,322.76,是
SO202500046,2025-12-12,15852,直播,数码,数码-009,3,1399,3939.16,否
SO202500810,2025-12-12,11425,直播,美妆,美妆-010,2,389,699.71,否
SO202502941,2025-12-12,15076,搜索,女装,女装-001,3,169,439.52,否
SO202501883,2025-12-12,16981,社群,家居,家居-003,3,149,384.37,否
SO202504967,2025-12-12,17380,推荐,女装,女装-005,1,269,239.31,否
SO202504700,2025-12-12,13019,搜索,男装,男装-006,2,199,347.08,否
SO202502470,2025-12-12,13539,直播,女装,女装-033,3,289,775.54,否
SO202504386,2025-12-12,17688,搜索,男装,男装-006,1,199,184.54,否
SO202501026,2025-12-12,15207,搜索,美妆,美妆-015,1,199,186.88,否
SO202503628,2025-12-12,16020,直播,女装,女装-021,2,269,501.0,否
SO202502702,2025-12-12,16482,搜索,家居,家居-014,1,59,51.13,否
SO202504328,2025-12-12,17423,直播,男装,男装-008,3,299,825.41,否
SO202501851,2025-12-12,13743,直播,女装,女装-013,1,249,234.26,否
SO202502824,2025-12-12,11455,推荐,男装,男装-013,1,319,318.4,否
SO202503506,2025-12-12,14763,搜索,女装,女装-032,1,309,263.62,否
SO202501799,2025-12-12,17315,社群,美妆,美妆-014,1,239,215.79,否
SO202504246,2025-12-13,14652,推荐,女装,女装-034,1,259,248.32,否
SO202504626,2025-12-13,11892,推荐,美妆,美妆-001,2,129,222.08,是
SO202500223,2025-12-13,16008,直播,男装,男装-020,1,299,284.26,否
SO202502778,2025-12-13,13407,推荐,美妆,美妆-018,1,489,446.16,否
SO202501865,2025-12-13,14757,搜索,男装,男装-019,1,189,182.48,否
SO202502916,2025-12-13,17610,直播,女装,女装-005,3,269,802.48,否
SO202501223,2025-12-13,11892,搜索,女装,女装-001,1,169,148.77,否
SO202502010,2025-12-13,10094,推荐,家居,家居-014,2,59,116.04,否
SO202501127,2025-12-13,12080,直播,男装,男装-007,2,129,229.57,否
SO202502577,2025-12-13,14426,搜索,家居,家居-005,1,59,51.07,否
SO202500070,2025-12-14,14919,搜索,女装,女装-005,2,269,535.13,否
SO202502926,2025-12-14,15139,社群,男装,男装-008,1,299,272.62,否
SO202502563,2025-12-14,14904,直播,美妆,美妆-003,1,119,114.48,是
SO202500033,2025-12-14,10350,直播,美妆,美妆-011,2,129,224.58,否
SO202501559,2025-12-14,16466,直播,数码,数码-007,2,1359,2365.83,否
SO202501195,2025-12-14,16697,直播,女装,女装-032,2,309,540.06,否
SO202501161,2025-12-14,12515,社群,男装,男装-007,2,129,226.95,否
SO202504616,2025-12-14,14889,社群,家居,家居-014,1,59,51.37,否
SO202500941,2025-12-14,10503,直播,家居,家居-014,2,59,115.75,否
SO202501670,2025-12-14,15672,直播,男装,男装-012,2,139,236.87,否
SO202501679,2025-12-14,11992,社群,男装,男装-008,3,299,791.34,否
SO202504216,2025-12-14,16244,搜索,家居,家居-007,3,199,528.66,否
SO202502999,2025-12-15,13401,直播,美妆,美妆-011,2,129,223.96,否
SO202503064,2025-12-15,16055,直播,男装,男装-020,2,299,519.08,否
SO202500093,2025-12-15,11281,搜索,家居,家居-011,3,119,304.43,否
SO202502085,2025-12-15,17906,社群,女装,女装-011,2,159,295.67,否
SO202501972,2025-12-15,14970,直播,男装,男装-006,1,199,174.9,否
SO202501637,2025-12-15,15433,搜索,男装,男装-020,2,299,579.96,否
SO202501129,2025-12-16,16040,直播,男装,男装-006,2,199,355.68,否
SO202504866,2025-12-16,16088,社群,家居,家居-007,1,199,171.18,否
SO202501745,2025-12-16,14552,搜索,男装,男装-006,1,199,182.84,否
SO202503850,2025-12-16,16952,社群,家居,家居-006,1,109,96.22,否
SO202500837,2025-12-16,10823,直播,数码,数码-003,2,1699,3324.97,否
SO202500219,2025-12-16,17511,直播,美妆,美妆-001,1,129,113.06,否
SO202503114,2025-12-16,16247,直播,男装,男装-005,1,269,257.06,否
SO202501660,2025-12-16,10366,推荐,女装,女装-032,2,309,602.04,否
SO202501524,2025-12-16,13157,社群,女装,女装-014,1,259,230.56,否
SO202501723,2025-12-16,17743,直播,男装,男装-006,2,199,372.52,否
SO202502536,2025-12-16,14312,搜索,女装,女装-032,2,309,577.51,否
SO202500207,2025-12-16,17083,直播,女装,女装-033,3,289,782.49,否
SO202501306,2025-12-16,10734,搜索,美妆,美妆-011,1,129,115.14,否
SO202500338,2025-12-17,13264,推荐,美妆,美妆-001,1,129,116.11,否
SO202503308,2025-12-17,16088,社群,女装,女装-021,1,269,259.76,是
SO202501785,2025-12-17,11064,直播,男装,男装-006,1,199,180.99,否
SO202502806,2025-12-17,17349,直播,数码,数码-010,2,2029,3798.87,否
SO202504144,2025-12-17,16306,搜索,女装,女装-001,2,169,331.25,否
SO202502990,2025-12-17,10236,社群,美妆,美妆-015,3,199,536.27,否
SO202502308,2025-12-17,13292,推荐,女装,女装-032,1,309,269.64,否
SO202502222,2025-12-17,17809,搜索,美妆,美妆-001,1,129,116.14,否
SO202502697,2025-12-17,16588,搜索,美妆,美妆-007,1,159,138.53,否
SO202502758,2025-12-17,14119,搜索,美妆,美妆-017,3,359,997.22,否
SO202504826,2025-12-18,16024,直播,女装,女装-003,2,189,362.23,否
SO202503625,2025-12-18,10765,社群,家居,家居-007,1,199,181.65,否
SO202504825,2025-12-18,16564,社群,家居,家居-005,3,59,157.55,否
SO202504527,2025-12-18,11577,社群,美妆,美妆-007,2,159,281.46,否
SO202504657,2025-12-18,11603,社群,女装,女装-005,3,269,758.01,否
SO202502764,2025-12-18,13120,搜索,美妆,美妆-011,2,129,224.38,否
SO202504640,2025-12-18,10362,推荐,女装,女装-003,1,189,163.71,否
SO202500657,2025-12-18,15733,推荐,男装,男装-025,2,169,327.04,否
SO202502232,2025-12-19,10899,直播,家居,家居-007,2,199,361.16,否
SO202502392,2025-12-19,17895,直播,女装,女装-021,2,269,519.94,否
SO202501802,2025-12-19,12553,推荐,美妆,美妆-014,1,239,223.4,否
SO202500872,2025-12-19,14307,搜索,男装,男装-006,1,199,187.7,否
SO202504666,2025-12-19,10688,搜索,男装,男装-008,1,299,257.8,否
SO202503458,2025-12-19,16835,推荐,美妆,美妆-003,1,119,102.35,否
SO202502855,2025-12-19,16292,社群,女装,女装-003,1,189,169.07,否
SO202502089,2025-12-19,10853,搜索,男装,男装-005,2,269,518.66,否
SO202500936,2025-12-19,13354,搜索,女装,女装-022,1,269,254.41,否
SO202503840,2025-12-19,11092,推荐,女装,女装-001,2,169,334.92,否
SO202503667,2025-12-19,14720,直播,美妆,美妆-007,1,159,153.95,否
SO202504220,2025-12-19,10779,搜索,美妆,美妆-002,1,369,321.27,否
SO202500583,2025-12-19,11702,搜索,女装,女装-032,2,309,531.8,否
SO202502140,2025-12-20,10343,直播,女装,女装-027,1,149,127.34,否
SO202503565,2025-12-20,16838,直播,女装,女装-022,1,269,263.75,否
SO202503022,2025-12-20,16554,社群,美妆,美妆-015,3,199,586.83,否
SO202502413,2025-12-20,14586,直播,美妆,美妆-011,2,129,240.06,否
SO202503661,2025-12-20,15852,搜索,男装,男装-014,1,149,131.13,否
SO202504877,2025-12-20,15988,社群,美妆,美妆-007,2,159,312.4,是
SO202501141,2025-12-20,16208,直播,女装,女装-032,2,309,576.97,否
SO202500893,2025-12-20,13251,搜索,家居,家居-014,1,59,57.12,否
SO202503382,2025-12-20,10002,搜索,男装,男装-008,2,299,522.75,否
SO202501784,2025-12-21,17418,推荐,女装,女装-024,1,299,285.58,否
SO202503123,2025-12-21,17278,推荐,美妆,美妆-005,3,369,1021.73,否
SO202501123,2025-12-21,12453,搜索,女装,女装-027,1,149,139.61,否
SO202502122,2025-12-21,15127,直播,家居,家居-007,2,199,396.53,否
SO202504730,2025-12-21,12963,直播,女装,女装-001,1,169,147.62,否
SO202500334,2025-12-21,10347,直播,美妆,美妆-001,1,129,111.77,否
SO202502040,2025-12-21,10892,推荐,男装,男装-006,1,199,169.5,否
SO202502496,2025-12-21,10561,推荐,美妆,美妆-001,2,129,236.44,否
SO202502339,2025-12-21,16805,搜索,美妆,美妆-007,3,159,446.43,否
SO202501176,2025-12-21,16582,推荐,女装,女装-021,2,269,497.31,否
SO202504786,2025-12-21,12465,搜索,男装,男装-006,2,199,359.34,否
SO202504564,2025-12-21,13950,直播,女装,女装-022,1,269,232.6,否
SO202503301,2025-12-21,15874,搜索,男装,男装-008,2,299,570.1,否
SO202500808,2025-12-22,10627,推荐,家居,家居-011,2,119,219.7,是
SO202500907,2025-12-22,15559,直播,女装,女装-025,2,159,312.24,否
SO202502712,2025-12-22,16561,推荐,女装,女装-014,1,259,233.9,否
SO202504797,2025-12-22,16466,直播,美妆,美妆-015,1,199,196.69,是
SO202500003,2025-12-22,10589,直播,美妆,美妆-014,2,239,443.09,否
SO202504443,2025-12-22,11837,直播,家居,家居-004,1,59,55.2,否
SO202503480,2025-12-22,11406,搜索,女装,女装-021,2,269,506.11,否
SO202502096,2025-12-22,13267,推荐,女装,女装-021,3,269,690.29,否
SO202503040,2025-12-22,10282,直播,美妆,美妆-002,3,369,996.42,否
SO202501947,2025-12-23,16199,社群,男装,男装-019,3,189,529.28,否
SO202500945,2025-12-23,16171,搜索,女装,女装-021,1,269,248.62,否
SO202502939,2025-12-23,17801,搜索,男装,男装-005,2,269,496.6,否
SO202504821,2025-12-23,12309,搜索,男装,男装-008,2,299,520.09,否
SO202502521,2025-12-23,11243,推荐,男装,男装-005,2,269,502.37,否
SO202501998,2025-12-23,14892,搜索,男装,男装-022,1,229,210.5,否
SO202503139,2025-12-23,14493,直播,美妆,美妆-018,1,489,472.82,否
SO202501809,2025-12-24,13810,搜索,男装,男装-022,2,229,397.69,否
SO202503933,2025-12-24,10263,直播,男装,男装-001,1,329,285.23,否
SO202500884,2025-12-24,11073,搜索,女装,女装-003,1,189,166.83,是
SO202502374,2025-12-24,11141,社群,男装,男装-014,3,149,424.36,否
SO202503362,2025-12-24,12255,直播,女装,女装-012,1,239,236.71,否
SO202501829,2025-12-24,17722,搜索,女装,女装-027,1,149,128.46,否
SO202503761,2025-12-24,10475,直播,数码,数码-002,2,859,1594.78,否
SO202502543,2025-12-24,11121,社群,男装,男装-006,1,199,174.63,否
SO202501435,2025-12-24,10223,直播,美妆,美妆-016,2,279,507.95,否
SO202504258,2025-12-24,14921,直播,美妆,美妆-001,3,129,333.35,否
SO202502892,2025-12-24,12698,直播,女装,女装-032,1,309,284.42,否
SO202502202,2025-12-24,16119,直播,家居,家居-006,2,109,204.79,否
SO202503607,2025-12-24,15334,直播,家居,家居-007,2,199,359.27,否
SO202502493,2025-12-24,17873,直播,美妆,美妆-017,1,359,346.23,否
SO202504160,2025-12-24,13922,推荐,女装,女装-014,1,259,233.76,否
SO202502783,2025-12-24,16379,直播,美妆,美妆-007,2,159,296.17,否
SO202501052,2025-12-24,14213,直播,女装,女装-032,2,309,556.81,否
SO202502908,2025-12-24,12106,搜索,美妆,美妆-018,1,489,448.54,否
SO202503291,2025-12-25,16294,搜索,男装,男装-006,2,199,367.87,否
SO202504899,2025-12-25,10619,直播,男装,男装-003,1,189,181.31,否
SO202502018,2025-12-25,16774,直播,家居,家居-001,1,39,38.77,否
SO202501798,2025-12-25,13068,推荐,女装,女装-003,2,189,358.89,否
SO202504652,2025-12-25,14778,直播,女装,女装-032,2,309,559.05,否
SO202500083,2025-12-25,14552,搜索,男装,男装-020,1,299,291.4,否
SO202504468,2025-12-25,11683,搜索,女装,女装-001,1,169,159.12,否
SO202504095,2025-12-25,14885,搜索,美妆,美妆-014,1,239,211.6,否
SO202504489,2025-12-25,12620,社群,美妆,美妆-007,2,159,289.02,否
SO202504622,2025-12-25,16210,搜索,男装,男装-020,1,299,296.72,否
SO202503405,2025-12-25,17142,直播,美妆,美妆-011,2,129,247.45,否
SO202500200,2025-12-25,12678,直播,美妆,美妆-002,3,369,1106.82,否
SO202500343,2025-12-25,16927,搜索,女装,女装-001,1,169,154.24,否
SO202501275,2025-12-25,10657,直播,美妆,美妆-007,2,159,274.52,否
SO202503646,2025-12-25,12187,搜索,男装,男装-006,3,199,536.82,否
SO202500463,2025-12-26,12449,直播,男装,男装-025,1,169,148.25,否
SO202503451,2025-12-26,17328,推荐,家居,家居-006,3,109,300.37,否
SO202502250,2025-12-26,10382,推荐,女装,女装-023,2,169,287.55,否
SO202503305,2025-12-26,17399,直播,男装,男装-003,1,189,183.33,否
SO202503392,2025-12-26,11814,推荐,女装,女装-032,2,309,546.1,否
SO202502542,2025-12-26,11826,搜索,美妆,美妆-007,2,159,282.48,否
SO202502019,2025-12-26,10173,搜索,女装,女装-021,1,269,242.6,否
SO202504528,2025-12-26,11494,社群,美妆,美妆-003,2,119,218.0,否
SO202504060,2025-12-26,13411,社群,美妆,美妆-014,1,239,225.44,否
SO202500378,2025-12-26,15746,搜索,家居,家居-007,1,199,175.9,否
SO202500236,2025-12-26,11868,推荐,男装,男装-006,3,199,509.07,否
SO202503699,2025-12-26,17330,直播,女装,女装-016,3,289,759.57,否
SO202502857,2025-12-26,14987,推荐,男装,男装-020,1,299,277.69,是
SO202500431,2025-12-26,11431,搜索,美妆,美妆-001,1,129,125.47,否
SO202504757,2025-12-26,11138,推荐,美妆,美妆-015,2,199,372.94,否
SO202502155,2025-12-26,17569,直播,美妆,美妆-018,2,489,975.51,否
SO202500636,2025-12-26,14349,推荐,美妆,美妆-014,1,239,223.76,否
SO202500049,2025-12-27,13102,推荐,男装,男装-006,1,199,183.18,否
SO202504493,2025-12-27,11359,直播,女装,女装-001,1,169,161.04,否
SO202501598,2025-12-27,17954,搜索,男装,男装-006,1,199,184.75,否
SO202503452,2025-12-27,15688,直播,女装,女装-035,1,289,247.45,否
SO202502426,2025-12-27,10200,推荐,美妆,美妆-010,1,389,345.38,否
SO202500453,2025-12-27,14566,直播,男装,男装-025,3,169,437.18,否
SO202503312,2025-12-27,11402,直播,美妆,美妆-017,1,359,314.96,否
SO202501269,2025-12-27,13578,推荐,数码,数码-008,2,1259,2166.48,否
SO202501991,2025-12-27,14664,直播,女装,女装-014,1,259,220.27,否
SO202500011,2025-12-27,14392,搜索,男装,男装-020,2,299,516.19,否
SO202503333,2025-12-27,11303,推荐,男装,男装-019,1,189,186.0,否
SO202504607,2025-12-27,14506,搜索,美妆,美妆-018,3,489,1377.15,否
SO202504251,2025-12-27,12179,搜索,家居,家居-005,3,59,171.73,否
SO202504332,2025-12-27,14177,直播,家居,家居-007,3,199,589.53,否
SO202500685,2025-12-27,14508,推荐,女装,女装-013,2,249,458.76,否
SO202504315,2025-12-27,11923,搜索,男装,男装-020,3,299,766.64,否
SO202502725,2025-12-27,10619,推荐,美妆,美妆-015,1,199,169.33,否
SO202503553,2025-12-28,16202,社群,数码,数码-001,1,2439,2285.69,否
SO202504075,2025-12-28,16451,社群,女装,女装-022,1,269,255.63,否
SO202501628,2025-12-28,16173,推荐,男装,男装-006,3,199,525.03,否
SO202503143,2025-12-28,10204,推荐,女装,女装-032,1,309,290.09,否
SO202500048,2025-12-28,13970,推荐,男装,男装-014,1,149,140.66,否
SO202500141,2025-12-28,13926,直播,美妆,美妆-016,3,279,775.5,否
SO202500563,2025-12-28,14212,搜索,数码,数码-002,1,859,766.94,否
SO202503342,2025-12-28,13291,推荐,女装,女装-033,3,289,847.54,否
SO202501317,2025-12-28,12272,搜索,美妆,美妆-019,2,199,372.82,否
SO202504855,2025-12-28,16171,搜索,美妆,美妆-007,3,159,455.56,否
SO202501781,2025-12-29,12866,推荐,家居,家居-004,1,59,54.56,否
SO202500291,2025-12-29,10996,搜索,美妆,美妆-017,1,359,340.35,否
SO202502311,2025-12-29,15053,搜索,女装,女装-023,1,169,159.66,否
SO202502066,2025-12-29,11893,直播,男装,男装-020,1,299,273.21,否
SO202504153,2025-12-29,11104,社群,家居,家居-001,1,39,38.7,否
SO202500361,2025-12-29,12970,搜索,男装,男装-006,1,199,180.1,否
SO202502225,2025-12-29,11501,直播,男装,男装-006,1,199,178.46,否
SO202501835,2025-12-29,13672,搜索,美妆,美妆-018,2,489,860.65,否
SO202502489,2025-12-29,10315,社群,女装,女装-005,1,269,233.37,否
SO202500739,2025-12-29,17471,社群,女装,女装-027,2,149,265.26,是
SO202501769,2025-12-29,12586,直播,美妆,美妆-015,1,199,172.4,否
SO202500705,2025-12-29,17373,社群,美妆,美妆-018,1,489,443.96,否
SO202500476,2025-12-30,15138,社群,家居,家居-010,1,179,153.1,否
SO202501983,2025-12-30,13935,社群,男装,男装-020,1,299,254.7,否
SO202502962,2025-12-30,12495,直播,美妆,美妆-017,2,359,664.01,是
SO202503732,2025-12-30,15014,搜索,女装,女装-032,3,309,817.47,是
SO202500498,2025-12-30,15311,直播,男装,男装-013,2,319,553.88,否
SO202502349,2025-12-30,14629,社群,女装,女装-032,3,309,792.33,否
SO202504503,2025-12-30,17915,搜索,女装,女装-031,3,189,558.15,否
SO202501469,2025-12-30,12900,搜索,美妆,美妆-014,2,239,457.2,否
SO202501258,2025-12-30,12621,直播,美妆,美妆-001,2,129,252.78,否
SO202502717,2025-12-30,13613,社群,女装,女装-021,1,269,261.96,否
SO202504614,2025-12-30,16928,搜索,美妆,美妆-003,2,119,212.1,否
SO202502957,2025-12-30,14506,推荐,数码,数码-009,1,1399,1197.56,否
SO202504134,2025-12-30,16853,搜索,男装,男装-014,2,149,286.95,否
SO202503618,2025-12-30,12514,社群,女装,女装-032,1,309,273.65,否
SO202500439,2025-12-31,11451,直播,家居,家居-014,1,59,56.62,否
SO202501365,2025-12-31,10857,直播,数码,数码-008,3,1259,3457.7,否
SO202500630,2025-12-31,16868,直播,美妆,美妆-011,3,129,361.36,否
SO202501880,2025-12-31,10007,直播,美妆,美妆-003,3,119,313.72,否
SO202501688,2025-12-31,11907,社群,女装,女装-022,1,269,268.34,否
SO202503229,2025-12-31,10955,推荐,数码,数码-003,1,1699,1684.31,否
SO202502278,2025-12-31,15935,推荐,男装,男装-006,2,199,394.1,否
SO202503810,2025-12-31,13753,搜索,男装,男装-006,1,199,175.63,否
SO202504404,2025-12-31,13290,直播,女装,女装-034,1,259,226.04,否
SO202500040,2025-12-31,16734,直播,女装,女装-022,3,269,694.6,否
SO202500645,2026-01-01,13567,搜索,美妆,美妆-020,3,479,1335.41,否
SO202501602,2026-01-01,14499,直播,女装,女装-032,2,309,536.99,否
SO202503859,2026-01-01,11734,直播,数码,数码-002,1,859,834.71,否
SO202503072,2026-01-01,14680,社群,男装,男装-001,2,329,562.21,否
SO202503028,2026-01-01,10626,社群,男装,男装-012,3,139,389.65,否
SO202503935,2026-01-01,10465,社群,美妆,美妆-020,2,479,874.3,否
SO202504466,2026-01-01,16069,社群,女装,女装-032,1,309,267.25,否
SO202503604,2026-01-01,12473,直播,美妆,美妆-007,1,159,140.49,否
SO202503584,2026-01-02,11289,推荐,女装,女装-032,2,309,580.7,否
SO202503000,2026-01-02,11865,直播,美妆,美妆-015,1,199,186.75,否
SO202501177,2026-01-02,16051,搜索,美妆,美妆-016,1,279,271.88,否
SO202500074,2026-01-02,14985,直播,家居,家居-001,1,39,33.94,否
SO202501490,2026-01-02,11363,搜索,美妆,美妆-011,1,129,112.51,否
SO202500286,2026-01-02,13882,推荐,美妆,美妆-003,1,119,117.02,否
SO202501992,2026-01-02,14781,推荐,美妆,美妆-003,2,119,229.96,否
SO202503002,2026-01-02,14181,搜索,家居,家居-004,1,59,52.94,否
SO202504516,2026-01-02,16777,搜索,美妆,美妆-014,3,239,658.18,否
SO202500423,2026-01-02,13530,直播,女装,女装-014,1,259,252.0,是
SO202501635,2026-01-02,11475,搜索,数码,数码-009,1,1399,1397.86,否
SO202502118,2026-01-02,15075,直播,男装,男装-020,1,299,293.27,否
SO202503080,2026-01-02,14837,搜索,女装,女装-032,2,309,527.93,否
SO202501926,2026-01-02,15430,社群,女装,女装-014,1,259,248.47,否
SO202503435,2026-01-02,11570,社群,男装,男装-020,1,299,289.36,否
SO202504402,2026-01-02,17631,推荐,美妆,美妆-017,1,359,339.53,否
SO202504772,2026-01-02,13690,直播,男装,男装-020,2,299,552.79,否
SO202501511,2026-01-02,11192,推荐,女装,女装-021,1,269,229.86,否
SO202502420,2026-01-03,12319,社群,家居,家居-004,1,59,54.08,否
SO202501014,2026-01-03,14667,推荐,女装,女装-026,3,209,601.12,否
SO202502165,2026-01-03,10901,直播,男装,男装-007,1,129,127.46,否
SO202502502,2026-01-03,12024,搜索,女装,女装-014,2,259,471.1,否
SO202503803,2026-01-03,16329,推荐,男装,男装-018,1,159,140.06,否
SO202503066,2026-01-03,16838,推荐,女装,女装-023,2,169,326.37,否
SO202502985,2026-01-03,10295,社群,家居,家居-001,1,39,33.43,否
SO202504020,2026-01-03,16880,社群,女装,女装-035,2,289,560.25,否
SO202504947,2026-01-03,17231,推荐,数码,数码-002,2,859,1685.67,否
SO202504303,2026-01-03,15631,搜索,男装,男装-013,3,319,849.89,否
SO202504991,2026-01-03,11131,搜索,男装,男装-008,1,299,277.19,否
SO202503726,2026-01-03,16535,搜索,女装,女装-021,3,269,708.06,否
SO202504280,2026-01-04,12532,搜索,女装,女装-012,3,239,652.74,否
SO202503518,2026-01-04,10282,直播,美妆,美妆-001,1,129,120.56,否
SO202501295,2026-01-04,11117,直播,女装,女装-031,3,189,521.26,是
SO202500541,2026-01-04,17683,搜索,男装,男装-014,1,149,132.79,否
SO202500531,2026-01-04,17733,推荐,美妆,美妆-014,1,239,233.37,否
SO202504945,2026-01-04,16876,直播,美妆,美妆-018,1,489,454.63,否
SO202502703,2026-01-04,14463,推荐,美妆,美妆-015,2,199,396.5,否
SO202500799,2026-01-04,16919,直播,女装,女装-014,2,259,511.79,否
SO202504224,2026-01-04,14198,搜索,美妆,美妆-001,2,129,222.7,否
SO202504808,2026-01-04,14401,直播,美妆,美妆-007,2,159,283.52,否
SO202502271,2026-01-04,17719,搜索,家居,家居-001,2,39,66.7,否
SO202503710,2026-01-04,10623,搜索,女装,女装-005,1,269,251.46,否
SO202502100,2026-01-04,17523,社群,男装,男装-008,2,299,552.24,否
SO202502123,2026-01-04,12189,搜索,家居,家居-006,2,109,206.14,否
SO202502001,2026-01-04,14392,直播,美妆,美妆-018,1,489,435.36,否
SO202500462,2026-01-04,10822,推荐,男装,男装-025,1,169,145.99,否
SO202502302,2026-01-04,14639,搜索,美妆,美妆-016,2,279,485.83,否
SO202504447,2026-01-04,11592,搜索,男装,男装-025,2,169,298.25,否
SO202503843,2026-01-04,10625,直播,女装,女装-021,2,269,458.95,否
SO202504667,2026-01-05,13057,直播,美妆,美妆-007,1,159,136.96,否
SO202501406,2026-01-05,16458,社群,女装,女装-021,2,269,510.59,否
SO202502756,2026-01-05,15237,推荐,男装,男装-020,2,299,560.74,否
SO202503183,2026-01-05,16847,推荐,美妆,美妆-014,1,239,203.93,否
SO202504739,2026-01-05,16843,社群,女装,女装-023,1,169,149.55,否
SO202500933,2026-01-05,14919,搜索,家居,家居-013,2,39,70.2,否
SO202504653,2026-01-05,12661,推荐,美妆,美妆-007,2,159,308.1,否
SO202503882,2026-01-05,15429,直播,女装,女装-001,2,169,315.16,否
SO202501569,2026-01-05,14034,社群,男装,男装-020,2,299,526.24,否
SO202500019,2026-01-05,10048,推荐,男装,男装-004,2,299,572.34,否
SO202502141,2026-01-05,12734,推荐,美妆,美妆-018,1,489,427.73,否
SO202502682,2026-01-05,11323,直播,男装,男装-020,2,299,569.3,否
SO202504102,2026-01-05,10323,推荐,男装,男装-007,1,129,117.16,否
SO202504994,2026-01-05,14945,推荐,美妆,美妆-007,1,159,137.92,否
SO202503589,2026-01-05,13787,搜索,男装,男装-025,1,169,161.3,否
SO202504200,2026-01-05,10961,推荐,男装,男装-019,2,189,339.43,否
SO202504635,2026-01-06,16424,直播,女装,女装-031,2,189,370.64,否
SO202501791,2026-01-06,13812,搜索,女装,女装-027,1,149,143.65,否
SO202501271,2026-01-06,12177,直播,女装,女装-021,1,269,230.9,否
SO202500353,2026-01-06,15592,直播,女装,女装-023,2,169,321.37,否
SO202504291,2026-01-06,15907,直播,女装,女装-021,1,269,257.3,否
SO202500325,2026-01-06,14760,推荐,女装,女装-035,3,289,777.19,否
SO202503966,2026-01-06,15584,社群,数码,数码-005,1,2639,2519.1,否
SO202502593,2026-01-06,10133,推荐,家居,家居-006,1,109,93.54,否
SO202502875,2026-01-06,17566,搜索,家居,家居-004,2,59,109.0,否
SO202501214,2026-01-06,12449,直播,男装,男装-006,2,199,342.49,否
SO202504939,2026-01-06,10673,直播,美妆,美妆-019,2,199,367.2,否
SO202500666,2026-01-07,12345,搜索,女装,女装-022,3,269,690.15,否
SO202500750,2026-01-07,17278,社群,女装,女装-027,1,149,138.52,否
SO202503152,2026-01-07,17148,直播,家居,家居-004,1,59,54.43,否
SO202503049,2026-01-07,12279,推荐,男装,男装-019,3,189,512.58,否
SO202504790,2026-01-07,11689,直播,美妆,美妆-001,2,129,250.32,否
SO202501576,2026-01-07,14062,社群,家居,家居-004,1,59,58.92,否
SO202504705,2026-01-07,11450,直播,女装,女装-022,2,269,523.25,否
SO202503045,2026-01-07,10084,直播,家居,家居-007,2,199,345.48,否
SO202503704,2026-01-07,12469,社群,美妆,美妆-018,1,489,447.5,否
SO202503315,2026-01-07,13418,直播,美妆,美妆-001,2,129,243.4,否
SO202502740,2026-01-07,11732,社群,女装,女装-033,3,289,795.5,否
SO202504062,2026-01-07,12520,直播,美妆,美妆-011,2,129,252.01,否
SO202502214,2026-01-07,17868,社群,女装,女装-032,1,309,272.66,否
SO202503760,2026-01-07,11900,推荐,男装,男装-015,1,149,145.22,否
SO202503334,2026-01-08,15774,直播,美妆,美妆-005,3,369,1087.41,否
SO202501819,2026-01-08,10666,推荐,女装,女装-022,3,269,702.71,否
SO202503691,2026-01-08,13346,搜索,女装,女装-007,2,129,233.05,否
SO202500447,2026-01-08,16963,推荐,男装,男装-014,1,149,129.51,否
SO202501068,2026-01-08,10223,推荐,男装,男装-015,1,149,140.19,否
SO202502008,2026-01-08,11959,直播,女装,女装-005,1,269,262.61,否
SO202500783,2026-01-08,10167,直播,男装,男装-006,1,199,174.64,否
SO202500090,2026-01-08,14554,搜索,男装,男装-006,1,199,192.61,否
SO202500996,2026-01-08,11968,社群,美妆,美妆-016,3,279,727.6,否
SO202500098,2026-01-08,11750,直播,女装,女装-032,1,309,275.23,否
SO202501108,2026-01-08,11830,推荐,女装,女装-032,1,309,307.44,否
SO202500337,2026-01-08,12286,搜索,美妆,美妆-014,2,239,411.19,否
SO202500445,2026-01-08,12806,推荐,女装,女装-023,1,169,167.34,否
SO202502190,2026-01-09,13247,推荐,美妆,美妆-010,1,389,340.58,否
SO202502317,2026-01-09,16465,直播,女装,女装-002,2,209,386.74,否
SO202501551,2026-01-09,14778,推荐,女装,女装-021,2,269,502.5,否
SO202503799,2026-01-09,11865,推荐,男装,男装-014,2,149,293.19,否
SO202502801,2026-01-09,14110,直播,男装,男装-019,3,189,487.61,否
SO202503402,2026-01-09,15416,直播,女装,女装-025,3,159,446.87,否
SO202502530,2026-01-09,12532,社群,家居,家居-004,1,59,57.05,否
SO202504121,2026-01-09,13159,搜索,男装,男装-014,1,149,137.95,是
SO202503593,2026-01-09,17592,搜索,女装,女装-014,1,259,244.79,否
SO202504238,2026-01-09,15627,推荐,美妆,美妆-015,3,199,536.15,是
SO202503144,2026-01-09,10888,搜索,女装,女装-003,1,189,186.85,否
SO202504347,2026-01-09,14724,直播,男装,男装-007,3,129,358.23,否
SO202504208,2026-01-09,13399,搜索,女装,女装-035,1,289,271.5,是
SO202501659,2026-01-09,14714,推荐,女装,女装-014,1,259,257.64,否
SO202503089,2026-01-10,12992,推荐,男装,男装-006,3,199,563.33,是
SO202502874,2026-01-10,10121,推荐,女装,女装-003,3,189,509.84,否
SO202500883,2026-01-10,17585,直播,男装,男装-012,1,139,137.86,否
SO202502766,2026-01-10,10722,直播,男装,男装-019,1,189,172.16,否
SO202504799,2026-01-10,10051,直播,数码,数码-009,1,1399,1205.24,否
SO202500348,2026-01-10,16745,推荐,家居,家居-007,2,199,344.42,否
SO202504050,2026-01-10,13968,直播,女装,女装-032,1,309,298.83,否
SO202501187,2026-01-10,10493,直播,女装,女装-016,1,289,251.27,否
SO202500973,2026-01-10,13722,直播,家居,家居-014,2,59,104.92,否
SO202500667,2026-01-10,14661,直播,女装,女装-021,1,269,255.82,否
SO202500975,2026-01-10,14132,推荐,女装,女装-014,2,259,451.89,是
SO202503453,2026-01-10,14885,推荐,男装,男装-012,2,139,243.01,否
SO202504839,2026-01-10,12657,直播,美妆,美妆-011,2,129,230.47,否
SO202504768,2026-01-10,12573,社群,女装,女装-005,3,269,791.78,否
SO202501282,2026-01-10,17289,直播,男装,男装-017,1,329,293.99,否
SO202504086,2026-01-10,10769,直播,数码,数码-008,1,1259,1173.72,否
SO202502594,2026-01-10,16052,直播,家居,家居-010,1,179,152.15,否
SO202503790,2026-01-10,15004,搜索,女装,女装-030,1,109,106.71,否
SO202501837,2026-01-11,17420,社群,男装,男装-012,1,139,134.4,否
SO202504235,2026-01-11,16713,搜索,男装,男装-006,2,199,338.74,否
SO202502775,2026-01-11,10891,直播,美妆,美妆-007,1,159,137.82,否
SO202501268,2026-01-11,15495,直播,女装,女装-010,2,239,450.32,否
SO202500037,2026-01-11,12833,搜索,女装,女装-001,2,169,330.24,否
SO202501960,2026-01-11,13510,推荐,女装,女装-014,3,259,660.88,否
SO202501962,2026-01-11,15780,搜索,男装,男装-024,3,109,285.52,否
SO202500481,2026-01-11,12135,直播,男装,男装-025,1,169,149.57,否
SO202502387,2026-01-11,10051,直播,美妆,美妆-001,3,129,336.57,否
SO202503818,2026-01-11,12959,推荐,美妆,美妆-005,1,369,330.71,否
SO202502507,2026-01-11,15455,搜索,女装,女装-013,1,249,245.99,否
SO202502152,2026-01-11,17250,推荐,家居,家居-002,2,129,253.86,是
SO202502556,2026-01-11,13203,直播,美妆,美妆-016,3,279,825.94,否
SO202503802,2026-01-11,16575,推荐,美妆,美妆-011,2,129,236.32,否
SO202500601,2026-01-11,14242,搜索,家居,家居-004,1,59,50.88,否
SO202500604,2026-01-11,12882,搜索,男装,男装-005,1,269,248.78,否
SO202501156,2026-01-11,17602,直播,女装,女装-021,1,269,253.63,否
SO202500584,2026-01-11,12093,直播,家居,家居-009,1,199,180.82,否
SO202504089,2026-01-11,12764,社群,男装,男装-020,1,299,278.64,否
SO202501155,2026-01-11,14689,直播,女装,女装-032,2,309,534.42,否
SO202500367,2026-01-11,16769,直播,女装,女装-014,1,259,239.5,否
SO202503785,2026-01-11,12135,直播,美妆,美妆-003,2,119,223.49,否
SO202504578,2026-01-11,13787,社群,女装,女装-031,2,189,369.86,否
SO202500228,2026-01-11,10636,直播,女装,女装-003,1,189,186.69,否
SO202500751,2026-01-11,16936,搜索,家居,家居-007,1,199,177.91,是
SO202503820,2026-01-12,15437,推荐,美妆,美妆-016,2,279,487.32,否
SO202500120,2026-01-12,16601,搜索,男装,男装-006,1,199,179.58,否
SO202502590,2026-01-12,17338,直播,男装,男装-014,2,149,262.87,否
SO202503019,2026-01-12,10367,直播,美妆,美妆-003,3,119,344.29,否
SO202502108,2026-01-12,12621,搜索,女装,女装-021,2,269,520.72,否
SO202503296,2026-01-12,14734,直播,女装,女装-021,1,269,263.4,否
SO202500504,2026-01-12,14689,搜索,男装,男装-014,2,149,292.57,否
SO202501069,2026-01-12,12063,搜索,女装,女装-012,1,239,238.52,否
SO202504531,2026-01-12,16491,推荐,美妆,美妆-002,1,369,335.8,否
SO202504905,2026-01-12,11882,推荐,男装,男装-006,1,199,178.33,否
SO202501349,2026-01-13,17887,社群,男装,男装-005,1,269,252.9,否
SO202504105,2026-01-13,17999,直播,数码,数码-008,1,1259,1130.46,否
SO202500850,2026-01-13,12622,社群,男装,男装-006,1,199,184.05,否
SO202504457,2026-01-13,11125,直播,女装,女装-031,1,189,183.97,否
SO202500166,2026-01-13,11118,推荐,女装,女装-013,1,249,227.15,否
SO202500451,2026-01-13,13036,社群,家居,家居-006,3,109,312.38,否
SO202503224,2026-01-13,15866,直播,男装,男装-020,1,299,296.18,否
SO202501384,2026-01-13,13322,推荐,美妆,美妆-007,2,159,293.1,否
SO202500222,2026-01-13,12324,直播,数码,数码-002,2,859,1598.15,否
SO202504271,2026-01-13,15873,直播,女装,女装-030,2,109,189.59,否
SO202502569,2026-01-13,14005,直播,男装,男装-008,3,299,873.11,否
SO202503729,2026-01-13,15198,社群,美妆,美妆-003,3,119,337.66,否
SO202502513,2026-01-13,12349,推荐,女装,女装-035,2,289,521.78,否
SO202503074,2026-01-14,14581,直播,女装,女装-021,1,269,229.69,否
SO202502867,2026-01-14,17154,推荐,男装,男装-004,1,299,271.72,否
SO202501201,2026-01-14,14499,搜索,数码,数码-002,2,859,1508.02,否
SO202500925,2026-01-14,11253,搜索,男装,男装-014,1,149,146.74,否
SO202500318,2026-01-14,16847,直播,家居,家居-007,2,199,344.49,否
SO202501191,2026-01-14,14650,推荐,美妆,美妆-001,1,129,126.38,否
SO202502959,2026-01-14,11330,推荐,家居,家居-014,1,59,56.41,否
SO202500998,2026-01-14,14569,直播,美妆,美妆-007,2,159,280.25,否
SO202500210,2026-01-14,15447,推荐,美妆,美妆-016,2,279,526.01,否
SO202502715,2026-01-14,15027,直播,美妆,美妆-017,1,359,308.66,是
SO202500640,2026-01-14,11069,社群,男装,男装-012,1,139,123.36,否
SO202504924,2026-01-14,15537,搜索,男装,男装-020,1,299,265.14,否
SO202500001,2026-01-14,16599,搜索,男装,男装-006,2,199,395.68,否
SO202500741,2026-01-15,14808,推荐,女装,女装-022,2,269,497.46,否
SO202504752,2026-01-15,11964,推荐,美妆,美妆-018,2,489,920.58,否
SO202504324,2026-01-15,17802,搜索,女装,女装-032,3,309,868.45,否
SO202500900,2026-01-15,14887,搜索,家居,家居-010,3,179,529.51,否
SO202502607,2026-01-15,12897,直播,美妆,美妆-007,3,159,418.83,否
SO202501986,2026-01-15,10028,搜索,男装,男装-006,2,199,355.28,否
SO202500852,2026-01-15,13990,搜索,女装,女装-017,2,149,274.5,否
SO202500064,2026-01-15,14582,直播,女装,女装-032,2,309,559.62,否
SO202501462,2026-01-15,15086,搜索,美妆,美妆-003,3,119,327.46,否
SO202503160,2026-01-15,13200,搜索,男装,男装-008,1,299,277.59,否
SO202502667,2026-01-15,12336,搜索,美妆,美妆-003,1,119,110.74,否
SO202500295,2026-01-15,14010,推荐,男装,男装-004,3,299,824.7,否
SO202500177,2026-01-15,12676,搜索,美妆,美妆-003,3,119,341.6,否
SO202502834,2026-01-15,12347,搜索,女装,女装-032,1,309,291.89,否
SO202500642,2026-01-15,16876,直播,美妆,美妆-010,1,389,382.48,否
SO202503439,2026-01-15,17564,社群,男装,男装-006,1,199,184.98,否
SO202503654,2026-01-16,15003,推荐,男装,男装-025,2,169,302.47,否
SO202504849,2026-01-16,14453,推荐,美妆,美妆-014,2,239,407.84,否
SO202504571,2026-01-16,16272,搜索,女装,女装-032,3,309,854.19,否
SO202502501,2026-01-16,16338,推荐,数码,数码-007,1,1359,1183.73,否
SO202500647,2026-01-16,15592,搜索,男装,男装-008,3,299,873.04,否
SO202501299,2026-01-16,10285,直播,美妆,美妆-001,2,129,227.42,否
SO202501310,2026-01-16,11121,推荐,男装,男装-014,1,149,147.89,否
SO202501030,2026-01-17,12688,推荐,男装,男装-019,2,189,352.53,否
SO202503743,2026-01-17,10279,直播,美妆,美妆-016,3,279,780.54,否
SO202502435,2026-01-17,12620,搜索,美妆,美妆-001,1,129,114.4,否
SO202504117,2026-01-17,13208,搜索,男装,男装-005,1,269,266.61,是
SO202503477,2026-01-17,12093,推荐,女装,女装-011,3,159,438.12,否
SO202500047,2026-01-17,14526,社群,女装,女装-021,2,269,505.29,否
SO202500672,2026-01-17,13596,直播,女装,女装-014,2,259,456.28,否
SO202502178,2026-01-17,11874,社群,男装,男装-020,2,299,586.53,否
SO202502235,2026-01-17,14823,推荐,美妆,美妆-001,1,129,121.24,否
SO202503007,2026-01-17,12706,社群,美妆,美妆-011,2,129,240.65,否
SO202501728,2026-01-17,15420,搜索,女装,女装-032,1,309,267.1,否
SO202504242,2026-01-17,10600,直播,美妆,美妆-007,1,159,155.38,否
SO202504222,2026-01-17,11900,社群,女装,女装-021,3,269,730.58,否
SO202500068,2026-01-17,12948,搜索,美妆,美妆-010,1,389,366.77,否
SO202501661,2026-01-17,11303,直播,男装,男装-008,1,299,278.92,否
SO202504278,2026-01-18,17508,搜索,女装,女装-011,1,159,146.83,否
SO202504476,2026-01-18,16567,社群,家居,家居-006,3,109,282.51,否
SO202503733,2026-01-18,12157,直播,数码,数码-007,3,1359,3472.42,否
SO202503346,2026-01-18,10269,搜索,美妆,美妆-003,3,119,312.66,否
SO202504381,2026-01-18,16196,直播,男装,男装-006,1,199,188.31,否
SO202503128,2026-01-18,15984,社群,美妆,美妆-001,3,129,347.65,否
SO202501575,2026-01-18,10893,推荐,女装,女装-032,3,309,863.76,否
SO202500718,2026-01-18,13306,搜索,男装,男装-022,1,229,203.93,否
SO202501197,2026-01-18,16490,社群,美妆,美妆-010,2,389,711.16,否
SO202504422,2026-01-19,15392,推荐,男装,男装-008,1,299,289.25,否
SO202502767,2026-01-19,11054,直播,男装,男装-006,2,199,383.93,否
SO202503447,2026-01-19,17166,搜索,女装,女装-023,1,169,152.16,否
SO202502032,2026-01-19,11185,搜索,美妆,美妆-007,2,159,283.68,否
SO202501608,2026-01-19,17523,搜索,美妆,美妆-011,3,129,368.68,否
SO202502054,2026-01-19,10983,直播,男装,男装-020,1,299,256.75,否
SO202504654,2026-01-19,12887,搜索,女装,女装-013,2,249,442.68,否
SO202500734,2026-01-19,10292,推荐,美妆,美妆-001,1,129,118.67,否
SO202504546,2026-01-19,16623,搜索,男装,男装-007,1,129,117.35,否
SO202504408,2026-01-19,14780,直播,美妆,美妆-001,2,129,255.87,否
SO202501494,2026-01-19,13987,搜索,美妆,美妆-010,1,389,375.44,否
SO202503184,2026-01-19,14306,推荐,女装,女装-022,1,269,236.57,否
SO202502579,2026-01-19,12163,搜索,男装,男装-006,1,199,194.94,否
SO202500102,2026-01-19,15744,推荐,美妆,美妆-005,2,369,668.99,否
SO202502322,2026-01-19,16898,搜索,家居,家居-011,1,119,103.84,否
SO202501701,2026-01-19,13473,直播,女装,女装-032,1,309,280.78,否
SO202503712,2026-01-20,15923,直播,女装,女装-027,1,149,132.24,否
SO202503440,2026-01-20,14437,搜索,美妆,美妆-007,2,159,297.67,否
SO202500644,2026-01-20,16992,推荐,美妆,美妆-016,1,279,238.37,否
SO202502845,2026-01-20,17030,搜索,女装,女装-022,3,269,692.91,否
SO202502955,2026-01-20,15343,推荐,女装,女装-001,2,169,336.82,否
SO202501508,2026-01-20,16071,社群,家居,家居-007,1,199,178.4,否
SO202504681,2026-01-20,12853,直播,男装,男装-020,1,299,283.41,否
SO202504358,2026-01-20,10542,社群,家居,家居-015,2,179,334.97,否
SO202501836,2026-01-20,11016,搜索,女装,女装-021,1,269,262.27,否
SO202503005,2026-01-21,16413,搜索,女装,女装-001,1,169,167.13,否
SO202500867,2026-01-21,17367,社群,男装,男装-015,1,149,135.47,否
SO202500429,2026-01-21,11818,推荐,女装,女装-022,1,269,247.86,是
SO202502136,2026-01-21,13821,直播,美妆,美妆-007,1,159,155.24,否
SO202500981,2026-01-21,16764,搜索,男装,男装-020,2,299,584.24,否
SO202504359,2026-01-21,17213,直播,男装,男装-015,2,149,278.29,否
SO202504523,2026-01-21,11646,直播,家居,家居-011,1,119,115.42,否
SO202504910,2026-01-21,10553,直播,女装,女装-022,2,269,537.38,否
SO202504377,2026-01-21,10810,直播,男装,男装-021,3,349,993.6,否
SO202501952,2026-01-21,10686,搜索,美妆,美妆-001,2,129,243.41,否
SO202504000,2026-01-21,16071,推荐,男装,男装-020,1,299,278.25,否
SO202501009,2026-01-21,10362,直播,美妆,美妆-014,1,239,221.34,否
SO202503972,2026-01-21,17102,直播,女装,女装-032,3,309,808.82,否
SO202503023,2026-01-22,17298,搜索,男装,男装-022,2,229,392.38,否
SO202504368,2026-01-22,10578,搜索,女装,女装-015,3,119,310.86,否
SO202503930,2026-01-22,12887,搜索,女装,女装-021,1,269,237.36,否
SO202500038,2026-01-22,11854,社群,女装,女装-027,2,149,287.42,否
SO202500901,2026-01-22,11301,直播,美妆,美妆-001,1,129,123.93,否
SO202502688,2026-01-22,13123,搜索,女装,女装-012,1,239,225.58,否
SO202504353,2026-01-22,14776,搜索,女装,女装-027,3,149,423.36,否
SO202502708,2026-01-22,11125,搜索,男装,男装-008,3,299,821.26,是
SO202501424,2026-01-22,13900,推荐,女装,女装-035,2,289,535.09,否
SO202500399,2026-01-23,12954,直播,女装,女装-032,1,309,300.99,否
SO202500485,2026-01-23,13332,推荐,美妆,美妆-014,1,239,227.68,否
SO202500444,2026-01-23,16010,推荐,家居,家居-002,1,129,109.87,否
SO202504318,2026-01-23,10217,搜索,女装,女装-001,1,169,144.55,是
SO202500686,2026-01-23,13451,直播,女装,女装-022,3,269,804.78,否
SO202500123,2026-01-23,13935,直播,美妆,美妆-016,1,279,245.31,否
SO202501028,2026-01-23,16071,推荐,女装,女装-022,3,269,728.51,否
SO202500717,2026-01-23,11125,社群,女装,女装-032,3,309,828.92,否
SO202503463,2026-01-23,12225,推荐,男装,男装-004,3,299,850.88,否
SO202501842,2026-01-23,14645,社群,女装,女装-007,1,129,124.42,否
SO202502251,2026-01-23,12831,直播,男装,男装-020,1,299,271.08,否
SO202500013,2026-01-23,16868,直播,女装,女装-011,1,159,136.32,否
SO202503111,2026-01-24,13743,推荐,女装,女装-026,1,209,182.55,否
SO202502940,2026-01-24,10332,搜索,男装,男装-005,3,269,732.11,否
SO202502164,2026-01-24,16986,直播,男装,男装-007,3,129,358.92,否
SO202502101,2026-01-24,12579,直播,家居,家居-014,1,59,56.1,否
SO202501060,2026-01-24,17379,搜索,男装,男装-020,2,299,516.17,否
SO202503403,2026-01-24,14336,直播,女装,女装-021,3,269,686.02,否
SO202504764,2026-01-24,11785,直播,美妆,美妆-001,1,129,113.83,否
SO202502431,2026-01-24,14255,搜索,男装,男装-006,1,199,185.72,否
SO202504831,2026-01-24,17127,搜索,男装,男装-013,3,319,817.34,否
SO202501160,2026-01-24,10554,社群,家居,家居-002,2,129,221.63,否
SO202500840,2026-01-24,15651,直播,美妆,美妆-003,1,119,105.63,否
SO202503582,2026-01-24,12085,直播,男装,男装-014,2,149,254.84,否
SO202501796,2026-01-24,14484,搜索,男装,男装-001,1,329,296.52,否
SO202503723,2026-01-24,10327,搜索,女装,女装-023,1,169,146.4,否
SO202500253,2026-01-24,11136,搜索,女装,女装-032,2,309,528.09,否
SO202503782,2026-01-24,11694,社群,美妆,美妆-011,1,129,125.57,否
SO202504788,2026-01-24,10675,搜索,女装,女装-014,1,259,256.36,否
SO202502408,2026-01-25,14240,搜索,美妆,美妆-007,1,159,144.06,否
SO202501266,2026-01-25,11012,搜索,女装,女装-014,3,259,685.12,否
SO202504906,2026-01-25,15749,直播,女装,女装-021,3,269,769.17,否
SO202503687,2026-01-25,14201,直播,家居,家居-011,3,119,330.77,否
SO202502671,2026-01-25,14137,搜索,女装,女装-011,2,159,276.56,否
SO202504176,2026-01-25,10871,直播,女装,女装-033,2,289,560.23,否
SO202502294,2026-01-25,17589,推荐,女装,女装-011,1,159,137.83,否
SO202504127,2026-01-25,16082,搜索,女装,女装-014,2,259,490.29,否
SO202502754,2026-01-25,15135,推荐,美妆,美妆-001,1,129,119.75,否
SO202500382,2026-01-25,12857,直播,美妆,美妆-001,2,129,254.89,否
SO202503263,2026-01-25,14824,社群,数码,数码-008,3,1259,3504.66,否
SO202500535,2026-01-25,11697,推荐,男装,男装-020,2,299,592.24,否
SO202500597,2026-01-25,15007,搜索,美妆,美妆-001,3,129,370.82,否
SO202500341,2026-01-25,11733,直播,男装,男装-008,1,299,275.74,否
SO202504254,2026-01-25,10279,直播,男装,男装-025,2,169,336.03,否
SO202504597,2026-01-26,15168,直播,数码,数码-010,1,2029,1972.25,否
SO202504100,2026-01-26,16917,搜索,女装,女装-023,2,169,301.31,否
SO202501955,2026-01-26,13084,直播,美妆,美妆-007,1,159,135.51,否
SO202502876,2026-01-26,16069,搜索,女装,女装-022,3,269,788.85,是
SO202502718,2026-01-26,14804,社群,美妆,美妆-015,1,199,174.88,否
SO202503768,2026-01-26,13542,搜索,男装,男装-020,2,299,594.68,否
SO202500509,2026-01-26,13737,直播,家居,家居-011,2,119,202.81,否
SO202503027,2026-01-26,11734,搜索,男装,男装-020,1,299,266.91,否
SO202503258,2026-01-26,17298,搜索,男装,男装-006,1,199,192.98,否
SO202503517,2026-01-26,12553,直播,美妆,美妆-001,1,129,110.3,否
SO202500710,2026-01-26,15597,社群,男装,男装-020,3,299,877.02,否
SO202503281,2026-01-26,13288,直播,美妆,美妆-015,2,199,379.43,否
SO202502419,2026-01-26,15040,推荐,女装,女装-032,2,309,584.31,是
SO202500031,2026-01-26,16433,搜索,美妆,美妆-016,2,279,507.0,否
SO202502625,2026-01-27,11970,直播,男装,男装-005,1,269,249.97,否
SO202501375,2026-01-27,17564,直播,数码,数码-008,1,1259,1237.3,否
SO202502587,2026-01-27,15802,直播,美妆,美妆-015,1,199,184.75,否
SO202501648,2026-01-27,13598,搜索,家居,家居-013,1,39,35.21,否
SO202504010,2026-01-27,12945,直播,女装,女装-024,2,299,583.14,否
SO202501170,2026-01-27,11684,直播,女装,女装-031,1,189,175.19,否
SO202501556,2026-01-27,14190,社群,家居,家居-001,2,39,70.09,否
SO202501445,2026-01-27,14894,搜索,男装,男装-008,1,299,281.23,否
SO202500912,2026-01-27,17379,推荐,美妆,美妆-011,2,129,224.68,否
SO202502679,2026-01-27,12992,直播,家居,家居-005,2,59,110.35,否
SO202500620,2026-01-28,13044,社群,美妆,美妆-017,1,359,343.41,否
SO202503884,2026-01-28,12021,推荐,男装,男装-004,1,299,258.85,否
SO202502241,2026-01-28,14309,搜索,美妆,美妆-011,2,129,226.03,否
SO202501360,2026-01-28,16252,直播,女装,女装-034,1,259,246.58,否
SO202501166,2026-01-28,10553,推荐,女装,女装-029,1,129,125.44,否
SO202503634,2026-01-28,12135,推荐,美妆,美妆-007,3,159,450.34,否
SO202504582,2026-01-28,12153,搜索,美妆,美妆-011,1,129,127.57,否
SO202501427,2026-01-28,10207,搜索,女装,女装-031,2,189,363.48,否
SO202502522,2026-01-28,17654,直播,女装,女装-032,2,309,546.55,否
SO202500153,2026-01-28,10921,直播,男装,男装-007,2,129,222.86,否
SO202504129,2026-01-28,10213,直播,家居,家居-004,2,59,117.06,否
SO202503891,2026-01-28,10197,推荐,美妆,美妆-011,2,129,234.86,否
SO202501321,2026-01-28,10805,搜索,男装,男装-020,3,299,793.99,否
SO202500268,2026-01-28,13030,搜索,女装,女装-001,1,169,157.88,是
SO202502171,2026-01-28,10666,直播,美妆,美妆-001,1,129,126.88,否
SO202501966,2026-01-29,13135,直播,美妆,美妆-002,3,369,1079.96,否
SO202500948,2026-01-29,13842,社群,美妆,美妆-001,1,129,125.91,否
SO202504817,2026-01-29,13190,推荐,男装,男装-006,3,199,572.97,否
SO202503592,2026-01-29,15029,直播,女装,女装-023,2,169,322.85,是
SO202503167,2026-01-29,15280,直播,女装,女装-032,1,309,290.53,否
SO202500706,2026-01-29,12163,搜索,美妆,美妆-011,2,129,240.05,否
SO202500655,2026-01-29,13839,社群,女装,女装-014,2,259,445.07,否
SO202501761,2026-01-29,17417,搜索,女装,女装-005,1,269,239.29,否
SO202501586,2026-01-29,10833,直播,女装,女装-023,3,169,486.69,否
SO202502728,2026-01-29,14768,社群,美妆,美妆-018,1,489,463.13,否
SO202501489,2026-01-30,11402,直播,女装,女装-032,2,309,526.35,是
SO202504326,2026-01-30,13599,直播,美妆,美妆-011,1,129,125.7,否
SO202501229,2026-01-30,16244,推荐,男装,男装-006,1,199,181.22,否
SO202501283,2026-01-30,11180,推荐,女装,女装-022,1,269,264.48,否
SO202501531,2026-01-30,15780,推荐,男装,男装-025,1,169,150.91,否
SO202500440,2026-01-30,14221,社群,女装,女装-017,1,149,128.75,否
SO202501064,2026-01-30,10849,推荐,美妆,美妆-003,1,119,109.16,否
SO202502734,2026-01-30,16746,搜索,女装,女装-014,1,259,225.81,否
SO202504976,2026-01-30,15898,直播,女装,女装-027,1,149,138.97,否
SO202500544,2026-01-30,17561,社群,美妆,美妆-009,3,379,1046.65,否
SO202503130,2026-01-30,11092,推荐,美妆,美妆-010,2,389,713.47,否
SO202500526,2026-01-30,11816,直播,男装,男装-025,2,169,313.38,否
SO202503303,2026-01-30,12932,推荐,女装,女装-001,2,169,324.63,否
SO202501959,2026-01-30,11547,直播,美妆,美妆-003,1,119,118.09,否
SO202503487,2026-01-31,15516,直播,男装,男装-006,1,199,185.15,否
SO202502074,2026-01-31,10791,直播,美妆,美妆-001,1,129,119.9,否
SO202500836,2026-01-31,15015,直播,数码,数码-004,1,1909,1749.8,否
SO202502200,2026-01-31,11204,搜索,女装,女装-003,2,189,330.46,否
SO202504608,2026-01-31,16635,推荐,男装,男装-014,1,149,127.45,否
SO202504378,2026-01-31,14150,搜索,美妆,美妆-001,1,129,110.18,否
SO202503357,2026-01-31,14987,直播,美妆,美妆-003,2,119,204.66,否
SO202501042,2026-01-31,10169,推荐,男装,男装-014,2,149,295.05,否
SO202501154,2026-01-31,12832,直播,女装,女装-032,1,309,270.03,否
SO202504589,2026-01-31,15031,推荐,美妆,美妆-016,2,279,521.5,否
SO202500635,2026-01-31,14003,直播,女装,女装-014,1,259,226.58,否
SO202503606,2026-01-31,16835,直播,男装,男装-001,1,329,307.85,否
SO202500570,2026-01-31,16395,推荐,美妆,美妆-011,1,129,114.01,否
SO202503036,2026-01-31,10823,搜索,女装,女装-022,1,269,264.15,否
SO202502094,2026-02-01,13251,搜索,家居,家居-007,1,199,172.69,否
SO202502597,2026-02-01,16074,社群,男装,男装-015,2,149,264.94,否
SO202502358,2026-02-01,13751,搜索,家居,家居-014,1,59,52.12,否
SO202503210,2026-02-01,16713,搜索,美妆,美妆-010,1,389,362.56,否
SO202504191,2026-02-01,10438,推荐,家居,家居-004,3,59,167.29,否
SO202502078,2026-02-01,13982,直播,美妆,美妆-005,1,369,334.04,否
SO202500085,2026-02-01,17376,社群,女装,女装-014,2,259,449.0,否
SO202501374,2026-02-01,17246,直播,男装,男装-014,2,149,283.8,否
SO202500721,2026-02-01,14007,直播,美妆,美妆-010,1,389,355.56,否
SO202501491,2026-02-01,12654,社群,数码,数码-008,1,1259,1111.67,否
SO202500072,2026-02-01,17489,搜索,男装,男装-025,1,169,165.91,否
SO202500676,2026-02-01,15203,直播,美妆,美妆-015,1,199,190.09,否
SO202500971,2026-02-01,14127,直播,美妆,美妆-011,1,129,116.99,否
SO202503986,2026-02-01,12769,搜索,女装,女装-032,2,309,575.46,否
SO202504673,2026-02-01,15200,直播,美妆,美妆-011,1,129,115.42,否
SO202501097,2026-02-02,17450,推荐,美妆,美妆-020,3,479,1283.91,否
SO202504823,2026-02-02,16541,推荐,女装,女装-013,2,249,425.68,是
SO202500522,2026-02-02,17379,直播,男装,男装-014,1,149,130.18,否
SO202504321,2026-02-02,10857,社群,男装,男装-025,2,169,311.56,是
SO202500909,2026-02-02,15135,直播,数码,数码-003,2,1699,3089.71,否
SO202504735,2026-02-02,15439,直播,男装,男装-008,2,299,517.37,否
SO202500310,2026-02-02,17531,直播,女装,女装-022,3,269,719.02,否
SO202504736,2026-02-03,17054,推荐,男装,男装-008,1,299,272.32,否
SO202501274,2026-02-03,13937,推荐,美妆,美妆-016,3,279,713.09,否
SO202501376,2026-02-03,17371,推荐,数码,数码-008,1,1259,1200.45,否
SO202500986,2026-02-03,16876,搜索,女装,女装-031,2,189,342.48,否
SO202502406,2026-02-03,14401,直播,数码,数码-010,2,2029,3519.43,否
SO202504894,2026-02-03,12247,直播,男装,男装-006,1,199,178.91,否
SO202502071,2026-02-03,16560,直播,美妆,美妆-007,1,159,147.95,否
SO202500263,2026-02-03,12323,社群,美妆,美妆-011,1,129,121.82,否
SO202500477,2026-02-03,10805,搜索,男装,男装-004,3,299,828.54,否
SO202500235,2026-02-03,10486,搜索,女装,女装-014,2,259,454.58,否
SO202503735,2026-02-03,10553,社群,美妆,美妆-014,3,239,652.11,否
SO202503424,2026-02-03,14156,推荐,家居,家居-005,2,59,101.77,否
SO202502216,2026-02-04,13794,搜索,女装,女装-021,1,269,250.26,否
SO202500017,2026-02-04,14523,搜索,男装,男装-005,1,269,260.98,否
SO202501568,2026-02-04,16196,推荐,家居,家居-013,2,39,67.17,否
SO202502272,2026-02-04,12355,直播,数码,数码-009,1,1399,1362.2,否
SO202503061,2026-02-04,10823,直播,美妆,美妆-005,2,369,649.41,否
SO202502098,2026-02-04,14508,社群,家居,家居-010,2,179,347.4,否
SO202501725,2026-02-04,12659,社群,男装,男装-008,1,299,265.73,否
SO202502197,2026-02-04,12994,社群,家居,家居-006,3,109,302.82,否
SO202504284,2026-02-04,15927,推荐,数码,数码-010,3,2029,5278.7,否
SO202504051,2026-02-04,15864,直播,美妆,美妆-014,3,239,665.5,否
SO202503944,2026-02-04,14760,直播,男装,男装-004,2,299,575.59,否
SO202503742,2026-02-04,10871,直播,美妆,美妆-007,1,159,152.66,否
SO202504190,2026-02-05,12432,直播,男装,男装-014,1,149,139.03,否
SO202503225,2026-02-05,16736,直播,家居,家居-004,2,59,100.61,否
SO202502616,2026-02-05,10567,推荐,美妆,美妆-007,1,159,136.15,否
SO202501715,2026-02-05,17130,搜索,家居,家居-006,1,109,103.62,否
SO202503558,2026-02-05,11183,直播,家居,家居-004,1,59,56.68,否
SO202501119,2026-02-05,17512,直播,女装,女装-001,1,169,158.52,是
SO202502956,2026-02-05,16412,推荐,女装,女装-003,2,189,371.34,否
SO202501600,2026-02-06,17073,直播,男装,男装-020,1,299,268.08,否
SO202503515,2026-02-06,11887,推荐,家居,家居-013,1,39,38.69,否
SO202501070,2026-02-06,10070,直播,女装,女装-001,2,169,323.5,否
SO202502083,2026-02-06,14973,搜索,女装,女装-001,3,169,436.67,否
SO202503062,2026-02-06,14917,推荐,男装,男装-020,2,299,558.55,否
SO202501708,2026-02-06,15518,直播,美妆,美妆-002,2,369,732.65,否
SO202504647,2026-02-06,13848,搜索,男装,男装-005,3,269,783.31,否
SO202501859,2026-02-06,13878,直播,男装,男装-020,2,299,508.68,否
SO202501521,2026-02-06,14302,直播,美妆,美妆-003,1,119,104.24,否
SO202502925,2026-02-06,13786,直播,美妆,美妆-007,1,159,158.35,否
SO202501261,2026-02-06,15561,搜索,家居,家居-007,2,199,353.03,否
SO202503921,2026-02-06,16887,推荐,女装,女装-001,2,169,324.61,否
SO202502239,2026-02-06,14078,推荐,女装,女装-023,1,169,148.23,否
SO202503991,2026-02-07,14874,推荐,女装,女装-034,3,259,720.92,否
SO202501046,2026-02-07,10081,直播,女装,女装-022,2,269,480.37,否
SO202501877,2026-02-07,12442,社群,男装,男装-006,1,199,193.02,否
SO202503494,2026-02-07,11865,搜索,男装,男装-009,1,169,146.7,否
SO202502208,2026-02-07,16018,社群,男装,男装-018,1,159,150.73,否
SO202504575,2026-02-07,15523,搜索,男装,男装-014,1,149,135.87,否
SO202504416,2026-02-07,12157,社群,家居,家居-014,2,59,115.52,否
SO202504173,2026-02-07,11668,直播,女装,女装-022,2,269,458.14,否
SO202503488,2026-02-07,17566,推荐,女装,女装-011,1,159,141.74,否
SO202504819,2026-02-07,17010,直播,女装,女装-003,1,189,182.44,否
SO202502283,2026-02-07,13478,搜索,女装,女装-016,2,289,531.19,否
SO202501818,2026-02-07,11341,搜索,女装,女装-034,1,259,227.51,是
SO202500484,2026-02-07,14171,推荐,美妆,美妆-018,2,489,862.09,否
SO202501016,2026-02-07,14521,推荐,美妆,美妆-015,1,199,194.21,是
SO202503844,2026-02-07,16034,推荐,女装,女装-021,1,269,251.19,否
SO202500432,2026-02-07,16135,搜索,美妆,美妆-014,3,239,690.32,否
SO202502045,2026-02-07,14485,搜索,男装,男装-006,1,199,198.02,否
SO202502050,2026-02-08,10948,直播,女装,女装-022,1,269,259.08,否
SO202504942,2026-02-08,15079,搜索,女装,女装-021,1,269,252.35,否
SO202501002,2026-02-08,11896,直播,美妆,美妆-007,1,159,153.12,否
SO202500602,2026-02-08,15199,推荐,女装,女装-022,1,269,249.54,否
SO202500874,2026-02-08,15957,推荐,家居,家居-015,2,179,324.17,否
SO202503668,2026-02-08,14333,推荐,女装,女装-032,1,309,267.94,否
SO202502481,2026-02-08,11667,社群,美妆,美妆-011,2,129,250.21,否
SO202501532,2026-02-08,17354,直播,美妆,美妆-003,1,119,106.77,否
SO202504728,2026-02-08,14919,推荐,男装,男装-014,2,149,256.8,否
SO202504094,2026-02-08,17516,搜索,男装,男装-020,2,299,585.59,否
SO202501585,2026-02-08,15198,社群,美妆,美妆-010,2,389,671.12,否
SO202503522,2026-02-08,16772,直播,美妆,美妆-011,2,129,247.87,否
SO202503656,2026-02-08,13123,直播,男装,男装-019,3,189,483.59,否
SO202503331,2026-02-08,10384,搜索,家居,家居-014,1,59,57.74,否
SO202503842,2026-02-09,17579,直播,美妆,美妆-018,1,489,469.21,否
SO202501272,2026-02-09,17338,搜索,美妆,美妆-018,1,489,417.76,是
SO202501653,2026-02-09,16530,搜索,美妆,美妆-007,1,159,141.03,否
SO202501183,2026-02-09,16991,推荐,美妆,美妆-015,2,199,358.02,否
SO202504005,2026-02-09,14977,搜索,美妆,美妆-003,3,119,331.25,否
SO202501181,2026-02-09,11093,搜索,家居,家居-006,2,109,217.24,否
SO202503757,2026-02-09,17925,搜索,家居,家居-002,1,129,113.31,否
SO202501529,2026-02-09,10624,直播,美妆,美妆-018,1,489,465.97,否
SO202502187,2026-02-09,12247,搜索,女装,女装-033,1,289,262.2,否
SO202503596,2026-02-09,15398,直播,女装,女装-023,1,169,143.83,否
SO202500161,2026-02-09,13191,社群,美妆,美妆-002,1,369,348.48,否
SO202500761,2026-02-09,10889,社群,男装,男装-024,2,109,198.28,否
SO202503984,2026-02-10,11660,搜索,美妆,美妆-007,2,159,303.96,否
SO202501120,2026-02-10,11818,搜索,美妆,美妆-001,3,129,339.46,否
SO202500493,2026-02-10,11766,直播,美妆,美妆-005,1,369,342.6,是
SO202503815,2026-02-10,12822,搜索,女装,女装-032,1,309,266.96,否
SO202504585,2026-02-10,12241,推荐,男装,男装-008,1,299,262.94,是
SO202502884,2026-02-10,14305,推荐,家居,家居-005,1,59,57.42,否
SO202500091,2026-02-10,11459,搜索,女装,女装-025,1,159,149.15,否
SO202504441,2026-02-10,16212,社群,美妆,美妆-007,2,159,304.87,否
SO202503827,2026-02-10,15258,直播,女装,女装-027,1,149,126.99,否
SO202503510,2026-02-10,16040,直播,女装,女装-021,1,269,256.21,是
SO202501395,2026-02-10,17569,直播,美妆,美妆-001,1,129,125.91,否
SO202502675,2026-02-10,11670,搜索,美妆,美妆-011,1,129,127.93,否
SO202503533,2026-02-10,11147,搜索,男装,男装-020,1,299,285.86,否
SO202504804,2026-02-10,15418,直播,美妆,美妆-003,1,119,106.86,否
SO202502468,2026-02-11,16991,直播,美妆,美妆-001,1,129,121.49,否
SO202503804,2026-02-11,10100,搜索,美妆,美妆-011,2,129,245.67,否
SO202500611,2026-02-11,10711,直播,数码,数码-010,2,2029,3736.05,是
SO202504565,2026-02-11,15337,搜索,女装,女装-035,1,289,273.15,否
SO202501163,2026-02-11,16084,推荐,女装,女装-022,3,269,737.65,是
SO202504174,2026-02-11,11000,搜索,男装,男装-001,2,329,589.6,否
SO202504912,2026-02-11,15964,搜索,美妆,美妆-018,2,489,952.55,否
SO202500581,2026-02-11,16312,直播,美妆,美妆-007,1,159,151.7,否
SO202500745,2026-02-11,16027,直播,男装,男装-006,2,199,372.23,否
SO202500668,2026-02-11,11377,推荐,家居,家居-004,1,59,57.39,否
SO202502649,2026-02-11,11171,直播,美妆,美妆-014,1,239,232.66,否
SO202504588,2026-02-11,16896,推荐,男装,男装-008,1,299,275.81,是
SO202500528,2026-02-11,16958,搜索,女装,女装-035,2,289,554.25,否
SO202500282,2026-02-11,17313,推荐,家居,家居-004,1,59,51.99,是
SO202500385,2026-02-11,13424,搜索,家居,家居-014,1,59,51.87,否
SO202500736,2026-02-11,17776,直播,美妆,美妆-010,2,389,673.04,否
SO202501538,2026-02-11,15338,搜索,美妆,美妆-016,1,279,277.22,是
SO202500470,2026-02-12,13656,直播,女装,女装-022,1,269,234.06,否
SO202500404,2026-02-12,17589,搜索,女装,女装-032,2,309,609.13,否
SO202504018,2026-02-12,13008,社群,女装,女装-035,2,289,505.94,否
SO202500814,2026-02-12,10538,推荐,家居,家居-011,1,119,108.55,否
SO202503937,2026-02-12,14991,推荐,美妆,美妆-001,1,129,125.01,否
SO202502438,2026-02-12,12678,社群,男装,男装-018,2,159,295.76,否
SO202501290,2026-02-12,10430,推荐,美妆,美妆-011,1,129,116.55,否
SO202500208,2026-02-12,11201,搜索,美妆,美妆-001,2,129,232.74,否
SO202504286,2026-02-12,11406,社群,美妆,美妆-001,2,129,235.84,否
SO202504670,2026-02-12,17136,搜索,美妆,美妆-015,1,199,172.92,否
SO202502003,2026-02-12,13672,社群,女装,女装-003,1,189,180.75,否
SO202503449,2026-02-12,16960,搜索,女装,女装-028,1,299,263.62,否
SO202503525,2026-02-12,10595,直播,男装,男装-004,1,299,280.43,否
SO202500089,2026-02-12,15809,搜索,女装,女装-023,1,169,149.2,否
SO202502000,2026-02-12,10954,直播,女装,女装-029,3,129,385.83,否
SO202500002,2026-02-13,13716,社群,男装,男装-020,2,299,591.29,否
SO202504972,2026-02-13,17607,推荐,女装,女装-014,2,259,451.69,否
SO202504813,2026-02-13,14127,直播,男装,男装-012,1,139,133.28,否
SO202501776,2026-02-13,14986,直播,家居,家居-001,3,39,115.17,否
SO202500824,2026-02-13,13622,直播,男装,男装-015,3,149,386.9,否
SO202500860,2026-02-13,12625,推荐,男装,男装-015,2,149,262.94,否
SO202504778,2026-02-13,12917,搜索,美妆,美妆-015,1,199,187.69,否
SO202504405,2026-02-13,13889,社群,女装,女装-023,2,169,316.47,否
SO202502523,2026-02-13,17110,搜索,男装,男装-006,1,199,187.42,否
SO202504046,2026-02-13,17063,搜索,男装,男装-020,3,299,861.96,否
SO202503845,2026-02-13,15150,社群,美妆,美妆-001,2,129,248.0,否
SO202501312,2026-02-13,16636,搜索,女装,女装-013,1,249,217.46,否
SO202500714,2026-02-13,15037,推荐,美妆,美妆-018,1,489,440.0,否
SO202500015,2026-02-14,11202,搜索,女装,女装-005,3,269,757.09,否
SO202500220,2026-02-14,11837,搜索,女装,女装-014,3,259,767.98,否
SO202503632,2026-02-14,15161,社群,家居,家居-007,1,199,198.17,否
SO202500424,2026-02-14,13138,社群,家居,家居-001,1,39,38.75,否
SO202500287,2026-02-14,17703,搜索,数码,数码-008,2,1259,2224.44,否
SO202503087,2026-02-14,16206,推荐,家居,家居-010,1,179,168.54,否
SO202502707,2026-02-14,12415,搜索,家居,家居-012,3,169,433.78,否
SO202503805,2026-02-14,10810,直播,数码,数码-010,2,2029,3856.6,否
SO202503166,2026-02-14,11930,搜索,美妆,美妆-010,2,389,738.85,是
SO202500313,2026-02-14,16898,搜索,女装,女装-001,1,169,164.14,否
SO202501198,2026-02-14,16576,社群,男装,男装-024,2,109,189.9,否
SO202504317,2026-02-14,10173,直播,男装,男装-012,1,139,138.31,否
SO202501313,2026-02-14,14152,推荐,女装,女装-031,2,189,362.99,否
SO202501184,2026-02-14,10001,社群,美妆,美妆-018,1,489,427.09,否
SO202503838,2026-02-14,11456,推荐,女装,女装-008,2,219,407.3,否
SO202503535,2026-02-15,14914,搜索,美妆,美妆-007,1,159,147.8,否
SO202504638,2026-02-15,12637,推荐,男装,男装-020,3,299,833.05,否
SO202502312,2026-02-15,13215,直播,女装,女装-022,1,269,261.7,否
SO202501797,2026-02-15,10376,搜索,女装,女装-035,2,289,525.02,否
SO202500618,2026-02-15,17700,搜索,女装,女装-007,2,129,253.88,否
SO202503204,2026-02-15,11097,搜索,女装,女装-032,2,309,599.42,否
SO202501126,2026-02-15,11992,直播,女装,女装-013,1,249,221.9,否
SO202500880,2026-02-15,12529,搜索,家居,家居-006,2,109,201.27,否
SO202503502,2026-02-15,15506,搜索,女装,女装-023,1,169,165.51,否
SO202501616,2026-02-15,10163,直播,美妆,美妆-003,1,119,103.84,否
SO202502977,2026-02-15,16887,搜索,美妆,美妆-001,3,129,356.55,否
SO202503863,2026-02-15,13422,推荐,女装,女装-032,3,309,851.72,否
SO202501003,2026-02-15,13690,社群,美妆,美妆-010,2,389,747.78,否
SO202501565,2026-02-16,10032,推荐,男装,男装-020,2,299,593.9,否
SO202502266,2026-02-16,17602,直播,男装,男装-004,2,299,566.61,否
SO202502125,2026-02-16,15012,直播,女装,女装-031,2,189,335.35,否
SO202502574,2026-02-16,16278,搜索,数码,数码-003,2,1699,3095.49,否
SO202500855,2026-02-16,16038,社群,女装,女装-033,1,289,265.11,否
SO202502011,2026-02-16,15139,社群,男装,男装-025,1,169,157.49,否
SO202503348,2026-02-16,10004,直播,男装,男装-020,1,299,269.85,否
SO202503201,2026-02-16,10526,直播,女装,女装-001,1,169,148.73,否
SO202501944,2026-02-17,14959,推荐,女装,女装-022,1,269,255.73,否
SO202501192,2026-02-17,14650,直播,男装,男装-007,2,129,246.75,否
SO202504421,2026-02-17,10854,社群,家居,家居-011,1,119,117.78,否
SO202500196,2026-02-17,14370,搜索,男装,男装-005,1,269,255.52,否
SO202504682,2026-02-17,10554,推荐,男装,男装-025,2,169,323.96,否
SO202503309,2026-02-17,17911,直播,美妆,美妆-009,1,379,360.04,否
SO202501555,2026-02-17,17666,直播,男装,男装-014,1,149,145.96,否
SO202502832,2026-02-17,15220,社群,女装,女装-031,2,189,334.56,否
SO202502571,2026-02-17,16936,社群,美妆,美妆-014,1,239,207.51,否
SO202500491,2026-02-17,13502,直播,男装,男装-006,2,199,377.47,否
SO202504409,2026-02-17,11639,搜索,家居,家居-006,3,109,313.64,否
SO202504483,2026-02-17,16264,社群,家居,家居-008,1,139,135.46,否
SO202502995,2026-02-17,15403,推荐,家居,家居-004,2,59,106.94,否
SO202501386,2026-02-17,11724,社群,美妆,美妆-015,2,199,341.59,是
SO202500803,2026-02-18,10384,直播,女装,女装-030,3,109,304.67,否
SO202501217,2026-02-18,12906,社群,女装,女装-035,2,289,496.38,否
SO202500902,2026-02-18,11724,直播,男装,男装-007,2,129,229.26,否
SO202501543,2026-02-18,11999,直播,女装,女装-033,2,289,538.21,否
SO202501436,2026-02-18,14864,直播,美妆,美妆-018,2,489,911.42,否
SO202503979,2026-02-18,13822,推荐,男装,男装-025,3,169,478.75,否
SO202502036,2026-02-18,10869,推荐,女装,女装-001,2,169,302.24,否
SO202503168,2026-02-18,10894,直播,男装,男装-008,2,299,579.17,否
SO202501387,2026-02-18,16991,搜索,男装,男装-005,3,269,688.6,否
SO202504072,2026-02-18,15627,社群,美妆,美妆-001,1,129,117.09,否
SO202504036,2026-02-18,10166,搜索,男装,男装-019,2,189,350.39,否
SO202504687,2026-02-18,13656,搜索,女装,女装-005,1,269,267.54,否
SO202502230,2026-02-19,11456,直播,女装,女装-021,2,269,482.23,否
SO202502652,2026-02-19,11001,推荐,女装,女装-023,2,169,332.85,否
SO202500627,2026-02-19,14598,推荐,男装,男装-010,1,339,308.5,否
SO202501110,2026-02-19,15049,直播,女装,女装-032,3,309,862.83,否
SO202503016,2026-02-19,10310,搜索,数码,数码-006,3,1899,4929.65,否
SO202504292,2026-02-19,14763,直播,美妆,美妆-010,3,389,1159.55,否
SO202503861,2026-02-19,16852,推荐,男装,男装-020,1,299,258.51,否
SO202502840,2026-02-19,16809,搜索,家居,家居-007,1,199,189.31,否
SO202500967,2026-02-19,17379,社群,美妆,美妆-007,1,159,149.4,否
SO202504846,2026-02-20,15210,搜索,美妆,美妆-001,3,129,352.19,否
SO202503090,2026-02-20,14537,搜索,男装,男装-020,3,299,782.84,否
SO202501759,2026-02-20,10328,社群,家居,家居-007,1,199,186.51,否
SO202504249,2026-02-20,15131,搜索,男装,男装-014,2,149,290.53,否
SO202504740,2026-02-21,14053,直播,女装,女装-014,2,259,459.81,否
SO202504484,2026-02-21,13754,推荐,女装,女装-031,1,189,171.84,否
SO202503626,2026-02-21,14991,直播,男装,男装-006,1,199,172.57,否
SO202504791,2026-02-21,15851,搜索,男装,男装-001,2,329,612.56,否
SO202501541,2026-02-21,17970,直播,美妆,美妆-003,2,119,211.39,否
SO202501591,2026-02-21,13017,直播,美妆,美妆-011,3,129,371.81,否
SO202501114,2026-02-21,15474,搜索,美妆,美妆-016,2,279,496.21,否
SO202501898,2026-02-21,10045,推荐,数码,数码-009,1,1399,1289.16,否
SO202504115,2026-02-21,13855,推荐,美妆,美妆-010,3,389,1007.77,否
SO202500615,2026-02-21,16869,直播,美妆,美妆-005,3,369,1070.83,否
SO202500628,2026-02-21,15272,搜索,美妆,美妆-001,3,129,333.02,否
SO202500125,2026-02-21,16505,搜索,数码,数码-008,1,1259,1201.3,否
SO202504385,2026-02-21,14119,直播,美妆,美妆-003,3,119,340.95,否
SO202501649,2026-02-21,16770,直播,女装,女装-014,2,259,460.41,否
SO202500043,2026-02-21,16824,直播,数码,数码-008,1,1259,1167.57,否
SO202501209,2026-02-21,10232,直播,女装,女装-014,1,259,254.39,否
SO202500198,2026-02-21,14490,搜索,男装,男装-025,2,169,300.53,否
SO202501583,2026-02-22,16090,直播,男装,男装-006,2,199,374.95,否
SO202502819,2026-02-22,17195,直播,美妆,美妆-014,1,239,230.17,否
SO202504430,2026-02-22,13198,推荐,男装,男装-020,1,299,290.35,否
SO202500913,2026-02-22,11000,推荐,美妆,美妆-019,3,199,572.68,否
SO202504136,2026-02-22,16977,直播,女装,女装-032,1,309,275.77,否
SO202502160,2026-02-22,12161,直播,美妆,美妆-001,2,129,244.03,否
SO202502662,2026-02-22,12254,直播,男装,男装-003,1,189,161.13,否
SO202502518,2026-02-22,15208,搜索,美妆,美妆-011,2,129,243.06,否
SO202501731,2026-02-22,17009,搜索,女装,女装-003,1,189,185.94,否
SO202504383,2026-02-22,16623,推荐,女装,女装-021,2,269,536.43,否
SO202501763,2026-02-22,15447,直播,美妆,美妆-011,3,129,344.4,否
SO202501190,2026-02-22,17302,推荐,男装,男装-020,2,299,513.62,否
SO202504474,2026-02-22,12504,搜索,女装,女装-010,3,239,660.32,否
SO202504789,2026-02-23,10822,社群,美妆,美妆-016,1,279,271.55,否
SO202503823,2026-02-23,14675,搜索,美妆,美妆-018,3,489,1352.66,否
SO202503202,2026-02-23,15439,直播,男装,男装-012,3,139,410.55,否
SO202502288,2026-02-23,12263,直播,美妆,美妆-011,1,129,111.57,否
SO202502261,2026-02-23,15456,搜索,美妆,美妆-010,2,389,772.31,否
SO202504660,2026-02-23,13735,搜索,美妆,美妆-002,2,369,680.95,否
SO202503534,2026-02-23,16084,社群,男装,男装-006,2,199,385.4,否
SO202504759,2026-02-23,11816,社群,美妆,美妆-003,2,119,217.38,否
SO202501971,2026-02-23,11224,直播,美妆,美妆-002,2,369,725.28,否
SO202504341,2026-02-23,13519,推荐,女装,女装-021,2,269,458.95,是
SO202503642,2026-02-23,13803,搜索,美妆,美妆-017,2,359,640.08,否
SO202502672,2026-02-23,14401,搜索,美妆,美妆-003,3,119,353.77,否
SO202503608,2026-02-23,10209,直播,女装,女装-014,3,259,730.82,否
SO202501106,2026-02-23,17602,搜索,美妆,美妆-018,3,489,1394.9,否
SO202503853,2026-02-23,14722,搜索,女装,女装-023,2,169,301.04,否
SO202504676,2026-02-23,11960,直播,女装,女装-005,2,269,513.65,否
SO202500770,2026-02-24,10376,社群,数码,数码-007,1,1359,1236.41,否
SO202503326,2026-02-24,11372,直播,女装,女装-003,2,189,327.9,否
SO202500638,2026-02-24,13262,直播,男装,男装-004,2,299,576.8,否
SO202501308,2026-02-24,10173,推荐,美妆,美妆-010,3,389,1086.4,否
SO202500376,2026-02-24,16958,推荐,男装,男装-006,2,199,351.63,是
SO202504679,2026-02-24,11137,直播,女装,女装-025,3,159,473.76,否
SO202503570,2026-02-24,12133,直播,美妆,美妆-011,2,129,223.78,否
SO202501547,2026-02-24,11268,搜索,数码,数码-008,1,1259,1153.81,否
SO202504009,2026-02-24,15608,推荐,男装,男装-008,2,299,560.21,否
SO202502989,2026-02-24,14718,直播,美妆,美妆-010,2,389,711.66,否
SO202500682,2026-02-25,16984,直播,女装,女装-027,1,149,146.52,否
SO202501772,2026-02-25,16704,推荐,家居,家居-005,1,59,50.9,否
SO202502743,2026-02-25,11724,直播,家居,家居-007,3,199,537.49,否
SO202500591,2026-02-25,17250,推荐,男装,男装-019,2,189,349.89,否
SO202503385,2026-02-25,13132,直播,美妆,美妆-011,1,129,111.82,否
SO202502062,2026-02-25,12837,直播,女装,女装-003,1,189,162.38,否
SO202503568,2026-02-25,12452,直播,美妆,美妆-017,2,359,707.87,否
SO202502021,2026-02-25,17412,直播,美妆,美妆-001,2,129,256.48,否
SO202504043,2026-02-25,13026,社群,女装,女装-005,3,269,753.21,否
SO202500756,2026-02-25,12735,推荐,美妆,美妆-005,3,369,943.53,否
SO202502482,2026-02-25,17070,搜索,家居,家居-006,1,109,100.56,否
SO202504592,2026-02-25,10382,直播,女装,女装-034,1,259,238.58,否
SO202504024,2026-02-25,12121,直播,男装,男装-008,1,299,292.51,否
SO202503417,2026-02-26,16746,直播,男装,男装-007,1,129,114.04,否
SO202500608,2026-02-26,17916,社群,美妆,美妆-016,1,279,257.51,否
SO202504632,2026-02-26,13080,社群,数码,数码-007,1,1359,1272.44,否
SO202502090,2026-02-26,16567,直播,女装,女装-022,1,269,260.19,否
SO202502338,2026-02-26,15325,搜索,美妆,美妆-007,1,159,151.14,否
SO202502993,2026-02-26,15516,搜索,美妆,美妆-002,2,369,688.75,否
SO202501226,2026-02-26,12222,推荐,美妆,美妆-001,2,129,240.88,否
SO202502555,2026-02-26,12861,搜索,美妆,美妆-007,2,159,306.69,否
SO202504671,2026-02-26,15866,搜索,女装,女装-021,1,269,244.99,否
SO202500131,2026-02-26,11818,搜索,美妆,美妆-001,2,129,244.76,否
SO202500408,2026-02-26,15526,社群,美妆,美妆-007,1,159,151.83,否
SO202500292,2026-02-26,10190,搜索,美妆,美妆-003,3,119,347.7,否
SO202500629,2026-02-27,16568,直播,男装,男装-020,3,299,786.95,否
SO202503236,2026-02-27,10545,社群,美妆,美妆-001,2,129,223.6,否
SO202503048,2026-02-27,15277,直播,男装,男装-018,2,159,301.66,否
SO202504658,2026-02-27,17012,直播,女装,女装-001,2,169,337.4,否
SO202502843,2026-02-27,15466,推荐,男装,男装-006,1,199,194.82,否
SO202500662,2026-02-27,11150,直播,美妆,美妆-016,2,279,476.09,否
SO202501544,2026-02-27,10503,直播,美妆,美妆-016,1,279,248.07,否
SO202501137,2026-02-27,16578,直播,数码,数码-008,1,1259,1139.51,否
SO202503572,2026-02-27,17570,直播,女装,女装-023,3,169,460.01,否
SO202503997,2026-02-27,12281,社群,女装,女装-032,1,309,304.29,否
SO202502923,2026-02-27,15439,搜索,家居,家居-004,1,59,55.65,否
SO202501116,2026-02-27,14562,推荐,男装,男装-006,1,199,184.79,否
SO202503088,2026-02-27,17733,推荐,美妆,美妆-017,3,359,986.82,否
SO202500262,2026-02-28,13434,推荐,男装,男装-015,3,149,444.34,否
SO202503831,2026-02-28,14066,推荐,家居,家居-001,3,39,103.16,否
SO202504713,2026-02-28,15361,搜索,男装,男装-014,2,149,286.57,否
SO202503086,2026-02-28,15920,推荐,美妆,美妆-011,2,129,235.12,否
SO202503481,2026-02-28,12714,搜索,男装,男装-020,2,299,515.03,否
SO202501124,2026-02-28,12668,搜索,男装,男装-021,2,349,681.88,否
SO202503256,2026-02-28,14448,搜索,美妆,美妆-015,1,199,181.06,否
SO202503482,2026-02-28,16870,推荐,美妆,美妆-007,1,159,139.7,是
SO202502696,2026-02-28,12984,推荐,美妆,美妆-011,2,129,244.88,否
SO202500934,2026-02-28,15199,搜索,美妆,美妆-003,1,119,109.48,否
SO202502788,2026-02-28,16312,搜索,美妆,美妆-007,1,159,140.63,否
SO202502180,2026-02-28,16191,推荐,美妆,美妆-018,1,489,484.33,否
SO202501020,2026-02-28,16499,直播,数码,数码-002,1,859,842.1,否
SO202503323,2026-02-28,15873,直播,美妆,美妆-016,2,279,507.29,否
SO202503372,2026-02-28,12879,社群,男装,男装-015,2,149,287.08,否
SO202501767,2026-02-28,16681,社群,美妆,美妆-001,3,129,362.39,否
SO202500634,2026-02-28,13808,社群,男装,男装-020,1,299,282.15,是
SO202503892,2026-03-01,13602,直播,美妆,美妆-001,2,129,244.4,否
SO202503649,2026-03-01,10677,直播,女装,女装-003,1,189,162.13,否
SO202503248,2026-03-01,15561,社群,美妆,美妆-011,1,129,121.98,是
SO202502603,2026-03-01,12422,社群,数码,数码-002,1,859,804.42,否
SO202500261,2026-03-01,10178,直播,女装,女装-005,1,269,265.51,否
SO202500508,2026-03-01,11047,搜索,男装,男装-006,1,199,178.32,否
SO202503381,2026-03-01,13368,直播,女装,女装-001,1,169,163.89,否
SO202500288,2026-03-01,11186,直播,男装,男装-006,1,199,191.84,是
SO202503316,2026-03-01,16838,搜索,女装,女装-005,1,269,258.32,否
SO202501019,2026-03-01,16249,直播,女装,女装-014,3,259,679.94,否
SO202504294,2026-03-01,10081,搜索,女装,女装-001,3,169,431.7,否
SO202504194,2026-03-01,14752,搜索,女装,女装-032,1,309,275.81,否
SO202503454,2026-03-01,13580,直播,数码,数码-002,1,859,730.83,否
SO202502653,2026-03-01,10574,搜索,女装,女装-001,2,169,298.81,否
SO202503960,2026-03-02,14788,直播,美妆,美妆-001,1,129,111.18,否
SO202504091,2026-03-02,10229,社群,美妆,美妆-007,3,159,439.7,否
SO202501423,2026-03-02,14268,搜索,男装,男装-020,2,299,580.21,否
SO202500482,2026-03-02,14771,直播,女装,女装-023,1,169,151.76,否
SO202503212,2026-03-02,13247,直播,美妆,美妆-014,1,239,235.36,否
SO202501773,2026-03-02,14127,社群,美妆,美妆-007,1,159,138.11,否
SO202500417,2026-03-02,15543,社群,数码,数码-008,1,1259,1216.26,否
SO202500829,2026-03-02,16428,搜索,男装,男装-006,1,199,185.95,否
SO202500060,2026-03-02,16755,直播,男装,男装-020,2,299,590.06,否
SO202503965,2026-03-02,14360,直播,男装,男装-005,2,269,484.14,否
SO202503164,2026-03-02,14739,搜索,家居,家居-007,1,199,175.3,否
SO202503900,2026-03-02,14921,直播,美妆,美妆-015,1,199,186.75,否
SO202504734,2026-03-02,17112,社群,家居,家居-010,3,179,519.87,否
SO202500147,2026-03-02,11894,搜索,美妆,美妆-005,2,369,735.93,否
SO202503946,2026-03-02,13897,搜索,家居,家居-009,3,199,589.76,否
SO202503893,2026-03-02,12016,社群,女装,女装-027,2,149,277.35,否
SO202501817,2026-03-02,15218,推荐,男装,男装-006,1,199,195.86,否
SO202503931,2026-03-02,17720,搜索,女装,女装-032,3,309,794.46,否
SO202503571,2026-03-02,15514,直播,家居,家居-007,1,199,191.25,否
SO202504071,2026-03-03,13645,搜索,美妆,美妆-001,3,129,335.91,是
SO202501419,2026-03-03,10060,搜索,美妆,美妆-007,3,159,423.91,否
SO202502700,2026-03-03,11382,推荐,女装,女装-014,1,259,230.5,否
SO202503658,2026-03-03,10728,直播,女装,女装-001,2,169,316.61,否
SO202504693,2026-03-03,15134,搜索,美妆,美妆-003,2,119,217.85,否
SO202500357,2026-03-03,16944,社群,女装,女装-029,1,129,111.43,否
SO202502557,2026-03-03,14848,直播,美妆,美妆-003,1,119,117.06,否
SO202503580,2026-03-03,14793,推荐,美妆,美妆-001,2,129,239.43,否
SO202503678,2026-03-03,14992,搜索,美妆,美妆-001,1,129,127.87,否
SO202500115,2026-03-03,14889,直播,数码,数码-005,1,2639,2386.99,否
SO202502904,2026-03-03,12076,社群,美妆,美妆-020,2,479,901.71,否
SO202502871,2026-03-03,17456,直播,女装,女装-021,1,269,266.46,否
SO202500174,2026-03-03,17495,搜索,美妆,美妆-001,1,129,113.72,否
SO202501933,2026-03-03,11708,直播,美妆,美妆-018,2,489,849.98,否
SO202504644,2026-03-04,14420,推荐,美妆,美妆-001,2,129,228.9,否
SO202500275,2026-03-04,17724,直播,美妆,美妆-002,1,369,315.79,否
SO202501082,2026-03-04,15956,推荐,家居,家居-006,1,109,99.09,否
SO202502264,2026-03-04,10227,推荐,家居,家居-011,1,119,108.66,是
SO202502838,2026-03-04,15836,推荐,男装,男装-006,2,199,345.84,否
SO202502580,2026-03-04,15875,社群,美妆,美妆-003,1,119,104.05,否
SO202501492,2026-03-04,10419,直播,女装,女装-021,2,269,536.03,否
SO202501072,2026-03-04,14186,社群,男装,男装-020,1,299,296.84,否
SO202504053,2026-03-04,16076,社群,女装,女装-008,1,219,200.62,否
SO202502757,2026-03-04,15786,直播,女装,女装-003,1,189,180.97,否
SO202502903,2026-03-05,13260,直播,女装,女装-006,2,289,558.85,否
SO202504722,2026-03-05,15952,社群,女装,女装-021,3,269,761.72,否
SO202500959,2026-03-05,17024,直播,女装,女装-031,2,189,335.02,否
SO202503328,2026-03-05,13917,直播,美妆,美妆-001,2,129,233.31,否
SO202504354,2026-03-05,10104,直播,美妆,美妆-014,2,239,443.36,是
SO202502877,2026-03-05,12345,推荐,男装,男装-020,2,299,577.95,是
SO202502963,2026-03-05,15453,推荐,男装,男装-014,3,149,416.11,否
SO202503989,2026-03-05,14688,社群,美妆,美妆-016,1,279,277.92,是
SO202500457,2026-03-05,12624,社群,家居,家居-014,1,59,50.46,否
SO202501512,2026-03-05,13340,搜索,美妆,美妆-011,1,129,117.71,否
SO202504550,2026-03-05,10339,直播,美妆,美妆-020,2,479,857.78,否
SO202501931,2026-03-05,13510,直播,美妆,美妆-007,3,159,452.96,否
SO202502265,2026-03-05,14044,直播,女装,女装-014,1,259,233.88,否
SO202504774,2026-03-06,12698,直播,家居,家居-006,1,109,103.28,否
SO202504668,2026-03-06,12861,直播,美妆,美妆-014,1,239,205.77,是
SO202504696,2026-03-06,13794,推荐,美妆,美妆-010,2,389,750.31,否
SO202500708,2026-03-06,14962,直播,女装,女装-005,3,269,767.67,否
SO202503998,2026-03-06,11816,搜索,男装,男装-006,1,199,173.57,否
SO202502350,2026-03-06,14077,直播,女装,女装-005,1,269,247.3,否
SO202502437,2026-03-06,12532,直播,美妆,美妆-009,1,379,338.19,否
SO202501938,2026-03-06,12612,社群,数码,数码-002,1,859,806.64,否
SO202503293,2026-03-06,14264,直播,女装,女装-031,3,189,504.82,否
SO202500394,2026-03-06,15145,直播,数码,数码-002,1,859,816.58,否
SO202500309,2026-03-06,10666,直播,美妆,美妆-011,3,129,337.71,否
SO202504351,2026-03-06,10977,推荐,女装,女装-021,1,269,248.6,是
SO202504214,2026-03-06,17422,推荐,女装,女装-032,1,309,268.29,否
SO202502156,2026-03-06,15847,直播,美妆,美妆-015,1,199,190.98,否
SO202502434,2026-03-06,17523,直播,女装,女装-027,2,149,264.46,否
SO202501380,2026-03-07,10274,直播,男装,男装-004,3,299,884.59,是
SO202502448,2026-03-07,14063,直播,男装,男装-008,1,299,273.61,否
SO202500150,2026-03-07,11471,搜索,男装,男装-020,1,299,291.46,否
SO202502051,2026-03-07,15339,搜索,男装,男装-004,1,299,293.79,否
SO202500687,2026-03-07,17089,社群,女装,女装-022,2,269,511.04,否
SO202501303,2026-03-07,17298,推荐,美妆,美妆-003,1,119,116.68,否
SO202503601,2026-03-07,15422,搜索,美妆,美妆-011,1,129,115.63,否
SO202500478,2026-03-07,16530,推荐,美妆,美妆-003,1,119,108.77,否
SO202503241,2026-03-07,12063,直播,美妆,美妆-017,2,359,651.1,否
SO202500833,2026-03-07,12409,搜索,美妆,美妆-016,3,279,798.65,否
SO202500216,2026-03-07,12650,直播,家居,家居-007,2,199,343.6,否
SO202500723,2026-03-07,17602,直播,女装,女装-001,3,169,434.69,否
SO202500374,2026-03-07,10263,搜索,女装,女装-001,3,169,475.12,否
SO202504579,2026-03-07,13671,直播,男装,男装-020,1,299,262.38,否
SO202500713,2026-03-07,15873,直播,美妆,美妆-015,2,199,388.84,否
SO202503076,2026-03-08,15334,搜索,男装,男装-014,1,149,146.38,否
SO202501366,2026-03-08,13565,直播,男装,男装-024,3,109,322.88,否
SO202501674,2026-03-08,15134,直播,女装,女装-032,1,309,285.76,否
SO202502596,2026-03-08,13581,搜索,数码,数码-003,2,1699,2911.42,否
SO202502149,2026-03-08,12932,搜索,美妆,美妆-014,3,239,633.56,否
SO202504125,2026-03-08,12407,搜索,美妆,美妆-007,1,159,140.39,否
SO202500679,2026-03-08,12121,社群,男装,男装-015,2,149,254.46,否
SO202500164,2026-03-08,15646,推荐,家居,家居-007,1,199,193.11,否
SO202504217,2026-03-08,16908,搜索,美妆,美妆-001,1,129,128.27,是
SO202503614,2026-03-08,16796,直播,美妆,美妆-018,1,489,480.52,否
SO202500428,2026-03-08,10004,直播,女装,女装-032,1,309,291.65,否
SO202502888,2026-03-08,14209,搜索,美妆,美妆-010,3,389,1038.32,否
SO202501561,2026-03-08,12459,搜索,女装,女装-021,3,269,741.59,否
SO202501847,2026-03-09,11000,直播,美妆,美妆-014,1,239,209.13,是
SO202500159,2026-03-09,15037,社群,家居,家居-004,2,59,110.04,否
SO202501370,2026-03-09,15240,推荐,女装,女装-027,1,149,130.9,否
SO202501528,2026-03-09,10133,直播,男装,男装-007,1,129,123.91,是
SO202503138,2026-03-09,11969,直播,女装,女装-005,2,269,474.67,否
SO202500623,2026-03-09,16890,搜索,美妆,美妆-007,2,159,306.16,否
SO202502663,2026-03-09,10143,搜索,数码,数码-008,1,1259,1218.78,否
SO202504049,2026-03-09,12469,直播,数码,数码-008,1,1259,1239.17,否
SO202503780,2026-03-09,11716,搜索,家居,家居-004,2,59,117.94,否
SO202504312,2026-03-09,11185,直播,美妆,美妆-001,2,129,247.92,否
SO202500042,2026-03-09,10995,直播,美妆,美妆-020,1,479,468.39,否
SO202500631,2026-03-09,12340,推荐,美妆,美妆-007,2,159,271.0,否
SO202504289,2026-03-10,12540,推荐,男装,男装-004,2,299,564.86,否
SO202502069,2026-03-10,11752,搜索,女装,女装-003,1,189,178.76,否
SO202502629,2026-03-10,11041,直播,男装,男装-025,2,169,307.66,否
SO202503789,2026-03-10,11788,搜索,家居,家居-007,1,199,171.26,否
SO202501115,2026-03-10,16570,直播,美妆,美妆-016,1,279,266.73,否
SO202502854,2026-03-10,16790,推荐,女装,女装-015,2,119,236.88,否
SO202502133,2026-03-10,16838,直播,女装,女装-012,1,239,237.63,否
SO202504664,2026-03-10,12215,搜索,家居,家居-014,2,59,116.75,否
SO202502275,2026-03-10,11660,搜索,家居,家居-007,1,199,186.32,否
SO202501011,2026-03-10,11376,推荐,女装,女装-030,2,109,190.86,否
SO202502746,2026-03-10,15057,社群,女装,女装-035,1,289,259.6,否
SO202502813,2026-03-10,13516,推荐,家居,家居-014,2,59,116.03,否
SO202502810,2026-03-10,14661,搜索,女装,女装-001,1,169,168.51,否
SO202501984,2026-03-10,12366,搜索,女装,女装-032,2,309,599.89,否
SO202503925,2026-03-11,17584,直播,美妆,美妆-003,1,119,104.11,否
SO202501066,2026-03-11,17163,直播,家居,家居-007,2,199,376.48,是
SO202502300,2026-03-11,13786,直播,男装,男装-006,1,199,174.8,否
SO202504373,2026-03-11,10503,推荐,男装,男装-013,2,319,563.11,否
SO202501588,2026-03-11,10893,直播,女装,女装-032,1,309,294.5,否
SO202501477,2026-03-11,12820,推荐,女装,女装-022,1,269,249.07,否
SO202503427,2026-03-11,14991,直播,女装,女装-027,3,149,427.37,否
SO202502782,2026-03-11,12453,搜索,女装,女装-014,1,259,230.66,否
SO202501367,2026-03-11,16991,直播,美妆,美妆-007,2,159,282.32,否
SO202504717,2026-03-11,16709,搜索,男装,男装-008,1,299,257.07,否
SO202502453,2026-03-11,16598,推荐,女装,女装-021,2,269,494.29,否
SO202504403,2026-03-11,15437,直播,男装,男装-020,2,299,556.82,否
SO202504844,2026-03-11,17602,搜索,女装,女装-003,1,189,186.38,否
SO202501920,2026-03-11,14623,推荐,男装,男装-025,1,169,155.02,否
SO202502057,2026-03-11,15198,直播,女装,女装-033,2,289,556.47,否
SO202500844,2026-03-12,17456,搜索,美妆,美妆-018,2,489,846.78,否
SO202503885,2026-03-12,11260,直播,女装,女装-031,1,189,187.18,否
SO202501182,2026-03-12,13627,搜索,男装,男装-024,1,109,93.75,否
SO202501422,2026-03-12,16034,社群,数码,数码-002,1,859,852.04,否
SO202504524,2026-03-12,12903,社群,家居,家居-001,3,39,106.98,否
SO202504762,2026-03-12,14959,推荐,女装,女装-025,2,159,270.36,否
SO202501896,2026-03-12,16890,推荐,女装,女装-001,3,169,468.44,否
SO202500436,2026-03-12,10884,推荐,美妆,美妆-015,2,199,394.2,否
SO202501580,2026-03-12,13598,推荐,女装,女装-023,3,169,497.29,否
SO202504875,2026-03-12,16367,推荐,女装,女装-003,2,189,323.89,否
SO202500362,2026-03-12,16744,推荐,男装,男装-020,3,299,801.84,否
SO202501278,2026-03-12,11763,直播,男装,男装-022,1,229,196.19,是
SO202502442,2026-03-12,12609,搜索,女装,女装-001,3,169,481.72,否
SO202501311,2026-03-12,16736,直播,男装,男装-008,1,299,276.87,否
SO202503969,2026-03-12,16321,直播,女装,女装-022,1,269,247.28,否
SO202504195,2026-03-12,10732,直播,美妆,美妆-014,1,239,225.5,否
SO202504090,2026-03-12,11568,搜索,家居,家居-010,2,179,314.06,否
SO202501666,2026-03-12,12093,直播,男装,男装-012,1,139,138.07,否
SO202503771,2026-03-12,13067,推荐,美妆,美妆-017,1,359,349.51,否
SO202504058,2026-03-12,14393,直播,美妆,美妆-015,1,199,173.52,否
SO202501159,2026-03-12,15668,搜索,女装,女装-031,1,189,187.81,否
SO202500878,2026-03-13,16676,直播,女装,女装-012,1,239,219.15,是
SO202501132,2026-03-13,15850,直播,男装,男装-008,2,299,548.33,否
SO202501471,2026-03-13,16696,直播,男装,男装-019,1,189,164.69,否
SO202503221,2026-03-13,15079,直播,家居,家居-014,1,59,54.81,否
SO202500796,2026-03-13,15782,搜索,男装,男装-004,1,299,279.08,否
SO202501117,2026-03-13,13606,搜索,美妆,美妆-020,2,479,934.53,否
SO202503852,2026-03-13,16191,直播,美妆,美妆-020,2,479,919.31,否
SO202502497,2026-03-13,15248,直播,美妆,美妆-001,1,129,115.81,否
SO202501823,2026-03-13,12954,直播,女装,女装-003,1,189,166.42,否
SO202500758,2026-03-13,16421,直播,家居,家居-004,1,59,51.66,否
SO202503908,2026-03-13,12151,社群,美妆,美妆-003,2,119,224.66,否
SO202503284,2026-03-14,16704,搜索,美妆,美妆-020,2,479,913.55,否
SO202500999,2026-03-14,17250,社群,家居,家居-004,2,59,112.15,否
SO202500356,2026-03-14,15525,直播,家居,家居-009,2,199,349.07,是
SO202504215,2026-03-14,14147,直播,美妆,美妆-003,1,119,105.16,是
SO202502463,2026-03-14,11016,搜索,美妆,美妆-017,3,359,933.27,否
SO202501227,2026-03-14,15079,推荐,男装,男装-020,1,299,286.83,否
SO202501887,2026-03-14,15603,社群,女装,女装-005,3,269,769.34,否
SO202500643,2026-03-14,12970,推荐,男装,男装-006,3,199,540.9,否
SO202503219,2026-03-14,10128,直播,美妆,美妆-014,3,239,640.29,否
SO202502906,2026-03-14,11540,搜索,家居,家居-007,1,199,185.05,否
SO202501623,2026-03-14,14776,推荐,女装,女装-032,3,309,884.48,否
SO202504518,2026-03-14,17679,直播,女装,女装-034,1,259,223.94,否
SO202504006,2026-03-14,17380,直播,男装,男装-015,1,149,139.94,是
SO202504781,2026-03-14,14721,直播,女装,女装-023,1,169,154.84,否
SO202502107,2026-03-14,14155,推荐,女装,女装-003,1,189,163.41,否
SO202504374,2026-03-14,13346,搜索,女装,女装-032,1,309,265.17,否
SO202503880,2026-03-15,11029,推荐,女装,女装-026,2,209,365.3,是
SO202504106,2026-03-15,13365,直播,美妆,美妆-007,2,159,282.57,是
SO202500108,2026-03-15,13285,搜索,美妆,美妆-016,1,279,274.13,否
SO202500728,2026-03-15,17137,搜索,家居,家居-007,1,199,196.71,否
SO202503561,2026-03-15,14132,直播,男装,男装-007,3,129,385.62,否
SO202501061,2026-03-15,13174,社群,美妆,美妆-007,1,159,145.54,否
SO202504137,2026-03-15,16890,搜索,美妆,美妆-007,2,159,315.4,否
SO202500375,2026-03-15,13167,搜索,数码,数码-007,1,1359,1334.1,否
SO202502446,2026-03-15,13202,社群,女装,女装-022,1,269,252.49,否
SO202501128,2026-03-15,12648,直播,美妆,美妆-015,1,199,186.05,否
SO202501540,2026-03-15,16672,推荐,女装,女装-001,1,169,159.92,否
SO202504243,2026-03-15,15935,搜索,女装,女装-027,2,149,285.21,是
SO202500301,2026-03-15,10695,搜索,美妆,美妆-014,1,239,212.07,否
SO202502550,2026-03-15,16599,直播,美妆,美妆-007,3,159,458.89,否
SO202504147,2026-03-16,14463,推荐,女装,女装-032,1,309,276.84,否
SO202500276,2026-03-16,14473,直播,家居,家居-004,2,59,111.5,否
SO202501438,2026-03-16,15866,直播,女装,女装-014,2,259,478.48,否
SO202501426,2026-03-16,10646,推荐,男装,男装-006,1,199,175.72,否
SO202504333,2026-03-16,16697,推荐,美妆,美妆-003,3,119,348.37,否
SO202500695,2026-03-16,11079,直播,家居,家居-006,2,109,196.8,否
SO202503185,2026-03-16,16559,直播,男装,男装-012,2,139,267.2,否
SO202504196,2026-03-16,13763,直播,家居,家居-004,1,59,52.66,否
SO202503004,2026-03-16,11664,搜索,美妆,美妆-001,3,129,365.84,否
SO202500698,2026-03-16,12420,搜索,女装,女装-025,1,159,153.5,否
SO202502921,2026-03-16,17785,社群,女装,女装-005,1,269,252.99,否
SO202504101,2026-03-16,16715,直播,男装,男装-005,1,269,231.53,否
SO202504165,2026-03-17,16505,直播,男装,男装-014,1,149,139.92,否
SO202500149,2026-03-17,10104,直播,女装,女装-001,2,169,318.41,否
SO202501843,2026-03-17,17735,搜索,女装,女装-022,2,269,505.77,否
SO202500559,2026-03-17,12773,社群,家居,家居-007,2,199,349.79,否
SO202501459,2026-03-17,11651,直播,美妆,美妆-001,1,129,123.2,否
SO202504456,2026-03-17,11844,搜索,数码,数码-008,3,1259,3241.06,否
SO202504978,2026-03-17,17254,直播,女装,女装-021,1,269,244.21,是
SO202501240,2026-03-17,10456,社群,女装,女装-030,2,109,207.98,否
SO202502509,2026-03-17,11168,搜索,美妆,美妆-002,1,369,361.21,否
SO202501146,2026-03-17,14616,搜索,女装,女装-027,2,149,278.88,否
SO202504082,2026-03-18,16856,直播,女装,女装-011,2,159,278.8,否
SO202503060,2026-03-18,13606,推荐,家居,家居-011,1,119,115.27,否
SO202501855,2026-03-18,11417,直播,女装,女装-032,1,309,264.28,是
SO202503031,2026-03-18,16259,社群,家居,家居-001,2,39,72.66,否
SO202501562,2026-03-18,16940,推荐,女装,女装-005,2,269,498.11,否
SO202501570,2026-03-18,13473,搜索,数码,数码-006,1,1899,1895.38,否
SO202503910,2026-03-18,12247,直播,男装,男装-006,3,199,591.4,否
SO202504836,2026-03-18,16557,直播,女装,女装-022,2,269,506.65,否
SO202500315,2026-03-18,12704,直播,数码,数码-010,3,2029,5648.57,否
SO202503250,2026-03-18,10859,推荐,家居,家居-006,2,109,215.04,否
SO202500774,2026-03-18,11270,直播,男装,男装-006,2,199,364.89,否
SO202503677,2026-03-19,11733,推荐,美妆,美妆-017,1,359,312.89,否
SO202501839,2026-03-19,12079,直播,家居,家居-005,1,59,58.68,否
SO202503963,2026-03-19,10282,搜索,男装,男装-008,2,299,578.91,否
SO202500724,2026-03-19,12240,搜索,女装,女装-029,2,129,226.28,否
SO202500719,2026-03-19,15136,直播,男装,男装-004,1,299,262.32,否
SO202502242,2026-03-19,15127,直播,美妆,美妆-001,3,129,378.8,否
SO202504627,2026-03-19,15006,社群,美妆,美妆-001,1,129,114.99,否
SO202503277,2026-03-19,16312,社群,美妆,美妆-017,1,359,318.63,否
SO202504815,2026-03-19,11611,推荐,男装,男装-006,1,199,191.53,否
SO202504179,2026-03-19,10051,直播,女装,女装-014,1,259,222.14,否
SO202504151,2026-03-19,14789,搜索,男装,男装-002,1,239,205.25,否
SO202502567,2026-03-19,15568,推荐,男装,男装-006,3,199,545.25,否
SO202502373,2026-03-19,16534,社群,美妆,美妆-005,1,369,337.51,否
SO202502931,2026-03-20,13429,推荐,家居,家居-011,2,119,208.1,否
SO202501256,2026-03-20,15603,搜索,美妆,美妆-018,1,489,424.88,否
SO202503484,2026-03-20,12941,搜索,男装,男装-014,1,149,143.0,否
SO202503546,2026-03-20,17713,搜索,家居,家居-011,2,119,229.51,否
SO202504634,2026-03-20,14523,社群,女装,女装-022,2,269,519.65,否
SO202503940,2026-03-20,11718,社群,女装,女装-032,3,309,863.45,否
SO202501139,2026-03-20,13198,搜索,男装,男装-008,1,299,277.1,否
SO202500176,2026-03-20,13652,推荐,美妆,美妆-011,2,129,228.37,否
SO202502068,2026-03-20,14041,推荐,男装,男装-007,1,129,109.94,否
SO202501285,2026-03-20,12393,搜索,女装,女装-032,1,309,303.67,否
SO202501130,2026-03-20,14427,搜索,女装,女装-025,2,159,286.45,否
SO202504210,2026-03-20,13687,推荐,男装,男装-012,3,139,372.16,否
SO202502634,2026-03-20,10537,社群,家居,家居-007,1,199,182.42,否
SO202504535,2026-03-20,12664,直播,女装,女装-005,1,269,231.43,否
SO202501613,2026-03-20,11120,搜索,男装,男装-021,2,349,692.16,否
SO202500752,2026-03-20,11983,直播,家居,家居-013,1,39,33.25,否
SO202502360,2026-03-20,10413,搜索,男装,男装-012,1,139,131.3,否
SO202502638,2026-03-20,17852,直播,美妆,美妆-015,2,199,361.85,否
SO202503112,2026-03-20,16527,搜索,女装,女装-031,1,189,162.45,否
SO202503389,2026-03-20,12728,直播,数码,数码-008,1,1259,1178.44,否
SO202502719,2026-03-20,10060,搜索,男装,男装-006,2,199,355.41,是
SO202502592,2026-03-20,11740,社群,家居,家居-011,2,119,229.42,否
SO202502561,2026-03-21,13688,直播,女装,女装-030,1,109,94.81,否
SO202503057,2026-03-21,17757,直播,女装,女装-035,2,289,574.89,否
SO202504753,2026-03-21,10340,搜索,男装,男装-019,3,189,492.54,否
SO202501560,2026-03-21,11213,直播,男装,男装-019,1,189,173.68,否
SO202502329,2026-03-21,15916,直播,男装,男装-015,2,149,273.76,是
SO202502692,2026-03-21,11465,搜索,女装,女装-034,2,259,504.37,否
SO202502467,2026-03-21,17364,直播,女装,女装-032,2,309,586.81,否
SO202500024,2026-03-21,13794,推荐,男装,男装-006,2,199,380.14,否
SO202503295,2026-03-21,17671,社群,女装,女装-001,1,169,158.69,否
SO202504401,2026-03-21,17439,直播,家居,家居-007,1,199,190.45,否
SO202502907,2026-03-21,17463,直播,家居,家居-006,1,109,104.01,否
SO202500703,2026-03-21,14292,直播,美妆,美妆-001,1,129,123.16,否
SO202503566,2026-03-21,17456,社群,美妆,美妆-001,3,129,331.73,否
SO202501218,2026-03-21,11158,社群,美妆,美妆-016,1,279,269.16,否
SO202500565,2026-03-22,13971,直播,女装,女装-032,2,309,574.09,否
SO202501968,2026-03-22,16483,搜索,美妆,美妆-014,1,239,235.74,否
SO202500650,2026-03-22,10551,推荐,美妆,美妆-017,3,359,1030.64,否
SO202500887,2026-03-22,10884,直播,数码,数码-002,3,859,2400.45,否
SO202500768,2026-03-22,10185,社群,美妆,美妆-018,1,489,416.43,否
SO202500960,2026-03-22,12799,社群,男装,男装-013,1,319,274.29,否
SO202500016,2026-03-22,14668,搜索,女装,女装-033,1,289,258.19,否
SO202503539,2026-03-22,13781,推荐,男装,男装-004,2,299,562.18,否
SO202501925,2026-03-22,13869,推荐,美妆,美妆-015,1,199,191.41,否
SO202502611,2026-03-22,11156,直播,女装,女装-023,3,169,468.4,否
SO202503406,2026-03-22,11452,直播,男装,男装-025,2,169,301.8,否
SO202504598,2026-03-22,16856,搜索,美妆,美妆-001,2,129,255.98,否
SO202503552,2026-03-22,10630,搜索,美妆,美妆-011,2,129,247.69,是
SO202502359,2026-03-22,17379,搜索,美妆,美妆-007,2,159,314.34,否
SO202501478,2026-03-22,17328,搜索,女装,女装-031,1,189,171.21,否
SO202500435,2026-03-22,11188,社群,男装,男装-008,1,299,292.85,否
SO202503054,2026-03-22,15784,推荐,美妆,美妆-001,1,129,122.12,否
SO202501351,2026-03-22,13683,社群,男装,男装-008,1,299,282.08,否
SO202502839,2026-03-23,16191,搜索,男装,男装-024,1,109,106.0,否
SO202500496,2026-03-23,10040,搜索,女装,女装-029,1,129,118.1,否
SO202501098,2026-03-23,16868,社群,美妆,美妆-010,2,389,775.13,否
SO202504247,2026-03-23,17828,搜索,女装,女装-011,1,159,140.5,否
SO202504780,2026-03-23,10238,搜索,美妆,美妆-011,2,129,247.55,否
SO202504042,2026-03-23,16576,直播,男装,男装-006,2,199,354.4,否
SO202504577,2026-03-23,11788,推荐,数码,数码-008,2,1259,2504.88,否
SO202503340,2026-03-23,16025,直播,女装,女装-003,2,189,352.73,否
SO202503410,2026-03-24,17536,社群,家居,家居-007,2,199,354.31,否
SO202501987,2026-03-24,10734,推荐,美妆,美妆-018,1,489,441.73,否
SO202501204,2026-03-24,11966,直播,数码,数码-008,1,1259,1148.47,否
SO202500849,2026-03-24,11450,社群,男装,男装-012,3,139,412.95,否
SO202501954,2026-03-24,16697,搜索,美妆,美妆-011,1,129,125.45,否
SO202502409,2026-03-24,12767,直播,数码,数码-005,1,2639,2397.89,否
SO202502613,2026-03-24,16755,直播,女装,女装-035,1,289,246.45,否
SO202500005,2026-03-24,17802,推荐,家居,家居-011,2,119,206.06,否
SO202504070,2026-03-24,17918,直播,女装,女装-003,2,189,329.9,否
SO202502841,2026-03-25,17093,社群,女装,女装-035,2,289,523.44,否
SO202503985,2026-03-25,17379,直播,美妆,美妆-017,1,359,347.66,否
SO202504968,2026-03-25,14453,直播,美妆,美妆-018,2,489,905.52,否
SO202501208,2026-03-25,17654,搜索,数码,数码-008,2,1259,2188.52,否
SO202501668,2026-03-25,10426,搜索,女装,女装-032,2,309,575.25,否
SO202503874,2026-03-25,12498,直播,女装,女装-017,1,149,145.36,否
SO202503598,2026-03-25,15114,推荐,男装,男装-005,1,269,263.68,否
SO202502885,2026-03-25,17178,直播,家居,家居-011,2,119,216.65,否
SO202504250,2026-03-26,17654,推荐,美妆,美妆-003,1,119,105.66,否
SO202502781,2026-03-26,14476,直播,男装,男装-005,1,269,236.08,否
SO202502020,2026-03-26,17992,搜索,女装,女装-031,1,189,166.9,否
SO202501331,2026-03-26,15320,搜索,家居,家居-011,2,119,202.34,否
SO202503109,2026-03-26,12529,搜索,女装,女装-021,3,269,768.07,是
SO202500306,2026-03-26,16550,推荐,美妆,美妆-003,2,119,218.52,否
SO202501680,2026-03-26,14006,直播,美妆,美妆-018,3,489,1346.41,是
SO202502099,2026-03-26,15848,直播,女装,女装-013,1,249,219.63,否
SO202503162,2026-03-26,15392,直播,女装,女装-005,2,269,501.09,否
SO202500316,2026-03-26,17452,搜索,美妆,美妆-001,3,129,359.91,否
SO202501917,2026-03-26,17464,推荐,男装,男装-020,1,299,255.37,否
SO202504270,2026-03-26,12253,搜索,美妆,美妆-001,2,129,239.4,否
SO202502444,2026-03-27,10072,社群,女装,女装-031,2,189,345.88,否
SO202504750,2026-03-27,17719,推荐,女装,女装-027,2,149,275.88,是
SO202503034,2026-03-27,15628,推荐,女装,女装-001,1,169,150.96,否
SO202504492,2026-03-27,11150,推荐,女装,女装-014,2,259,475.23,否
SO202504485,2026-03-27,11330,社群,男装,男装-002,2,239,420.77,否
SO202500654,2026-03-28,14725,推荐,家居,家居-006,1,109,95.94,否
SO202501437,2026-03-28,14919,直播,美妆,美妆-011,1,129,110.14,否
SO202502842,2026-03-28,13794,推荐,男装,男装-022,1,229,226.35,否
SO202500904,2026-03-28,13116,搜索,女装,女装-005,2,269,514.63,否
SO202500456,2026-03-28,17167,社群,女装,女装-022,1,269,260.04,否
SO202502395,2026-03-28,15678,推荐,美妆,美妆-003,3,119,353.35,否
SO202500633,2026-03-28,12998,直播,数码,数码-010,2,2029,3677.0,否
SO202501714,2026-03-28,14181,直播,男装,男装-014,2,149,258.9,否
SO202500892,2026-03-28,12438,社群,女装,女装-003,2,189,355.11,否
SO202502723,2026-03-28,10385,社群,女装,女装-032,3,309,829.93,是
SO202503531,2026-03-28,11915,推荐,男装,男装-019,2,189,360.95,否
SO202502344,2026-03-28,11364,推荐,男装,男装-013,1,319,288.74,否
SO202504697,2026-03-28,10854,推荐,家居,家居-007,1,199,178.52,否
SO202502628,2026-03-28,13640,社群,女装,女装-025,1,159,142.15,否
SO202501079,2026-03-28,11258,直播,美妆,美妆-017,1,359,316.61,是
SO202500086,2026-03-28,14401,搜索,男装,男装-007,1,129,113.26,否
SO202501577,2026-03-28,11348,搜索,男装,男装-006,1,199,190.16,否
SO202502056,2026-03-29,13979,搜索,数码,数码-001,1,2439,2403.56,否
SO202501640,2026-03-29,12932,推荐,美妆,美妆-016,2,279,512.04,否
SO202500985,2026-03-29,13269,直播,美妆,美妆-003,2,119,208.77,否
SO202504806,2026-03-29,16755,社群,男装,男装-005,1,269,254.48,否
SO202503279,2026-03-29,16483,搜索,美妆,美妆-011,1,129,113.78,否
SO202504599,2026-03-29,17747,推荐,美妆,美妆-011,2,129,228.67,否
SO202500856,2026-03-29,14349,搜索,男装,男装-001,2,329,655.5,否
SO202500890,2026-03-29,15757,社群,女装,女装-035,3,289,786.06,否
SO202503706,2026-03-29,11158,推荐,美妆,美妆-003,3,119,342.31,否
SO202501460,2026-03-29,15361,搜索,女装,女装-011,1,159,142.39,否
SO202502622,2026-03-29,12389,直播,女装,女装-032,3,309,909.56,否
SO202504420,2026-03-30,16740,搜索,美妆,美妆-010,1,389,377.08,否
SO202503489,2026-03-30,10512,直播,女装,女装-031,1,189,163.39,是
SO202501533,2026-03-30,17289,搜索,女装,女装-001,2,169,336.25,否
SO202504742,2026-03-30,16917,社群,美妆,美妆-001,1,129,119.06,否
SO202501650,2026-03-30,14970,直播,数码,数码-010,1,2029,1910.42,否
SO202502686,2026-03-30,12291,直播,女装,女装-022,1,269,229.54,否
SO202504997,2026-03-30,16281,直播,家居,家居-004,3,59,155.37,否
SO202500105,2026-03-30,11413,社群,家居,家居-007,1,199,180.41,否
SO202501243,2026-03-30,14417,直播,女装,女装-032,2,309,557.9,否
SO202501373,2026-03-30,13391,搜索,男装,男装-001,1,329,300.43,否
SO202500800,2026-03-30,11482,搜索,女装,女装-022,1,269,258.04,否
SO202502105,2026-03-30,11529,直播,男装,男装-014,1,149,132.16,否
SO202503245,2026-03-30,17298,搜索,家居,家居-004,2,59,101.79,否
SO202504478,2026-03-30,14393,搜索,男装,男装-008,3,299,768.58,否
SO202502063,2026-03-30,11490,推荐,美妆,美妆-003,3,119,306.32,否
SO202503442,2026-03-30,13188,直播,女装,女装-014,1,259,246.93,否
SO202500538,2026-03-30,12887,搜索,美妆,美妆-007,3,159,476.14,否
SO202502958,2026-03-30,11826,搜索,美妆,美妆-016,1,279,238.91,否
SO202500157,2026-03-30,13123,搜索,家居,家居-004,3,59,162.7,否
SO202500114,2026-03-30,12324,推荐,美妆,美妆-007,2,159,301.57,否
SO202501908,2026-03-30,11130,直播,女装,女装-032,1,309,284.95,否
SO202503369,2026-03-30,15907,直播,美妆,美妆-001,3,129,381.43,否
SO202500284,2026-03-30,11708,直播,家居,家居-011,2,119,205.42,否
SO202502666,2026-03-31,15982,直播,美妆,美妆-011,3,129,339.35,否
SO202501247,2026-03-31,14341,直播,美妆,美妆-011,3,129,332.9,否
SO202504623,2026-03-31,17915,直播,美妆,美妆-005,2,369,635.65,是
SO202502299,2026-03-31,16101,搜索,美妆,美妆-007,1,159,152.32,否
SO202503577,2026-03-31,17826,搜索,女装,女装-002,2,209,370.95,否
SO202500807,2026-03-31,17202,推荐,美妆,美妆-018,3,489,1337.05,否
SO202504488,2026-03-31,17437,社群,男装,男装-005,3,269,749.36,是
SO202502082,2026-03-31,16549,社群,家居,家居-011,1,119,113.41,是
SO202502942,2026-04-01,17828,社群,美妆,美妆-003,1,119,105.64,是
SO202503718,2026-04-01,13095,搜索,女装,女装-023,2,169,334.16,否
SO202504500,2026-04-01,17319,直播,男装,男装-018,2,159,303.72,否
SO202500599,2026-04-01,10972,社群,女装,女装-031,1,189,162.74,否
SO202503932,2026-04-01,13498,社群,女装,女装-002,1,209,208.69,否
SO202500861,2026-04-01,17212,推荐,美妆,美妆-011,3,129,386.53,否
SO202503280,2026-04-01,10961,搜索,女装,女装-011,1,159,135.5,否
SO202503169,2026-04-01,15325,推荐,女装,女装-029,1,129,111.61,是
SO202500942,2026-04-01,15537,直播,数码,数码-007,1,1359,1302.17,否
SO202504796,2026-04-01,11734,直播,美妆,美妆-010,2,389,691.07,否
SO202502601,2026-04-01,11143,直播,女装,女装-032,1,309,278.92,否
SO202504041,2026-04-01,14611,直播,女装,女装-021,1,269,254.27,否
SO202502465,2026-04-01,17362,搜索,女装,女装-014,3,259,718.11,否
SO202503179,2026-04-02,14835,搜索,男装,男装-005,3,269,747.54,否
SO202501782,2026-04-02,12891,直播,美妆,美妆-007,1,159,143.46,否
SO202502348,2026-04-02,10542,直播,美妆,美妆-002,1,369,340.09,否
SO202501554,2026-04-02,14014,直播,女装,女装-001,3,169,504.4,否
SO202504840,2026-04-02,12665,直播,美妆,美妆-008,2,419,718.15,否
SO202503151,2026-04-02,15935,搜索,女装,女装-032,1,309,272.61,否
SO202502997,2026-04-02,10023,社群,女装,女装-021,1,269,259.11,否
SO202500681,2026-04-02,12435,直播,女装,女装-031,3,189,506.22,否
SO202503504,2026-04-02,11219,搜索,男装,男装-006,1,199,188.66,否
SO202500968,2026-04-02,11300,直播,美妆,美妆-010,3,389,1044.7,否
SO202500834,2026-04-03,17588,社群,男装,男装-020,2,299,588.97,否
SO202500366,2026-04-03,15747,搜索,美妆,美妆-001,1,129,113.54,否
SO202503663,2026-04-03,13290,推荐,男装,男装-024,3,109,308.13,否
SO202501985,2026-04-03,17806,推荐,女装,女装-014,2,259,442.0,否
SO202504336,2026-04-03,11252,直播,美妆,美妆-014,2,239,419.36,否
SO202501793,2026-04-03,14750,直播,数码,数码-006,3,1899,4867.23,否
SO202504142,2026-04-03,15988,搜索,女装,女装-031,3,189,557.37,否
SO202504301,2026-04-03,14318,推荐,家居,家居-001,1,39,33.94,否
SO202503690,2026-04-03,12312,直播,女装,女装-021,2,269,530.62,否
SO202501265,2026-04-03,11171,直播,女装,女装-029,1,129,124.25,否
SO202502620,2026-04-04,17296,社群,美妆,美妆-010,2,389,775.98,是
SO202504959,2026-04-04,14696,搜索,女装,女装-023,2,169,330.88,否
SO202501418,2026-04-04,10120,直播,女装,女装-027,2,149,292.06,否
SO202504506,2026-04-04,14088,直播,女装,女装-022,2,269,466.26,否
SO202503692,2026-04-04,11759,搜索,男装,男装-020,1,299,270.13,否
SO202503324,2026-04-04,17364,直播,美妆,美妆-007,2,159,276.01,否
SO202501696,2026-04-04,15561,社群,女装,女装-005,1,269,244.36,否
SO202502868,2026-04-04,14490,直播,男装,男装-005,1,269,231.72,否
SO202504983,2026-04-04,17909,搜索,女装,女装-001,3,169,485.78,否
SO202501687,2026-04-04,11694,搜索,男装,男装-024,2,109,212.32,否
SO202500307,2026-04-04,17278,直播,女装,女装-021,2,269,523.34,否
SO202502945,2026-04-04,17298,直播,女装,女装-003,2,189,368.83,否
SO202501584,2026-04-04,15096,社群,女装,女装-027,3,149,429.15,否
SO202503624,2026-04-05,10983,推荐,美妆,美妆-017,2,359,643.4,否
SO202502120,2026-04-05,14748,搜索,家居,家居-004,1,59,55.28,是
SO202501625,2026-04-05,15210,搜索,女装,女装-032,2,309,599.42,否
SO202500991,2026-04-05,17588,推荐,家居,家居-007,1,199,195.0,否
SO202501912,2026-04-05,15631,推荐,家居,家居-014,2,59,109.63,否
SO202502829,2026-04-05,17367,搜索,男装,男装-008,2,299,544.87,否
SO202501934,2026-04-05,17250,搜索,美妆,美妆-011,1,129,128.49,否
SO202502922,2026-04-05,12780,推荐,家居,家居-004,2,59,102.17,否
SO202502287,2026-04-05,11529,搜索,女装,女装-031,1,189,170.02,否
SO202504996,2026-04-05,14093,直播,男装,男装-005,3,269,735.85,否
SO202500596,2026-04-05,11990,社群,女装,女装-032,1,309,264.14,否
SO202504449,2026-04-05,14485,搜索,美妆,美妆-003,1,119,103.26,否
SO202504902,2026-04-06,16971,直播,女装,女装-003,1,189,163.58,否
SO202503058,2026-04-06,14359,搜索,美妆,美妆-017,2,359,674.69,否
SO202504437,2026-04-06,11619,直播,美妆,美妆-007,3,159,459.95,否
SO202501369,2026-04-06,14015,直播,家居,家居-014,2,59,111.46,否
SO202503239,2026-04-06,10204,搜索,女装,女装-032,1,309,266.89,否
SO202503609,2026-04-06,16737,搜索,美妆,美妆-011,3,129,370.11,否
SO202501831,2026-04-06,11535,推荐,美妆,美妆-001,3,129,355.14,否
SO202504496,2026-04-06,10762,直播,男装,男装-006,1,199,191.2,否
SO202504672,2026-04-06,14657,搜索,男装,男装-005,1,269,259.08,否
SO202502427,2026-04-06,16182,直播,女装,女装-005,1,269,246.05,否
SO202503795,2026-04-06,12894,社群,女装,女装-011,1,159,156.96,否
SO202504343,2026-04-06,14894,社群,家居,家居-006,2,109,193.09,否
SO202502410,2026-04-06,16866,搜索,女装,女装-005,2,269,519.71,否
SO202503890,2026-04-06,14471,直播,女装,女装-021,2,269,482.45,否
SO202501332,2026-04-07,12586,直播,男装,男装-020,3,299,844.06,否
SO202500990,2026-04-07,16856,直播,男装,男装-018,1,159,140.57,否
SO202501973,2026-04-07,17154,直播,男装,男装-014,2,149,275.22,否
SO202501630,2026-04-07,16600,搜索,男装,男装-005,1,269,235.4,否
SO202502727,2026-04-07,16278,推荐,女装,女装-021,1,269,263.73,否
SO202503813,2026-04-07,15852,推荐,男装,男装-022,1,229,200.15,否
SO202501943,2026-04-07,11534,搜索,数码,数码-010,1,2029,1781.51,否
SO202501913,2026-04-07,12927,搜索,美妆,美妆-010,3,389,1037.37,否
SO202500669,2026-04-07,15587,搜索,美妆,美妆-018,1,489,435.53,否
SO202500052,2026-04-07,15304,推荐,男装,男装-013,1,319,317.79,否
SO202501975,2026-04-07,13540,社群,美妆,美妆-014,1,239,217.0,否
SO202501956,2026-04-07,11598,直播,美妆,美妆-017,2,359,665.3,否
SO202500269,2026-04-07,17686,推荐,女装,女装-025,1,159,142.41,否
SO202503325,2026-04-07,10787,直播,男装,男装-025,1,169,154.73,否
SO202503817,2026-04-07,12543,直播,女装,女装-001,3,169,486.39,否
SO202502361,2026-04-07,15700,直播,美妆,美妆-015,1,199,181.45,否
SO202501733,2026-04-07,10244,直播,男装,男装-006,1,199,197.7,否
SO202500106,2026-04-08,14349,推荐,美妆,美妆-011,1,129,118.74,否
SO202501719,2026-04-08,14506,搜索,女装,女装-014,1,259,247.5,否
SO202500438,2026-04-08,10234,搜索,女装,女装-027,3,149,429.19,否
SO202501237,2026-04-08,14309,搜索,家居,家居-005,3,59,152.04,否
SO202500154,2026-04-08,17372,推荐,家居,家居-007,1,199,184.24,否
SO202501824,2026-04-08,10450,直播,女装,女装-005,1,269,236.59,否
SO202500386,2026-04-08,17093,直播,男装,男装-016,2,259,456.65,否
SO202504725,2026-04-08,16836,社群,女装,女装-014,2,259,489.18,否
SO202500050,2026-04-08,11488,搜索,女装,女装-012,1,239,211.73,是
SO202502267,2026-04-08,14105,社群,女装,女装-011,2,159,293.96,否
SO202504907,2026-04-09,14999,直播,美妆,美妆-001,2,129,249.94,否
SO202504984,2026-04-09,10030,搜索,女装,女装-001,1,169,153.33,是
SO202502827,2026-04-09,17330,搜索,美妆,美妆-003,2,119,224.0,是
SO202500994,2026-04-09,12149,直播,美妆,美妆-018,2,489,912.99,否
SO202501699,2026-04-09,12294,直播,女装,女装-005,1,269,265.7,否
SO202502961,2026-04-09,12985,搜索,女装,女装-001,1,169,149.95,否
SO202500547,2026-04-09,14945,搜索,女装,女装-001,1,169,154.54,否
SO202503564,2026-04-09,13019,推荐,美妆,美妆-011,2,129,227.4,否
SO202504384,2026-04-09,13839,社群,美妆,美妆-003,3,119,347.81,否
SO202500300,2026-04-09,15650,搜索,女装,女装-022,3,269,727.43,否
SO202501964,2026-04-09,11617,推荐,美妆,美妆-010,2,389,759.83,否
SO202500087,2026-04-09,11016,直播,家居,家居-010,1,179,177.3,否
SO202503688,2026-04-09,11450,直播,美妆,美妆-018,1,489,439.57,否
SO202504310,2026-04-09,15448,社群,美妆,美妆-003,1,119,109.04,否
SO202500365,2026-04-10,12734,直播,美妆,美妆-016,1,279,254.83,否
SO202502285,2026-04-10,10013,社群,美妆,美妆-007,3,159,428.0,否
SO202502820,2026-04-10,14661,社群,女装,女装-014,1,259,224.41,是
SO202503520,2026-04-10,13688,推荐,男装,男装-014,2,149,254.59,否
SO202500955,2026-04-10,11887,搜索,家居,家居-005,2,59,112.15,否
SO202501861,2026-04-10,13503,搜索,数码,数码-008,1,1259,1250.86,否
SO202500242,2026-04-10,17485,社群,男装,男装-008,3,299,778.3,否
SO202502170,2026-04-10,17727,搜索,女装,女装-008,3,219,584.49,否
SO202500818,2026-04-10,12299,推荐,美妆,美妆-010,2,389,767.57,否
SO202503793,2026-04-10,10197,搜索,女装,女装-013,3,249,660.17,否
SO202500832,2026-04-11,15199,直播,女装,女装-022,1,269,239.22,否
SO202504631,2026-04-11,12491,社群,家居,家居-010,1,179,169.31,否
SO202501658,2026-04-11,12312,搜索,家居,家居-004,2,59,115.38,否
SO202501737,2026-04-11,15004,直播,美妆,美妆-015,1,199,179.43,否
SO202503952,2026-04-11,12106,搜索,女装,女装-001,1,169,166.86,否
SO202504044,2026-04-11,10646,搜索,女装,女装-002,1,209,199.63,否
SO202504064,2026-04-11,15061,直播,女装,女装-032,1,309,289.51,否
SO202501336,2026-04-11,12992,搜索,女装,女装-023,1,169,144.78,否
SO202500387,2026-04-11,16050,直播,女装,女装-026,1,209,206.22,否
SO202501368,2026-04-11,14682,直播,家居,家居-004,3,59,156.4,否
SO202502912,2026-04-11,15198,直播,女装,女装-014,1,259,220.81,否
SO202504304,2026-04-11,17518,直播,女装,女装-027,3,149,397.45,否
SO202502238,2026-04-11,10849,搜索,男装,男装-015,1,149,136.05,否
SO202500358,2026-04-11,10884,直播,男装,男装-018,1,159,153.6,否
SO202503512,2026-04-11,11315,直播,美妆,美妆-003,1,119,101.72,否
SO202501205,2026-04-11,11116,推荐,男装,男装-006,1,199,177.93,否
SO202501434,2026-04-11,15931,推荐,美妆,美妆-003,1,119,116.47,否
SO202502937,2026-04-11,17107,搜索,女装,女装-011,3,159,410.54,否
SO202502314,2026-04-11,11508,推荐,家居,家居-006,3,109,315.04,否
SO202501049,2026-04-11,14340,搜索,女装,女装-032,2,309,528.74,否
SO202501165,2026-04-11,12716,推荐,美妆,美妆-016,2,279,508.61,是
SO202503548,2026-04-12,14056,搜索,女装,女装-032,1,309,295.13,否
SO202504109,2026-04-12,13644,推荐,家居,家居-004,1,59,51.47,否
SO202500730,2026-04-12,16354,直播,男装,男装-019,3,189,559.31,否
SO202502811,2026-04-12,17098,直播,美妆,美妆-003,1,119,111.97,否
SO202500853,2026-04-12,11495,直播,美妆,美妆-017,1,359,318.83,否
SO202502117,2026-04-12,16320,推荐,女装,女装-032,1,309,306.09,否
SO202501381,2026-04-12,13161,推荐,美妆,美妆-001,1,129,121.91,否
SO202501330,2026-04-12,16853,推荐,男装,男装-019,2,189,330.27,否
SO202501031,2026-04-12,14420,搜索,女装,女装-021,2,269,457.58,否
SO202500283,2026-04-12,12994,搜索,女装,女装-032,1,309,266.89,否
SO202503227,2026-04-12,11405,搜索,美妆,美妆-018,1,489,441.07,否
SO202501133,2026-04-12,11583,社群,男装,男装-019,3,189,521.59,否
SO202504779,2026-04-12,14945,搜索,美妆,美妆-001,2,129,222.31,否
SO202502759,2026-04-12,15491,推荐,女装,女装-014,2,259,487.11,否
SO202504962,2026-04-12,10577,直播,女装,女装-005,2,269,529.54,否
SO202503655,2026-04-12,17677,直播,男装,男装-013,2,319,596.95,否
SO202502340,2026-04-12,14476,直播,女装,女装-032,3,309,822.87,否
SO202502401,2026-04-12,11668,搜索,美妆,美妆-005,1,369,352.41,否
SO202502949,2026-04-12,15772,推荐,美妆,美妆-010,1,389,370.17,否
SO202503652,2026-04-12,10263,搜索,男装,男装-008,3,299,837.27,否
SO202500917,2026-04-12,13719,搜索,女装,女装-021,1,269,237.72,否
SO202500126,2026-04-13,14983,直播,男装,男装-015,2,149,277.36,否
SO202501385,2026-04-13,13094,推荐,男装,男装-008,1,299,273.54,否
SO202503545,2026-04-13,10231,搜索,女装,女装-021,1,269,234.67,是
SO202502551,2026-04-13,10454,推荐,家居,家居-011,3,119,356.36,否
SO202500397,2026-04-13,12421,推荐,美妆,美妆-015,2,199,366.14,否
SO202503530,2026-04-13,12680,搜索,美妆,美妆-007,1,159,145.14,否
SO202501083,2026-04-13,15135,推荐,家居,家居-007,2,199,395.0,是
SO202502013,2026-04-13,11623,搜索,男装,男装-015,1,149,127.32,否
SO202500160,2026-04-13,10950,社群,女装,女装-035,1,289,265.49,否
SO202500076,2026-04-13,14378,推荐,美妆,美妆-016,2,279,537.55,否
SO202501685,2026-04-13,11470,搜索,家居,家居-001,1,39,36.67,否
SO202503883,2026-04-14,13219,直播,男装,男装-022,1,229,217.88,否
SO202502168,2026-04-14,12557,社群,美妆,美妆-018,2,489,882.79,否
SO202504282,2026-04-14,16567,推荐,美妆,美妆-007,1,159,138.25,否
SO202504397,2026-04-14,14544,搜索,美妆,美妆-011,2,129,255.45,否
SO202503926,2026-04-14,11336,搜索,女装,女装-031,1,189,175.42,否
SO202502298,2026-04-14,17284,社群,美妆,美妆-001,2,129,228.55,否
SO202500670,2026-04-14,12449,直播,男装,男装-025,1,169,160.21,否
SO202502812,2026-04-14,15376,直播,女装,女装-011,2,159,295.57,否
SO202503213,2026-04-14,14499,推荐,家居,家居-005,1,59,51.96,否
SO202502206,2026-04-14,12228,社群,美妆,美妆-018,2,489,891.17,否
SO202500747,2026-04-14,13169,直播,男装,男装-006,3,199,512.48,否
SO202503772,2026-04-14,12509,搜索,美妆,美妆-015,1,199,195.38,否
SO202503235,2026-04-14,15628,直播,美妆,美妆-001,1,129,117.98,否
SO202500805,2026-04-14,12532,直播,美妆,美妆-015,2,199,379.88,否
SO202502418,2026-04-14,11726,推荐,女装,女装-021,1,269,242.6,否
SO202503773,2026-04-14,14152,社群,数码,数码-010,1,2029,1902.99,否
SO202504678,2026-04-14,17585,直播,女装,女装-005,3,269,702.32,否
SO202501771,2026-04-14,10104,搜索,美妆,美妆-014,3,239,675.26,否
SO202501526,2026-04-15,14545,直播,女装,女装-032,2,309,535.95,是
SO202504665,2026-04-15,13794,搜索,女装,女装-021,1,269,238.36,是
SO202501280,2026-04-15,11488,推荐,男装,男装-014,1,149,131.5,否
SO202503013,2026-04-15,12846,搜索,数码,数码-002,1,859,839.65,否
SO202501200,2026-04-15,10018,直播,美妆,美妆-017,1,359,321.92,否
SO202504103,2026-04-15,14514,搜索,美妆,美妆-005,1,369,342.32,否
SO202502303,2026-04-15,17648,直播,数码,数码-010,3,2029,5945.83,否
SO202502837,2026-04-15,13750,搜索,男装,男装-006,2,199,394.47,否
SO202504624,2026-04-15,10575,社群,男装,男装-001,3,329,944.19,否
SO202502421,2026-04-15,11311,直播,女装,女装-003,1,189,169.25,是
SO202504203,2026-04-15,15932,直播,数码,数码-007,3,1359,3572.09,否
SO202502878,2026-04-15,15505,推荐,男装,男装-011,1,169,149.13,否
SO202501147,2026-04-15,14959,直播,女装,女装-023,2,169,292.58,否
SO202500158,2026-04-15,16217,直播,男装,男装-006,1,199,192.82,否
SO202503466,2026-04-15,10348,搜索,女装,女装-032,1,309,308.76,是
SO202504118,2026-04-16,12345,直播,女装,女装-034,3,259,675.99,是
SO202500281,2026-04-16,17702,推荐,美妆,美妆-016,1,279,267.76,否
SO202502033,2026-04-16,10286,推荐,美妆,美妆-005,1,369,356.82,否
SO202503994,2026-04-16,10085,推荐,家居,家居-004,2,59,101.74,否
SO202500519,2026-04-16,10911,社群,美妆,美妆-010,1,389,376.82,否
SO202504059,2026-04-16,11900,直播,美妆,美妆-016,3,279,804.56,否
SO202500637,2026-04-16,16905,直播,数码,数码-007,2,1359,2580.66,否
SO202502345,2026-04-16,15941,搜索,男装,男装-013,1,319,315.37,否
SO202501939,2026-04-16,17351,搜索,美妆,美妆-001,1,129,112.51,否
SO202500182,2026-04-16,16672,搜索,男装,男装-006,2,199,391.23,否
SO202504596,2026-04-16,16412,社群,男装,男装-006,1,199,179.63,否
SO202500665,2026-04-16,10285,直播,美妆,美妆-018,2,489,939.39,否
SO202500260,2026-04-16,17445,搜索,家居,家居-013,1,39,33.17,否
SO202504993,2026-04-16,10269,推荐,男装,男装-003,2,189,344.36,否
SO202504970,2026-04-16,16958,社群,女装,女装-021,3,269,740.81,否
SO202500521,2026-04-16,14638,社群,女装,女装-003,2,189,321.42,否
SO202504435,2026-04-16,16238,搜索,美妆,美妆-016,1,279,258.9,否
SO202501732,2026-04-16,17462,直播,美妆,美妆-007,1,159,147.12,否
SO202502262,2026-04-17,16112,社群,男装,男装-024,2,109,187.49,否
SO202503376,2026-04-17,10658,搜索,女装,女装-017,1,149,129.53,否
SO202501162,2026-04-17,12468,直播,女装,女装-003,1,189,167.28,否
SO202502293,2026-04-17,11369,直播,美妆,美妆-020,1,479,415.5,否
SO202503033,2026-04-17,10269,社群,女装,女装-005,1,269,253.26,否
SO202504003,2026-04-17,16776,搜索,女装,女装-001,2,169,298.25,否
SO202502428,2026-04-17,16102,直播,美妆,美妆-002,1,369,325.68,否
SO202500410,2026-04-17,12927,推荐,女装,女装-014,1,259,230.82,否
SO202502144,2026-04-17,15191,搜索,美妆,美妆-015,1,199,170.8,否
SO202503585,2026-04-17,11927,搜索,美妆,美妆-014,3,239,680.3,否
SO202502644,2026-04-17,16208,搜索,女装,女装-022,1,269,266.15,否
SO202504330,2026-04-17,12549,推荐,男装,男装-008,1,299,258.67,是
SO202502610,2026-04-17,17304,推荐,美妆,美妆-007,1,159,146.3,否
SO202503724,2026-04-17,13011,直播,女装,女装-001,1,169,152.32,否
SO202501924,2026-04-17,11313,直播,女装,女装-026,3,209,614.9,否
SO202503012,2026-04-18,12935,搜索,女装,女装-032,1,309,302.94,否
SO202502988,2026-04-18,15591,搜索,美妆,美妆-015,2,199,392.1,否
SO202502976,2026-04-18,14416,社群,男装,男装-008,1,299,266.59,否
SO202502537,2026-04-18,10897,搜索,数码,数码-008,1,1259,1233.84,否
SO202501007,2026-04-18,13506,推荐,美妆,美妆-018,2,489,936.97,是
SO202503085,2026-04-18,17463,搜索,男装,男装-007,3,129,375.93,否
SO202503298,2026-04-18,17044,直播,美妆,美妆-007,1,159,148.41,否
SO202504887,2026-04-18,12289,搜索,女装,女装-032,3,309,905.36,否
SO202503524,2026-04-18,17969,社群,女装,女装-025,3,159,443.62,否
SO202501056,2026-04-18,16581,直播,男装,男装-006,2,199,370.4,否
SO202504057,2026-04-18,11271,社群,女装,女装-032,2,309,610.74,否
SO202503866,2026-04-18,12493,直播,数码,数码-007,2,1359,2453.89,否
SO202503640,2026-04-18,10351,直播,家居,家居-004,2,59,101.96,否
SO202502648,2026-04-18,17199,直播,美妆,美妆-007,1,159,153.6,否
SO202501513,2026-04-18,14518,搜索,女装,女装-005,1,269,247.64,否
SO202504395,2026-04-18,15439,推荐,男装,男装-014,1,149,126.84,否
SO202500051,2026-04-18,15889,直播,美妆,美妆-015,2,199,363.88,否
SO202502774,2026-04-19,12256,搜索,美妆,美妆-003,3,119,313.14,否
SO202504566,2026-04-19,10246,直播,女装,女装-021,1,269,253.88,否
SO202501571,2026-04-19,15114,直播,女装,女装-032,1,309,264.48,否
SO202504946,2026-04-19,15162,直播,美妆,美妆-014,1,239,209.46,否
SO202502106,2026-04-19,17871,推荐,美妆,美妆-015,1,199,194.64,否
SO202504204,2026-04-19,14063,直播,男装,男装-014,1,149,135.14,否
SO202503181,2026-04-19,11315,搜索,女装,女装-032,2,309,600.35,是
SO202501700,2026-04-19,15004,推荐,男装,男装-020,1,299,289.65,否
SO202503436,2026-04-20,13915,直播,女装,女装-003,1,189,176.27,否
SO202504255,2026-04-20,16244,搜索,男装,男装-006,2,199,383.75,否
SO202504262,2026-04-20,11501,直播,家居,家居-014,2,59,107.94,否
SO202502277,2026-04-20,12679,直播,美妆,美妆-015,1,199,175.69,否
SO202503766,2026-04-20,15875,搜索,美妆,美妆-018,1,489,439.7,否
SO202502292,2026-04-20,13440,社群,男装,男装-006,1,199,184.13,否
SO202504186,2026-04-20,12405,直播,美妆,美妆-014,1,239,222.8,否
SO202502765,2026-04-20,12689,直播,女装,女装-011,2,159,284.24,否
SO202500992,2026-04-20,15256,搜索,男装,男装-019,1,189,187.44,否
SO202500466,2026-04-20,12950,搜索,女装,女装-021,1,269,257.99,否
SO202500674,2026-04-20,13812,推荐,美妆,美妆-014,2,239,422.29,否
SO202503860,2026-04-20,17287,搜索,男装,男装-004,2,299,579.81,是
SO202502979,2026-04-20,17899,搜索,美妆,美妆-018,2,489,836.74,否
SO202501690,2026-04-20,13191,搜索,美妆,美妆-001,2,129,238.27,否
SO202501001,2026-04-20,12151,直播,男装,男装-006,2,199,380.44,否
SO202502835,2026-04-20,11827,直播,女装,女装-001,1,169,164.05,否
SO202503407,2026-04-20,10695,直播,男装,男装-006,2,199,372.36,否
SO202501682,2026-04-20,17212,直播,数码,数码-005,1,2639,2558.98,否
SO202501048,2026-04-21,17437,搜索,男装,男装-006,3,199,594.01,否
SO202502873,2026-04-21,10851,推荐,家居,家居-007,1,199,170.91,否
SO202502007,2026-04-21,16049,搜索,女装,女装-032,1,309,288.28,否
SO202504895,2026-04-21,15821,社群,数码,数码-007,1,1359,1272.34,否
SO202504019,2026-04-21,15014,社群,男装,男装-012,1,139,137.43,否
SO202504600,2026-04-21,10894,直播,美妆,美妆-007,3,159,469.07,否
SO202501071,2026-04-21,15318,推荐,男装,男装-019,1,189,186.38,否
SO202500100,2026-04-21,13442,直播,美妆,美妆-007,1,159,142.17,否
SO202501713,2026-04-21,15052,搜索,数码,数码-010,2,2029,3537.74,否
SO202502552,2026-04-21,11572,直播,女装,女装-032,3,309,815.58,否
SO202502005,2026-04-21,12324,直播,数码,数码-001,1,2439,2103.33,否
SO202500700,2026-04-21,16091,搜索,美妆,美妆-007,2,159,289.61,否
SO202500556,2026-04-21,16471,直播,女装,女装-021,1,269,252.38,否
SO202503775,2026-04-21,14680,推荐,美妆,美妆-018,3,489,1335.54,否
SO202502716,2026-04-21,11754,推荐,美妆,美妆-002,3,369,977.07,否
SO202503611,2026-04-21,17112,搜索,家居,家居-010,1,179,159.9,否
SO202503411,2026-04-21,12347,推荐,美妆,美妆-001,1,129,122.88,否
SO202503886,2026-04-22,16553,直播,男装,男装-018,1,159,145.11,否
SO202504501,2026-04-22,12419,搜索,男装,男装-006,2,199,387.21,否
SO202500651,2026-04-22,13481,推荐,男装,男装-020,3,299,784.3,否
SO202501286,2026-04-22,15242,搜索,女装,女装-021,1,269,257.7,否
SO202502966,2026-04-22,13803,直播,女装,女装-034,2,259,457.31,否
SO202500553,2026-04-22,13293,搜索,美妆,美妆-010,1,389,347.42,否
SO202504733,2026-04-22,15151,搜索,美妆,美妆-017,2,359,618.45,否
SO202504933,2026-04-22,13072,社群,男装,男装-006,1,199,182.56,否
SO202504171,2026-04-22,10058,搜索,家居,家居-006,1,109,93.35,否
SO202501481,2026-04-22,15049,社群,美妆,美妆-014,1,239,213.49,否
SO202501504,2026-04-23,13346,直播,男装,男装-014,3,149,432.87,否
SO202503189,2026-04-23,11443,直播,男装,男装-006,2,199,373.36,否
SO202504755,2026-04-23,11900,搜索,女装,女装-032,2,309,594.21,否
SO202500626,2026-04-23,17889,搜索,女装,女装-022,1,269,267.12,是
SO202500227,2026-04-23,12155,搜索,女装,女装-014,1,259,249.03,否
SO202501364,2026-04-23,12473,推荐,数码,数码-010,1,2029,1915.16,否
SO202504872,2026-04-23,17009,直播,男装,男装-004,2,299,562.38,否
SO202503588,2026-04-23,14580,搜索,家居,家居-011,2,119,204.85,否
SO202502953,2026-04-23,16880,直播,美妆,美妆-011,2,129,254.66,否
SO202504454,2026-04-23,10150,搜索,美妆,美妆-014,1,239,205.14,否
SO202501927,2026-04-23,14401,直播,家居,家居-007,1,199,195.14,否
SO202504727,2026-04-23,11737,直播,男装,男装-019,2,189,346.92,否
SO202504539,2026-04-23,13135,直播,家居,家居-007,1,199,179.64,否
SO202500716,2026-04-23,16613,搜索,男装,男装-006,1,199,198.73,否
SO202502816,2026-04-23,14141,搜索,美妆,美妆-003,1,119,109.58,是
SO202501109,2026-04-23,17130,直播,数码,数码-003,2,1699,3056.5,否
SO202504691,2026-04-23,10666,社群,家居,家居-007,3,199,569.87,否
SO202501442,2026-04-23,14661,推荐,女装,女装-003,1,189,162.79,否
SO202501025,2026-04-23,14360,推荐,家居,家居-007,1,199,177.57,否
SO202502847,2026-04-24,16552,搜索,男装,男装-020,1,299,295.34,否
SO202503581,2026-04-24,16712,社群,女装,女装-021,1,269,263.05,否
SO202501488,2026-04-24,12163,搜索,家居,家居-011,3,119,316.51,否
SO202503741,2026-04-24,15277,直播,男装,男装-025,2,169,307.22,否
SO202502400,2026-04-24,17925,直播,女装,女装-027,3,149,417.27,否
SO202502951,2026-04-24,10007,推荐,男装,男装-005,1,269,238.44,否
SO202504950,2026-04-24,13373,直播,男装,男装-006,1,199,185.21,否
SO202500764,2026-04-24,12419,推荐,男装,男装-007,2,129,235.98,是
SO202501749,2026-04-24,17093,搜索,女装,女装-032,2,309,533.51,否
SO202504931,2026-04-24,14665,搜索,家居,家居-012,2,169,297.15,否
SO202503962,2026-04-24,13417,推荐,美妆,美妆-018,3,489,1374.89,否
SO202502981,2026-04-24,10503,直播,家居,家居-014,1,59,53.58,是
SO202500094,2026-04-24,12149,社群,男装,男装-014,2,149,288.29,是
SO202501359,2026-04-24,12098,直播,女装,女装-031,3,189,540.29,否
SO202503715,2026-04-25,13036,直播,男装,男装-014,1,149,133.39,否
SO202500490,2026-04-25,15012,直播,女装,女装-005,1,269,256.94,否
SO202502060,2026-04-25,11604,社群,女装,女装-032,1,309,264.56,否
SO202503559,2026-04-25,10671,搜索,女装,女装-035,1,289,268.41,否
SO202502886,2026-04-26,12585,推荐,美妆,美妆-001,3,129,386.78,否
SO202500582,2026-04-26,16836,社群,男装,男装-005,1,269,237.03,否
SO202504491,2026-04-26,14992,直播,家居,家居-011,1,119,105.6,否
SO202500958,2026-04-26,16057,直播,女装,女装-014,1,259,233.45,否
SO202501148,2026-04-26,14866,推荐,男装,男装-015,1,149,136.07,否
SO202504498,2026-04-26,16417,直播,女装,女装-031,1,189,176.79,否
SO202504769,2026-04-26,12267,推荐,男装,男装-005,1,269,250.7,否
SO202502142,2026-04-26,11732,直播,女装,女装-026,1,209,179.98,否
SO202504909,2026-04-26,17530,搜索,男装,男装-006,2,199,361.89,否
SO202503472,2026-04-26,12954,推荐,女装,女装-021,1,269,242.93,否
SO202501909,2026-04-26,15343,直播,美妆,美妆-001,1,129,113.96,否
SO202501173,2026-04-26,15037,搜索,男装,男装-001,1,329,297.26,否
SO202504473,2026-04-26,17860,搜索,美妆,美妆-007,1,159,140.06,否
SO202502851,2026-04-26,17080,搜索,美妆,美妆-016,2,279,525.38,否
SO202501765,2026-04-26,10265,搜索,男装,男装-014,2,149,292.39,否
SO202504990,2026-04-26,15012,直播,女装,女装-021,1,269,230.23,否
SO202502901,2026-04-27,11356,搜索,美妆,美妆-011,2,129,235.73,否
SO202500155,2026-04-27,10910,直播,美妆,美妆-010,1,389,386.94,否
SO202501345,2026-04-27,12861,社群,女装,女装-021,3,269,713.4,否
SO202503783,2026-04-27,10225,直播,女装,女装-001,1,169,150.68,否
SO202503899,2026-04-27,16328,直播,女装,女装-023,3,169,482.34,否
SO202502498,2026-04-27,17945,直播,男装,男装-019,1,189,177.67,否
SO202503465,2026-04-27,12340,直播,美妆,美妆-011,3,129,341.7,否
SO202502488,2026-04-27,10889,搜索,女装,女装-032,3,309,925.01,否
SO202501150,2026-04-27,10907,搜索,美妆,美妆-017,3,359,926.45,否
SO202503457,2026-04-27,10166,搜索,女装,女装-007,3,129,360.38,否
SO202503154,2026-04-27,11882,推荐,女装,女装-028,2,299,592.9,否
SO202502189,2026-04-27,13866,搜索,女装,女装-032,1,309,306.79,否
SO202502677,2026-04-27,14005,搜索,美妆,美妆-010,2,389,758.62,否
SO202500473,2026-04-27,11032,社群,女装,女装-032,1,309,290.15,否
SO202503161,2026-04-27,13682,直播,家居,家居-006,2,109,214.59,否
SO202500443,2026-04-27,12105,直播,女装,女装-032,3,309,908.18,否
SO202502173,2026-04-27,11882,直播,美妆,美妆-003,3,119,313.23,否
SO202502234,2026-04-28,10045,搜索,女装,女装-035,2,289,554.71,否
SO202502738,2026-04-28,12984,推荐,女装,女装-021,2,269,470.36,否
SO202500749,2026-04-28,10677,直播,美妆,美妆-003,2,119,231.03,否
SO202503105,2026-04-28,15262,搜索,男装,男装-020,2,299,564.35,是
SO202504807,2026-04-28,12911,搜索,女装,女装-001,1,169,158.55,否
SO202500359,2026-04-28,14750,社群,美妆,美妆-014,1,239,207.84,否
SO202500926,2026-04-28,11382,社群,男装,男装-006,1,199,188.08,否
SO202503728,2026-04-28,15358,直播,家居,家居-006,1,109,95.44,是
SO202502500,2026-04-28,16876,直播,女装,女装-028,2,299,555.29,否
SO202504615,2026-04-28,16320,社群,美妆,美妆-015,3,199,532.64,否
SO202501407,2026-04-28,14226,搜索,美妆,美妆-003,1,119,107.88,否
SO202504025,2026-04-28,13128,推荐,美妆,美妆-016,1,279,246.72,否
SO202502724,2026-04-28,15243,直播,美妆,美妆-018,1,489,454.7,否
SO202504724,2026-04-28,12754,社群,美妆,美妆-001,1,129,125.0,否
SO202501510,2026-04-28,11245,社群,女装,女装-021,1,269,237.84,否
SO202500919,2026-04-28,10549,搜索,美妆,美妆-001,1,129,116.25,否
SO202504648,2026-04-28,14328,直播,美妆,美妆-020,1,479,452.54,否
SO202504299,2026-04-28,10480,推荐,女装,女装-023,3,169,464.63,否
SO202500407,2026-04-28,14080,直播,数码,数码-002,1,859,783.05,否
SO202504650,2026-04-28,15523,社群,男装,男装-019,2,189,372.62,否
SO202504621,2026-04-29,17220,搜索,女装,女装-005,1,269,263.33,否
SO202500915,2026-04-29,11273,直播,家居,家居-001,2,39,68.35,否
SO202502119,2026-04-29,11198,搜索,女装,女装-026,2,209,403.45,否
SO202503073,2026-04-29,17544,搜索,美妆,美妆-015,1,199,181.83,否
SO202500406,2026-04-29,12243,搜索,男装,男装-019,1,189,188.08,否
SO202503774,2026-04-29,16600,直播,男装,男装-019,2,189,354.45,否
SO202500029,2026-04-29,12523,推荐,数码,数码-002,1,859,759.63,否
SO202501872,2026-04-29,17244,直播,男装,男装-022,3,229,610.82,否
SO202501103,2026-04-29,15447,直播,家居,家居-010,3,179,484.09,否
SO202503353,2026-04-29,13167,社群,男装,男装-011,1,169,162.42,否
SO202504092,2026-04-30,16863,推荐,家居,家居-007,3,199,578.63,否
SO202502469,2026-04-30,14475,搜索,男装,男装-004,2,299,517.93,否
SO202502772,2026-04-30,16842,推荐,女装,女装-021,3,269,725.45,否
SO202504888,2026-04-30,10669,社群,美妆,美妆-016,2,279,511.13,否
SO202500500,2026-04-30,13389,社群,女装,女装-001,1,169,160.51,否
SO202503620,2026-04-30,10150,搜索,家居,家居-005,1,59,53.93,否
SO202502006,2026-04-30,14999,直播,美妆,美妆-018,1,489,443.27,否
SO202501922,2026-04-30,16777,搜索,家居,家居-014,1,59,57.89,否
SO202500270,2026-04-30,17513,直播,女装,女装-003,1,189,179.05,否
SO202501135,2026-04-30,17597,推荐,美妆,美妆-007,3,159,447.87,否
SO202504141,2026-04-30,13397,搜索,女装,女装-022,1,269,243.92,否
SO202504809,2026-05-01,10954,社群,数码,数码-010,1,2029,1819.33,否
SO202503194,2026-05-01,15665,直播,美妆,美妆-003,1,119,106.11,否
SO202502029,2026-05-01,15665,推荐,家居,家居-010,2,179,336.58,否
SO202501752,2026-05-01,10238,推荐,男装,男装-006,2,199,374.94,否
SO202500487,2026-05-01,13269,搜索,女装,女装-021,2,269,491.32,否
SO202501881,2026-05-01,15178,推荐,女装,女装-021,1,269,239.8,否
SO202501379,2026-05-01,10099,推荐,女装,女装-032,2,309,594.83,否
SO202500391,2026-05-01,13587,推荐,女装,女装-022,3,269,756.45,否
SO202501291,2026-05-01,17537,搜索,家居,家居-004,2,59,111.69,是
SO202501033,2026-05-01,15609,搜索,男装,男装-001,3,329,900.58,否
SO202502034,2026-05-01,12419,搜索,美妆,美妆-007,3,159,475.97,否
SO202503839,2026-05-01,17167,社群,女装,女装-001,1,169,151.22,否
SO202501770,2026-05-01,14010,直播,男装,男装-020,2,299,571.03,是
SO202501858,2026-05-01,13390,搜索,美妆,美妆-017,1,359,333.44,否
SO202503448,2026-05-01,10213,推荐,家居,家居-007,1,199,176.5,否
SO202504184,2026-05-01,12223,推荐,女装,女装-005,1,269,239.12,否
SO202501178,2026-05-01,12728,直播,家居,家居-014,3,59,165.99,否
SO202504140,2026-05-02,10463,直播,美妆,美妆-011,2,129,249.12,否
SO202504205,2026-05-02,12203,推荐,男装,男装-006,2,199,345.92,否
SO202503812,2026-05-02,16654,直播,美妆,美妆-007,1,159,140.04,否
SO202503801,2026-05-02,10743,社群,男装,男装-025,1,169,159.53,否
SO202503707,2026-05-02,13542,搜索,美妆,美妆-015,1,199,189.69,否
SO202504069,2026-05-02,15523,搜索,美妆,美妆-015,2,199,353.11,否
SO202503876,2026-05-02,13878,直播,女装,女装-022,1,269,264.9,否
SO202504139,2026-05-02,17183,社群,男装,男装-006,1,199,195.22,否
SO202504266,2026-05-02,17455,推荐,男装,男装-020,1,299,296.19,否
SO202502621,2026-05-02,14359,直播,女装,女装-032,1,309,264.17,否
SO202500293,2026-05-02,15292,直播,女装,女装-030,1,109,108.07,否
SO202501707,2026-05-02,14167,推荐,男装,男装-005,2,269,518.85,否
SO202502635,2026-05-02,13383,搜索,女装,女装-014,1,259,244.01,否
SO202501058,2026-05-02,14382,直播,美妆,美妆-015,1,199,172.17,否
SO202500732,2026-05-02,11121,直播,女装,女装-005,1,269,249.86,否
SO202501297,2026-05-02,11035,搜索,家居,家居-007,3,199,526.75,否
SO202502220,2026-05-02,15031,搜索,数码,数码-009,2,1399,2796.63,否
SO202501298,2026-05-02,12247,直播,女装,女装-035,1,289,250.75,否
SO202500835,2026-05-02,14617,直播,男装,男装-025,1,169,167.39,否
SO202500983,2026-05-03,15447,直播,男装,男装-009,1,169,146.8,否
SO202504857,2026-05-03,10072,社群,家居,家居-007,1,199,181.34,否
SO202502527,2026-05-03,17906,直播,男装,男装-004,3,299,839.32,否
SO202502429,2026-05-03,13971,推荐,美妆,美妆-010,1,389,337.26,否
SO202501185,2026-05-03,13598,推荐,美妆,美妆-015,3,199,593.14,否
SO202501606,2026-05-03,14368,直播,家居,家居-014,1,59,57.97,否
SO202504552,2026-05-03,13798,社群,数码,数码-008,3,1259,3767.88,否
SO202501854,2026-05-03,11993,搜索,家居,家居-004,1,59,50.88,否
SO202501838,2026-05-03,11518,直播,美妆,美妆-011,1,129,116.89,否
SO202504285,2026-05-03,17879,直播,家居,家居-010,3,179,503.42,否
SO202500355,2026-05-04,13939,直播,家居,家居-004,2,59,106.4,否
SO202502683,2026-05-04,11085,搜索,家居,家居-014,2,59,102.93,否
SO202501597,2026-05-04,17304,直播,家居,家居-007,1,199,191.49,是
SO202500699,2026-05-04,17588,直播,女装,女装-031,1,189,163.88,否
SO202503051,2026-05-04,16777,搜索,女装,女装-014,2,259,485.51,否
SO202504534,2026-05-04,13898,推荐,家居,家居-004,1,59,55.31,否
SO202504783,2026-05-04,16521,直播,数码,数码-002,3,859,2436.2,否
SO202502213,2026-05-04,14004,搜索,数码,数码-006,1,1899,1766.46,否
SO202501622,2026-05-05,14856,直播,女装,女装-032,3,309,925.93,否
SO202503541,2026-05-05,15498,社群,男装,男装-006,1,199,174.34,否
SO202501828,2026-05-05,10389,搜索,数码,数码-008,1,1259,1172.76,否
SO202502790,2026-05-05,15724,直播,男装,男装-008,1,299,268.27,否
SO202501457,2026-05-05,10020,搜索,家居,家居-007,1,199,171.76,否
SO202504893,2026-05-05,11576,直播,美妆,美妆-001,2,129,230.41,否
SO202500472,2026-05-05,13974,搜索,女装,女装-027,2,149,276.97,否
SO202504340,2026-05-05,13397,社群,女装,女装-001,2,169,330.27,是
SO202502971,2026-05-05,16310,搜索,男装,男装-002,2,239,474.88,否
SO202500552,2026-05-05,17714,直播,女装,女装-032,1,309,277.53,否
SO202500028,2026-05-05,10104,直播,男装,男装-006,1,199,170.84,否
SO202502334,2026-05-05,11999,推荐,男装,男装-014,1,149,137.89,否
SO202500944,2026-05-06,15935,推荐,女装,女装-005,1,269,258.54,否
SO202503285,2026-05-06,12634,社群,家居,家居-014,1,59,56.06,否
SO202501467,2026-05-06,16561,社群,美妆,美妆-014,1,239,211.14,否
SO202501405,2026-05-06,13510,搜索,家居,家居-004,3,59,154.19,否
SO202503787,2026-05-06,16869,推荐,家居,家居-007,1,199,192.63,否
SO202502223,2026-05-07,12299,直播,男装,男装-020,1,299,296.39,否
SO202500065,2026-05-07,14428,社群,家居,家居-001,2,39,73.54,否
SO202503408,2026-05-07,17362,推荐,美妆,美妆-010,1,389,387.67,是
SO202501350,2026-05-07,16362,社群,美妆,美妆-007,3,159,405.69,是
SO202503595,2026-05-07,14766,搜索,美妆,美妆-020,2,479,925.92,否
SO202504370,2026-05-07,17801,社群,女装,女装-032,1,309,304.63,否
SO202504427,2026-05-07,15827,直播,男装,男装-019,1,189,178.78,是
SO202501900,2026-05-07,14674,搜索,女装,女装-025,1,159,142.25,否
SO202502680,2026-05-07,11134,搜索,男装,男装-006,3,199,582.29,否
SO202504937,2026-05-07,13618,搜索,美妆,美妆-014,2,239,472.6,否
SO202502009,2026-05-08,10341,社群,家居,家居-014,1,59,53.41,否
SO202500099,2026-05-08,10450,直播,美妆,美妆-011,3,129,367.87,否
SO202502307,2026-05-08,16244,搜索,女装,女装-017,2,149,290.69,是
SO202502134,2026-05-08,14131,社群,男装,男装-020,2,299,559.16,否
SO202503730,2026-05-08,15334,搜索,女装,女装-022,3,269,796.77,否
SO202501104,2026-05-08,17848,推荐,女装,女装-021,2,269,512.13,否
SO202503516,2026-05-08,12736,社群,女装,女装-003,1,189,164.67,是
SO202500142,2026-05-08,16790,直播,家居,家居-005,1,59,56.56,否
SO202502258,2026-05-08,11349,社群,美妆,美妆-017,2,359,692.09,否
SO202504758,2026-05-08,11125,搜索,家居,家居-006,3,109,322.2,否
SO202503432,2026-05-08,15149,搜索,家居,家居-007,2,199,392.09,否
SO202502367,2026-05-08,17550,搜索,男装,男装-008,1,299,292.23,否
SO202500303,2026-05-09,14288,搜索,美妆,美妆-014,1,239,230.1,否
SO202501961,2026-05-09,10128,直播,女装,女装-032,2,309,553.76,否
SO202500187,2026-05-09,17627,直播,美妆,美妆-007,2,159,309.37,否
SO202500543,2026-05-09,14625,直播,女装,女装-014,1,259,241.81,否
SO202503574,2026-05-09,11668,直播,美妆,美妆-007,2,159,297.62,否
SO202501718,2026-05-09,16180,搜索,女装,女装-013,1,249,231.62,否
SO202500342,2026-05-09,14124,推荐,男装,男装-020,2,299,533.38,否
SO202503416,2026-05-09,17893,社群,男装,男装-006,1,199,183.73,否
SO202502476,2026-05-09,11043,直播,家居,家居-013,3,39,114.56,否
SO202504867,2026-05-09,13839,推荐,家居,家居-007,1,199,184.88,否
SO202504168,2026-05-09,10078,搜索,男装,男装-008,2,299,562.26,否
SO202504327,2026-05-09,15613,推荐,男装,男装-008,3,299,889.78,否
SO202502248,2026-05-09,16876,直播,美妆,美妆-016,3,279,744.97,否
SO202502403,2026-05-09,15428,搜索,男装,男装-006,3,199,552.41,否
SO202500137,2026-05-09,13894,推荐,女装,女装-005,3,269,783.93,否
SO202500430,2026-05-09,12423,直播,家居,家居-004,2,59,117.28,否
SO202504245,2026-05-10,15291,推荐,美妆,美妆-016,3,279,741.52,否
SO202500575,2026-05-10,15984,推荐,男装,男装-014,1,149,141.8,否
SO202500036,2026-05-10,12188,社群,美妆,美妆-007,1,159,146.42,否
SO202501342,2026-05-10,10894,直播,美妆,美妆-014,1,239,212.49,否
SO202504170,2026-05-10,15596,直播,男装,男装-006,1,199,182.75,否
SO202502947,2026-05-10,10910,搜索,家居,家居-006,2,109,206.94,否
SO202500079,2026-05-10,10473,社群,家居,家居-007,3,199,544.17,否
SO202502749,2026-05-10,13966,搜索,男装,男装-006,2,199,389.38,是
SO202501522,2026-05-10,13496,推荐,男装,男装-006,1,199,169.38,否
SO202503660,2026-05-10,13544,搜索,女装,女装-010,2,239,457.65,否
SO202504499,2026-05-11,10634,推荐,女装,女装-022,1,269,236.09,否
SO202500567,2026-05-11,13032,直播,男装,男装-004,2,299,584.65,否
SO202504131,2026-05-11,12452,直播,女装,女装-026,3,209,546.2,否
SO202501466,2026-05-11,10054,直播,女装,女装-021,1,269,233.07,否
SO202503897,2026-05-11,16582,社群,男装,男装-006,2,199,356.78,否
SO202504830,2026-05-11,11817,搜索,家居,家居-011,2,119,213.2,否
SO202501169,2026-05-11,10886,搜索,家居,家居-004,1,59,58.21,否
SO202502194,2026-05-11,16917,直播,男装,男装-006,1,199,173.61,否
SO202501578,2026-05-11,13851,社群,男装,男装-025,1,169,153.94,否
SO202503026,2026-05-12,16425,直播,男装,男装-006,3,199,555.43,否
SO202504929,2026-05-12,16084,直播,数码,数码-001,1,2439,2195.38,否
SO202501801,2026-05-12,12719,搜索,女装,女装-001,2,169,332.97,否
SO202502131,2026-05-12,16560,搜索,女装,女装-034,1,259,236.19,是
SO202500251,2026-05-12,13680,社群,美妆,美妆-016,1,279,254.0,否
SO202503734,2026-05-12,10666,推荐,女装,女装-003,3,189,483.2,否
SO202504703,2026-05-12,10993,搜索,女装,女装-032,1,309,300.91,否
SO202502070,2026-05-12,10957,搜索,女装,女装-014,2,259,499.13,否
SO202500969,2026-05-12,15523,搜索,男装,男装-013,1,319,305.88,否
SO202504805,2026-05-12,12106,搜索,美妆,美妆-014,2,239,427.86,否
SO202501412,2026-05-12,15868,社群,家居,家居-007,3,199,508.46,否
SO202501131,2026-05-12,16202,直播,女装,女装-026,1,209,185.01,否
SO202500026,2026-05-12,17908,直播,美妆,美妆-003,2,119,226.58,否
SO202500467,2026-05-12,14063,直播,数码,数码-002,2,859,1551.5,否
SO202501760,2026-05-12,10669,直播,美妆,美妆-017,3,359,1036.65,否
SO202500546,2026-05-12,10037,直播,美妆,美妆-007,1,159,144.02,否
SO202502181,2026-05-12,12057,社群,美妆,美妆-015,2,199,341.11,否
SO202501516,2026-05-13,16600,搜索,男装,男装-014,1,149,133.94,否
SO202500743,2026-05-13,11186,社群,家居,家居-004,2,59,117.77,否
SO202504228,2026-05-13,13803,直播,男装,男装-006,2,199,382.83,否
SO202503583,2026-05-13,10926,搜索,男装,男装-006,2,199,357.58,否
SO202501803,2026-05-13,16091,社群,家居,家居-015,2,179,340.11,否
SO202501315,2026-05-13,15964,直播,美妆,美妆-015,1,199,174.75,否
SO202502633,2026-05-13,10537,直播,男装,男装-012,1,139,132.24,否
SO202501472,2026-05-13,15636,直播,男装,男装-020,1,299,258.37,否
SO202503684,2026-05-13,11141,推荐,女装,女装-021,2,269,507.74,否
SO202503671,2026-05-13,16554,搜索,男装,男装-025,2,169,328.01,否
SO202501356,2026-05-13,10832,推荐,美妆,美妆-015,2,199,350.03,否
SO202502505,2026-05-13,17537,搜索,女装,女装-032,2,309,617.49,否
SO202503136,2026-05-13,12854,直播,男装,男装-008,2,299,532.78,是
SO202501609,2026-05-13,17126,直播,美妆,美妆-011,1,129,119.86,否
SO202501686,2026-05-13,12467,直播,女装,女装-021,1,269,246.28,否
SO202501720,2026-05-14,15200,推荐,家居,家居-013,1,39,37.7,否
SO202500333,2026-05-14,11930,推荐,美妆,美妆-003,1,119,114.3,否
SO202504605,2026-05-14,10165,直播,女装,女装-001,2,169,337.76,否
SO202503519,2026-05-14,15349,直播,女装,女装-032,1,309,267.92,是
SO202501582,2026-05-14,13539,社群,女装,女装-003,2,189,361.95,否
SO202501067,2026-05-14,14676,搜索,美妆,美妆-017,2,359,678.07,否
SO202501505,2026-05-14,17231,搜索,数码,数码-002,2,859,1695.11,是
SO202502674,2026-05-14,15935,直播,美妆,美妆-010,1,389,330.75,否
SO202503148,2026-05-14,15218,搜索,美妆,美妆-015,3,199,510.78,否
SO202503635,2026-05-15,13419,推荐,男装,男装-012,3,139,379.59,否
SO202500929,2026-05-15,13603,搜索,女装,女装-014,2,259,485.15,否
SO202500350,2026-05-15,10601,推荐,美妆,美妆-010,2,389,676.37,否
SO202502882,2026-05-15,14035,直播,数码,数码-002,3,859,2225.19,否
SO202502355,2026-05-15,11689,推荐,美妆,美妆-018,3,489,1431.83,否
SO202503011,2026-05-15,13095,社群,美妆,美妆-010,1,389,343.47,否
SO202501232,2026-05-15,11679,直播,男装,男装-007,2,129,221.27,否
SO202504012,2026-05-15,14212,推荐,男装,男装-004,3,299,860.96,否
SO202502487,2026-05-15,14085,搜索,女装,女装-005,1,269,248.27,否
SO202500203,2026-05-15,13941,直播,女装,女装-032,2,309,560.12,否
SO202500199,2026-05-15,11443,搜索,美妆,美妆-014,1,239,225.38,是
SO202503275,2026-05-15,15358,推荐,美妆,美妆-010,2,389,710.46,否
SO202502414,2026-05-15,14103,搜索,女装,女装-021,3,269,770.42,否
SO202504903,2026-05-15,17962,直播,美妆,美妆-010,1,389,385.77,否
SO202503755,2026-05-16,17163,推荐,女装,女装-023,1,169,145.76,否
SO202502928,2026-05-16,11493,推荐,男装,男装-025,1,169,164.6,否
SO202502930,2026-05-16,16353,社群,家居,家居-006,1,109,106.1,否
SO202500520,2026-05-16,14638,推荐,家居,家居-001,1,39,36.28,否
SO202504953,2026-05-16,10891,社群,女装,女装-001,1,169,147.53,否
SO202503896,2026-05-16,14042,直播,美妆,美妆-007,3,159,470.53,否
SO202504515,2026-05-16,17313,社群,女装,女装-027,1,149,135.85,否
SO202501008,2026-05-16,16090,搜索,男装,男装-020,1,299,276.53,否
SO202500214,2026-05-16,11983,社群,美妆,美妆-010,2,389,739.76,否
SO202501394,2026-05-16,13995,直播,美妆,美妆-015,3,199,578.05,否
SO202504116,2026-05-16,12810,搜索,男装,男装-015,1,149,141.03,否
SO202504448,2026-05-16,17465,搜索,美妆,美妆-017,3,359,935.88,否
SO202501740,2026-05-16,16836,推荐,男装,男装-004,2,299,587.05,否
SO202503841,2026-05-16,12868,搜索,男装,男装-020,3,299,800.47,否
SO202503135,2026-05-16,14484,推荐,美妆,美妆-003,2,119,224.9,否
SO202500225,2026-05-16,17021,搜索,女装,女装-003,2,189,322.74,否
SO202501587,2026-05-16,14013,搜索,美妆,美妆-010,2,389,753.26,否
SO202502510,2026-05-16,16081,推荐,女装,女装-014,1,259,241.45,否
SO202501662,2026-05-16,17644,搜索,女装,女装-003,2,189,325.28,否
SO202502076,2026-05-17,10030,推荐,美妆,美妆-018,1,489,474.46,否
SO202500579,2026-05-17,15763,推荐,美妆,美妆-001,3,129,365.25,否
SO202503858,2026-05-17,13373,直播,美妆,美妆-011,3,129,356.13,否
SO202500525,2026-05-17,16307,社群,数码,数码-009,1,1399,1265.16,否
SO202500809,2026-05-17,17610,搜索,美妆,美妆-003,1,119,118.42,否
SO202501140,2026-05-17,17879,直播,家居,家居-011,1,119,116.0,否
SO202503492,2026-05-17,13154,搜索,数码,数码-010,3,2029,5497.3,否
SO202502375,2026-05-17,12449,搜索,女装,女装-001,2,169,330.95,否
SO202501778,2026-05-17,13221,直播,女装,女装-003,3,189,515.64,是
SO202504339,2026-05-17,14865,搜索,女装,女装-011,2,159,286.01,否
SO202503781,2026-05-17,13287,直播,女装,女装-034,3,259,701.75,否
SO202502651,2026-05-17,11906,直播,家居,家居-004,2,59,111.04,否
SO202501534,2026-05-17,17439,社群,男装,男装-020,3,299,823.89,否
SO202503833,2026-05-18,12142,搜索,女装,女装-014,1,259,229.39,否
SO202503705,2026-05-18,12135,直播,女装,女装-014,1,259,229.29,否
SO202501629,2026-05-18,10885,直播,男装,男装-006,2,199,354.89,否
SO202504822,2026-05-18,12502,推荐,男装,男装-005,3,269,698.92,否
SO202501527,2026-05-18,14772,搜索,男装,男装-014,1,149,138.12,否
SO202500966,2026-05-18,12521,直播,男装,男装-004,2,299,581.32,否
SO202501319,2026-05-18,13286,推荐,美妆,美妆-015,1,199,170.37,否
SO202504563,2026-05-18,17683,直播,女装,女装-022,2,269,476.12,否
SO202503523,2026-05-18,10505,直播,女装,女装-031,1,189,168.95,否
SO202504122,2026-05-18,10532,直播,男装,男装-020,2,299,546.61,否
SO202504434,2026-05-18,11733,推荐,美妆,美妆-007,2,159,271.76,否
SO202503020,2026-05-18,13499,直播,女装,女装-022,2,269,457.77,否
SO202500145,2026-05-18,10217,社群,女装,女装-005,1,269,236.8,否
SO202503911,2026-05-18,14302,推荐,家居,家居-006,2,109,190.8,否
SO202502768,2026-05-19,13378,直播,女装,女装-031,3,189,500.44,否
SO202502333,2026-05-19,13460,推荐,女装,女装-031,1,189,185.55,否
SO202502254,2026-05-19,14722,搜索,美妆,美妆-014,2,239,424.99,否
SO202501969,2026-05-19,15303,搜索,美妆,美妆-018,1,489,477.77,是
SO202500183,2026-05-19,10669,社群,女装,女装-005,2,269,532.55,否
SO202502609,2026-05-19,15523,社群,男装,男装-005,1,269,263.52,否
SO202502388,2026-05-19,12938,搜索,女装,女装-031,2,189,360.54,否
SO202503751,2026-05-19,12470,推荐,女装,女装-026,2,209,390.31,否
SO202501970,2026-05-19,14090,直播,美妆,美妆-003,1,119,104.34,否
SO202502347,2026-05-19,13842,搜索,女装,女装-027,2,149,276.21,否
SO202504512,2026-05-19,15096,直播,男装,男装-008,2,299,559.13,否
SO202501338,2026-05-19,11054,直播,女装,女装-014,2,259,515.51,否
SO202504187,2026-05-20,15763,推荐,数码,数码-010,2,2029,3626.73,否
SO202503934,2026-05-20,12134,搜索,家居,家居-007,1,199,181.56,否
SO202502031,2026-05-20,13135,推荐,美妆,美妆-018,2,489,913.22,否
SO202502786,2026-05-20,14706,直播,女装,女装-014,1,259,252.49,否
SO202500656,2026-05-20,12995,搜索,女装,女装-021,1,269,246.95,否
SO202503703,2026-05-20,11475,搜索,女装,女装-027,1,149,146.99,否
SO202500762,2026-05-20,15285,推荐,数码,数码-010,1,2029,1968.52,否
SO202502415,2026-05-20,11026,直播,男装,男装-025,1,169,156.56,是
SO202503794,2026-05-20,13340,社群,女装,女装-005,2,269,532.02,否
SO202500957,2026-05-20,12948,推荐,男装,男装-006,1,199,185.94,是
SO202503808,2026-05-20,16590,搜索,女装,女装-021,2,269,493.76,否
SO202500693,2026-05-21,16787,推荐,男装,男装-014,2,149,286.2,否
SO202503617,2026-05-21,13247,直播,美妆,美妆-015,3,199,579.11,否
SO202504767,2026-05-21,10292,搜索,男装,男装-006,1,199,169.76,否
SO202501805,2026-05-21,11187,直播,男装,男装-018,2,159,282.77,否
SO202502102,2026-05-21,16092,搜索,数码,数码-001,3,2439,7034.43,否
SO202502538,2026-05-21,17464,直播,美妆,美妆-011,1,129,123.38,否
SO202501220,2026-05-21,12242,直播,美妆,美妆-003,2,119,214.83,否
SO202502894,2026-05-21,15941,直播,美妆,美妆-011,1,129,124.51,否
SO202502441,2026-05-21,12135,直播,女装,女装-032,1,309,297.01,否
SO202500905,2026-05-21,11959,搜索,数码,数码-005,2,2639,5212.81,否
SO202504511,2026-05-21,15814,搜索,美妆,美妆-011,3,129,371.03,否
SO202504236,2026-05-21,11347,直播,女装,女装-032,1,309,288.26,否
SO202500241,2026-05-21,10653,直播,男装,男装-007,1,129,120.2,否
SO202500055,2026-05-21,15309,直播,女装,女装-023,2,169,335.2,否
SO202502268,2026-05-22,12283,推荐,家居,家居-015,3,179,487.87,否
SO202500691,2026-05-22,13826,搜索,女装,女装-021,3,269,723.04,否
SO202501916,2026-05-22,16507,搜索,男装,男装-025,2,169,288.54,否
SO202501746,2026-05-22,14453,社群,女装,女装-032,3,309,809.48,否
SO202502640,2026-05-22,12135,推荐,女装,女装-005,1,269,262.86,否
SO202502701,2026-05-22,15309,搜索,女装,女装-021,1,269,262.68,否
SO202502291,2026-05-23,10249,社群,家居,家居-014,2,59,105.72,否
SO202502690,2026-05-23,14180,直播,家居,家居-005,3,59,176.21,否
SO202504562,2026-05-23,15462,推荐,女装,女装-005,1,269,252.99,否
SO202503590,2026-05-23,15144,推荐,美妆,美妆-003,2,119,234.56,否
SO202503131,2026-05-23,14492,社群,美妆,美妆-007,1,159,146.24,否
SO202500517,2026-05-23,10088,推荐,男装,男装-006,2,199,382.92,否
SO202500294,2026-05-23,10551,推荐,男装,男装-008,1,299,282.52,否
SO202501929,2026-05-23,16490,社群,女装,女装-006,1,289,269.08,否
SO202501157,2026-05-23,10557,搜索,家居,家居-015,3,179,501.41,否
SO202500218,2026-05-23,11993,直播,女装,女装-023,1,169,164.7,否
SO202503943,2026-05-23,15180,搜索,女装,女装-003,2,189,333.66,否
SO202500022,2026-05-23,15172,搜索,美妆,美妆-018,2,489,839.6,否
SO202504241,2026-05-23,14846,直播,女装,女装-021,1,269,247.38,否
SO202504244,2026-05-23,11155,社群,女装,女装-031,1,189,168.59,否
SO202501869,2026-05-24,14133,社群,女装,女装-032,2,309,583.97,否
SO202501273,2026-05-24,11339,推荐,美妆,美妆-001,1,129,125.78,否
SO202501739,2026-05-24,11559,直播,女装,女装-021,2,269,536.67,是
SO202503670,2026-05-24,13999,搜索,男装,男装-008,1,299,257.18,是
SO202502193,2026-05-24,16987,搜索,家居,家居-015,3,179,459.27,否
SO202504850,2026-05-24,10902,直播,美妆,美妆-015,1,199,176.04,否
SO202501032,2026-05-24,12283,直播,女装,女装-032,1,309,308.68,否
SO202502233,2026-05-24,10738,搜索,女装,女装-001,2,169,304.27,否
SO202504918,2026-05-24,17784,搜索,男装,男装-018,1,159,140.26,否
SO202503918,2026-05-24,10013,社群,美妆,美妆-016,3,279,833.45,否
SO202501702,2026-05-24,11874,推荐,美妆,美妆-007,2,159,276.53,否
SO202503195,2026-05-24,11180,直播,女装,女装-014,2,259,449.78,否
SO202500059,2026-05-24,12980,推荐,女装,女装-034,2,259,498.83,否
SO202503029,2026-05-24,17810,搜索,女装,女装-014,1,259,232.22,否
SO202504674,2026-05-25,10365,社群,美妆,美妆-006,2,319,588.18,否
SO202502095,2026-05-25,15678,直播,美妆,美妆-007,2,159,288.44,否
SO202503693,2026-05-25,10598,直播,女装,女装-012,3,239,646.37,否
SO202504763,2026-05-25,13373,社群,美妆,美妆-007,2,159,303.04,是
SO202504901,2026-05-25,17752,推荐,美妆,美妆-011,1,129,110.88,否
SO202503666,2026-05-25,17329,社群,男装,男装-007,1,129,127.62,否
SO202502371,2026-05-25,10389,直播,家居,家居-013,1,39,37.99,是
SO202503361,2026-05-25,15416,直播,美妆,美妆-011,3,129,372.15,否
SO202502279,2026-05-25,14472,社群,美妆,美妆-007,2,159,291.66,否
SO202500729,2026-05-25,14552,推荐,男装,男装-018,1,159,150.98,否
SO202500345,2026-05-25,13385,搜索,男装,男装-022,1,229,208.05,否
SO202501092,2026-05-25,14356,社群,女装,女装-022,1,269,241.37,否
SO202504525,2026-05-25,14214,搜索,家居,家居-006,1,109,95.15,否
SO202501779,2026-05-25,17021,直播,美妆,美妆-001,3,129,361.2,否
SO202503478,2026-05-25,15735,推荐,女装,女装-027,2,149,254.76,否
SO202501451,2026-05-25,16084,搜索,女装,女装-001,2,169,296.22,否
SO202503252,2026-05-25,10697,搜索,女装,女装-027,1,149,126.65,否
SO202500190,2026-05-25,15780,直播,数码,数码-002,2,859,1544.72,否
SO202501849,2026-05-25,16805,推荐,家居,家居-005,3,59,151.8,否
SO202501981,2026-05-25,14292,直播,男装,男装-006,1,199,174.32,否
SO202501982,2026-05-26,15753,直播,家居,家居-015,1,179,174.41,否
SO202502598,2026-05-26,13167,推荐,女装,女装-005,1,269,244.96,否
SO202504540,2026-05-26,11821,社群,女装,女装-025,2,159,303.04,否
SO202502909,2026-05-26,16798,搜索,男装,男装-020,1,299,267.71,否
SO202503215,2026-05-26,11874,搜索,数码,数码-009,2,1399,2575.65,否
SO202503297,2026-05-26,10225,直播,美妆,美妆-001,2,129,221.18,否
SO202503187,2026-05-26,15954,推荐,女装,女装-023,1,169,161.41,否
SO202500793,2026-05-27,14295,推荐,男装,男装-015,2,149,294.96,否
SO202502748,2026-05-27,12347,直播,美妆,美妆-001,2,129,227.44,是
SO202504686,2026-05-27,16122,直播,美妆,美妆-010,1,389,378.8,否
SO202504264,2026-05-27,10630,社群,男装,男装-020,2,299,588.35,否
SO202500363,2026-05-27,14127,推荐,美妆,美妆-014,2,239,472.25,否
SO202500551,2026-05-27,11377,推荐,家居,家居-004,2,59,110.26,否
SO202501211,2026-05-27,16676,直播,家居,家居-006,2,109,213.35,否
SO202500857,2026-05-27,17667,直播,家居,家居-006,3,109,286.39,否
SO202503159,2026-05-27,12823,搜索,女装,女装-022,1,269,258.58,否
SO202502150,2026-05-27,12214,搜索,美妆,美妆-017,1,359,310.27,否
SO202500279,2026-05-27,10695,推荐,美妆,美妆-005,1,369,347.87,否
SO202500066,2026-05-27,10928,直播,美妆,美妆-007,3,159,421.45,否
SO202501644,2026-05-27,14768,直播,男装,男装-013,2,319,567.7,否
SO202502381,2026-05-27,12514,搜索,男装,男装-025,1,169,162.96,否
SO202504775,2026-05-27,11633,直播,美妆,美妆-018,1,489,486.77,否
SO202500982,2026-05-27,12198,社群,男装,男装-019,1,189,169.13,否
SO202500897,2026-05-27,15616,直播,美妆,美妆-020,2,479,917.46,否
SO202502792,2026-05-28,13937,搜索,男装,男装-013,2,319,606.9,否
SO202502858,2026-05-28,12320,直播,男装,男装-006,1,199,177.73,否
SO202504138,2026-05-28,10537,直播,女装,女装-005,1,269,234.93,否
SO202500830,2026-05-28,16568,搜索,美妆,美妆-001,3,129,364.91,否
SO202503300,2026-05-28,12593,搜索,美妆,美妆-016,1,279,237.91,否
SO202503953,2026-05-28,15129,直播,家居,家居-001,2,39,67.44,否
SO202501446,2026-05-28,11289,直播,女装,女装-022,2,269,509.22,否
SO202500625,2026-05-28,11955,直播,美妆,美妆-020,1,479,441.12,否
SO202504543,2026-05-28,13502,直播,女装,女装-032,1,309,298.59,否
SO202501932,2026-05-29,16384,直播,美妆,美妆-015,1,199,176.25,否
SO202502661,2026-05-29,15891,直播,家居,家居-010,3,179,521.96,否
SO202502705,2026-05-29,15445,搜索,家居,家居-010,1,179,168.5,否
SO202504940,2026-05-29,17809,直播,女装,女装-027,1,149,129.41,是
SO202501786,2026-05-29,12151,搜索,美妆,美妆-011,1,129,120.2,否
SO202504202,2026-05-29,16423,搜索,美妆,美妆-016,2,279,532.81,否
SO202503429,2026-05-29,13949,搜索,男装,男装-025,3,169,431.86,是
SO202501294,2026-05-29,17281,搜索,男装,男装-001,3,329,883.3,否
SO202500507,2026-05-29,11402,直播,美妆,美妆-007,2,159,288.36,否
SO202502385,2026-05-29,17925,社群,美妆,美妆-001,1,129,113.98,是
SO202501894,2026-05-29,14473,直播,美妆,美妆-015,3,199,585.17,否
SO202504146,2026-05-29,12010,搜索,女装,女装-003,1,189,177.3,否
SO202504854,2026-05-29,16534,搜索,美妆,美妆-015,1,199,198.26,否
SO202503613,2026-05-29,12670,直播,男装,男装-004,3,299,887.21,否
SO202502739,2026-05-29,13190,推荐,数码,数码-002,1,859,763.17,否
SO202503763,2026-05-29,11606,社群,数码,数码-002,1,859,844.71,否
SO202500801,2026-05-30,11737,搜索,美妆,美妆-014,2,239,455.77,否
SO202503767,2026-05-30,17207,搜索,美妆,美妆-011,1,129,115.03,否
SO202500502,2026-05-30,10643,直播,女装,女装-033,3,289,856.1,否
SO202503665,2026-05-30,10143,直播,家居,家居-004,1,59,50.26,否
SO202501284,2026-05-30,11377,推荐,美妆,美妆-017,2,359,693.09,否
SO202500748,2026-05-30,11192,推荐,女装,女装-032,1,309,285.26,是
SO202502494,2026-05-30,16066,推荐,美妆,美妆-018,2,489,944.66,否
SO202504576,2026-05-30,17479,搜索,男装,男装-020,3,299,807.86,否
SO202504966,2026-05-30,12291,搜索,美妆,美妆-014,2,239,444.71,否
SO202502456,2026-05-30,10426,直播,家居,家居-010,1,179,171.52,否
SO202501059,2026-05-30,14826,搜索,家居,家居-013,1,39,34.48,否
SO202502109,2026-05-30,14886,推荐,美妆,美妆-003,2,119,207.06,否
SO202501022,2026-05-30,15543,直播,女装,女装-026,2,209,385.72,否
SO202501624,2026-05-30,12579,推荐,女装,女装-003,2,189,328.94,否
SO202503641,2026-05-30,11443,搜索,美妆,美妆-011,2,129,229.32,否
SO202500976,2026-05-30,15453,社群,男装,男装-020,2,299,511.18,否
SO202500402,2026-05-30,11822,直播,男装,男装-022,3,229,603.93,否
SO202502780,2026-05-30,12496,推荐,男装,男装-025,3,169,459.18,否
SO202504827,2026-05-31,16855,社群,女装,女装-021,1,269,255.53,否
SO202501573,2026-05-31,14789,直播,家居,家居-004,2,59,107.85,否
SO202501724,2026-05-31,16808,直播,男装,男装-014,1,149,140.64,否
SO202500364,2026-05-31,10823,社群,美妆,美妆-014,3,239,715.78,否
SO202501804,2026-05-31,14046,社群,美妆,美妆-015,1,199,175.63,否
SO202502602,2026-05-31,10765,搜索,女装,女装-022,2,269,532.31,否
SO202503397,2026-05-31,15393,社群,家居,家居-011,1,119,107.51,否
SO202504568,2026-05-31,16025,直播,男装,男装-020,1,299,274.16,否
SO202502383,2026-05-31,17471,直播,女装,女装-022,2,269,522.74,否
SO202500903,2026-05-31,17477,推荐,男装,男装-014,3,149,400.42,否
SO202503113,2026-06-01,14156,直播,美妆,美妆-007,2,159,305.09,否
SO202503881,2026-06-01,10104,社群,家居,家居-007,1,199,190.0,否
SO202503669,2026-06-01,10646,直播,女装,女装-001,1,169,166.37,否
SO202504712,2026-06-01,17061,搜索,女装,女装-011,1,159,147.88,否
SO202502035,2026-06-01,12984,搜索,美妆,美妆-011,1,129,127.21,否
SO202504645,2026-06-01,16212,搜索,男装,男装-004,3,299,775.32,是
SO202501358,2026-06-01,13754,推荐,数码,数码-010,2,2029,3605.54,否
SO202504861,2026-06-01,16074,推荐,男装,男装-006,1,199,178.91,否
SO202501642,2026-06-01,17931,直播,家居,家居-001,1,39,34.37,是
SO202501978,2026-06-01,13354,搜索,女装,女装-005,3,269,753.02,否
SO202504992,2026-06-01,14603,搜索,美妆,美妆-015,3,199,593.99,否
SO202501590,2026-06-01,13839,搜索,男装,男装-006,2,199,347.93,否
SO202503418,2026-06-01,10098,搜索,男装,男装-001,2,329,608.98,否
SO202504362,2026-06-01,17710,社群,女装,女装-032,2,309,567.65,否
SO202502284,2026-06-02,16498,搜索,女装,女装-014,1,259,221.03,否
SO202503317,2026-06-02,11882,直播,男装,男装-012,1,139,138.82,否
SO202500779,2026-06-02,16846,直播,女装,女装-025,3,159,408.7,否
SO202500495,2026-06-02,17178,搜索,美妆,美妆-017,2,359,631.96,否
SO202503084,2026-06-02,12731,搜索,美妆,美妆-017,1,359,351.03,否
SO202503102,2026-06-02,15702,直播,男装,男装-013,2,319,558.0,否
SO202504230,2026-06-02,16371,推荐,女装,女装-032,3,309,830.38,否
SO202503981,2026-06-02,11887,直播,美妆,美妆-018,1,489,483.72,否
SO202504355,2026-06-02,17606,推荐,美妆,美妆-018,1,489,438.01,否
SO202504573,2026-06-02,12345,社群,女装,女装-035,3,289,760.39,否
SO202503912,2026-06-02,17519,直播,女装,女装-022,1,269,243.75,否
SO202504943,2026-06-02,11662,推荐,女装,女装-021,1,269,238.91,否
SO202500351,2026-06-02,16833,推荐,女装,女装-021,1,269,252.94,否
SO202503865,2026-06-02,11215,推荐,美妆,美妆-007,1,159,142.72,否
SO202503903,2026-06-02,10643,推荐,美妆,美妆-017,3,359,979.6,否
SO202504206,2026-06-02,16623,社群,男装,男装-006,1,199,184.39,否
SO202504726,2026-06-02,12557,直播,女装,女装-014,1,259,242.52,否
SO202501409,2026-06-03,17160,直播,男装,男装-014,3,149,404.14,否
SO202500988,2026-06-03,17699,搜索,女装,女装-005,1,269,254.65,否
SO202500082,2026-06-03,16691,社群,男装,男装-006,1,199,188.57,否
SO202500974,2026-06-03,10192,直播,女装,女装-024,2,299,526.69,否
SO202501911,2026-06-03,17654,社群,男装,男装-005,3,269,693.2,否
SO202503470,2026-06-03,12319,搜索,女装,女装-022,3,269,773.61,否
SO202500946,2026-06-03,10537,搜索,女装,女装-005,1,269,245.33,否
SO202500588,2026-06-03,13458,直播,美妆,美妆-015,2,199,390.37,否
SO202500278,2026-06-03,13522,直播,家居,家居-004,1,59,58.38,否
SO202502458,2026-06-03,10779,搜索,男装,男装-006,3,199,573.08,否
SO202501287,2026-06-04,10905,搜索,女装,女装-032,3,309,833.88,否
SO202504925,2026-06-04,10353,社群,美妆,美妆-016,1,279,270.13,否
SO202503749,2026-06-04,11954,直播,家居,家居-004,3,59,164.09,否
SO202501063,2026-06-04,16043,社群,数码,数码-010,1,2029,1785.66,否
SO202504738,2026-06-04,15668,搜索,美妆,美妆-007,1,159,153.94,否
SO202501260,2026-06-04,11784,社群,数码,数码-007,2,1359,2530.45,否
SO202500113,2026-06-04,11074,推荐,美妆,美妆-001,2,129,249.45,否
SO202502274,2026-06-04,11993,推荐,美妆,美妆-017,2,359,684.26,否
SO202501475,2026-06-04,15038,直播,美妆,美妆-014,2,239,473.93,否
SO202502987,2026-06-04,13206,搜索,美妆,美妆-011,1,129,116.58,否
SO202501717,2026-06-04,10207,推荐,家居,家居-011,3,119,310.6,否
SO202504594,2026-06-04,16246,直播,美妆,美妆-015,1,199,178.83,否
SO202500412,2026-06-04,17725,直播,女装,女装-035,1,289,283.62,否
SO202504897,2026-06-04,11092,直播,男装,男装-013,1,319,276.27,否
SO202503096,2026-06-04,17958,直播,女装,女装-013,1,249,226.44,否
SO202504201,2026-06-04,11429,搜索,男装,男装-024,1,109,103.03,否
SO202503341,2026-06-04,14919,直播,美妆,美妆-017,1,359,318.45,否
SO202503155,2026-06-04,13162,直播,男装,男装-001,1,329,281.29,否
SO202500876,2026-06-04,10646,搜索,美妆,美妆-018,1,489,441.97,否
SO202500843,2026-06-04,16830,直播,女装,女装-014,2,259,442.63,否
SO202502880,2026-06-05,17429,搜索,家居,家居-010,1,179,155.7,是
SO202502247,2026-06-05,17140,社群,男装,男装-006,1,199,186.74,否
SO202502978,2026-06-05,14685,社群,男装,男装-012,2,139,237.93,否
SO202501473,2026-06-05,16967,推荐,男装,男装-003,1,189,170.32,否
SO202500791,2026-06-05,13602,直播,男装,男装-014,1,149,135.27,否
SO202504771,2026-06-05,13753,推荐,家居,家居-010,2,179,342.07,否
SO202502735,2026-06-05,15809,搜索,男装,男装-021,1,349,334.19,否
SO202501152,2026-06-05,11415,搜索,美妆,美妆-017,1,359,354.93,否
SO202502998,2026-06-05,15180,社群,美妆,美妆-018,2,489,867.33,否
SO202504152,2026-06-05,10819,搜索,男装,男装-015,3,149,426.06,否
SO202502353,2026-06-06,16599,直播,男装,男装-006,2,199,359.55,否
SO202504319,2026-06-06,14244,推荐,女装,女装-032,1,309,277.17,否
SO202502480,2026-06-06,13275,直播,美妆,美妆-011,1,129,122.39,否
SO202503464,2026-06-06,10905,搜索,女装,女装-021,2,269,468.81,否
SO202503127,2026-06-06,10824,推荐,美妆,美妆-010,1,389,340.27,否
SO202500448,2026-06-06,17954,直播,女装,女装-032,1,309,290.51,否
SO202500918,2026-06-06,10204,直播,美妆,美妆-017,1,359,318.64,否
SO202504135,2026-06-06,10454,社群,男装,男装-005,1,269,229.56,否
SO202502028,2026-06-06,17569,直播,女装,女装-021,1,269,259.22,否
SO202504852,2026-06-06,16401,社群,女装,女装-027,1,149,135.76,是
SO202504794,2026-06-06,16507,社群,男装,男装-014,2,149,257.17,否
SO202503254,2026-06-06,17298,直播,男装,男装-020,1,299,262.24,否
SO202504256,2026-06-07,11192,推荐,男装,男装-019,1,189,174.51,否
SO202504545,2026-06-07,10741,直播,男装,男装-004,1,299,275.17,否
SO202503856,2026-06-07,10692,直播,女装,女装-005,1,269,266.19,否
SO202502017,2026-06-07,12935,社群,女装,女装-032,1,309,286.92,否
SO202503901,2026-06-07,14001,社群,女装,女装-021,1,269,265.19,否
SO202504273,2026-06-07,11843,搜索,美妆,美妆-007,2,159,313.51,否
SO202502023,2026-06-07,15604,直播,女装,女装-022,1,269,255.42,否
SO202501017,2026-06-07,13613,直播,家居,家居-007,3,199,515.37,否
SO202503121,2026-06-07,16077,直播,男装,男装-004,1,299,269.42,否
SO202500759,2026-06-07,12689,搜索,美妆,美妆-015,1,199,172.5,否
SO202502483,2026-06-07,15753,推荐,美妆,美妆-003,2,119,203.31,否
SO202503578,2026-06-07,12704,推荐,男装,男装-008,3,299,817.99,是
SO202503360,2026-06-07,17450,直播,男装,男装-013,1,319,289.99,否
SO202501234,2026-06-08,17021,搜索,女装,女装-005,1,269,235.62,否
SO202501257,2026-06-08,13357,搜索,男装,男装-006,1,199,187.57,否
SO202500939,2026-06-08,12218,推荐,女装,女装-031,1,189,188.38,否
SO202502026,2026-06-08,16779,直播,美妆,美妆-006,1,319,316.64,否
SO202501923,2026-06-08,11933,社群,女装,女装-021,1,269,237.23,否
SO202504345,2026-06-08,11360,推荐,女装,女装-032,1,309,272.69,否
SO202504834,2026-06-08,10059,搜索,美妆,美妆-014,3,239,619.66,否
SO202503318,2026-06-08,11246,直播,男装,男装-006,2,199,364.16,否
SO202503971,2026-06-09,16834,直播,数码,数码-009,1,1399,1257.61,否
SO202504342,2026-06-09,10319,推荐,女装,女装-021,2,269,488.98,否
SO202500815,2026-06-09,15198,推荐,美妆,美妆-001,1,129,120.05,否
SO202503586,2026-06-09,13836,直播,男装,男装-002,2,239,442.32,否
SO202500452,2026-06-09,12152,搜索,男装,男装-006,1,199,185.67,否
SO202502356,2026-06-09,11814,直播,男装,男装-004,1,299,257.84,否
SO202501259,2026-06-09,11526,直播,女装,女装-021,1,269,229.58,否
SO202504519,2026-06-09,14754,直播,男装,男装-020,2,299,542.41,否
SO202502337,2026-06-09,14415,搜索,美妆,美妆-010,2,389,688.6,否
SO202503996,2026-06-10,11684,直播,女装,女装-014,1,259,222.69,否
SO202500569,2026-06-10,17626,直播,男装,男装-007,1,129,126.5,否
SO202501683,2026-06-10,14021,搜索,美妆,美妆-016,1,279,263.39,否
SO202502687,2026-06-10,13003,直播,女装,女装-005,3,269,704.77,是
SO202502065,2026-06-10,14198,搜索,美妆,美妆-015,1,199,171.44,是
SO202501654,2026-06-10,13916,社群,女装,女装-003,1,189,179.94,否
SO202503610,2026-06-10,10734,搜索,美妆,美妆-014,2,239,419.22,否
SO202502896,2026-06-10,10735,搜索,女装,女装-002,2,209,356.49,否
SO202504871,2026-06-10,11865,推荐,美妆,美妆-018,1,489,459.17,否
SO202503509,2026-06-10,12245,直播,男装,男装-020,2,299,591.31,否
SO202503725,2026-06-10,17449,直播,男装,男装-005,1,269,234.6,否
SO202502814,2026-06-10,14294,搜索,家居,家居-014,1,59,55.41,否
SO202500931,2026-06-10,17627,推荐,美妆,美妆-016,2,279,491.49,否
SO202504884,2026-06-11,16546,直播,美妆,美妆-011,1,129,121.79,否
SO202504382,2026-06-11,13903,直播,男装,男装-006,1,199,181.24,否
SO202500557,2026-06-11,10400,直播,女装,女装-033,3,289,787.7,否
SO202500572,2026-06-11,14756,搜索,男装,男装-007,1,129,123.35,否
SO202504680,2026-06-11,13730,搜索,女装,女装-001,2,169,326.32,否
SO202502137,2026-06-11,14517,推荐,男装,男装-022,2,229,448.82,否
SO202501506,2026-06-11,11040,直播,美妆,美妆-007,3,159,432.91,否
SO202502402,2026-06-11,10232,搜索,男装,男装-008,1,299,270.12,否
SO202501270,2026-06-11,15138,社群,女装,女装-011,3,159,467.18,否
SO202502952,2026-06-12,15262,推荐,美妆,美妆-018,3,489,1456.19,否
SO202502061,2026-06-12,14130,直播,男装,男装-015,3,149,388.74,否
SO202500434,2026-06-12,12992,搜索,男装,男装-006,2,199,367.28,否
SO202501164,2026-06-12,14371,直播,美妆,美妆-007,1,159,138.04,否
SO202502529,2026-06-12,12522,社群,女装,女装-032,1,309,308.68,否
SO202501252,2026-06-12,17895,推荐,男装,男装-014,1,149,131.55,否
SO202504954,2026-06-12,12943,社群,美妆,美妆-001,1,129,114.05,否
SO202503676,2026-06-12,15718,搜索,女装,女装-035,3,289,855.0,否
SO202500882,2026-06-12,12766,直播,男装,男装-012,2,139,252.74,是
SO202502093,2026-06-12,10879,直播,美妆,美妆-015,2,199,358.02,否
SO202504874,2026-06-12,11431,推荐,数码,数码-010,2,2029,3678.29,否
SO202500140,2026-06-12,16958,直播,美妆,美妆-011,2,129,224.58,否
SO202501468,2026-06-12,11501,推荐,女装,女装-011,1,159,149.87,否
SO202501535,2026-06-13,12419,搜索,男装,男装-006,3,199,582.18,否
SO202500067,2026-06-13,11365,直播,美妆,美妆-007,2,159,282.15,否
SO202501999,2026-06-13,13882,直播,美妆,美妆-001,3,129,334.82,否
SO202500162,2026-06-13,12287,直播,男装,男装-007,1,129,119.55,否
SO202502316,2026-06-13,16191,直播,女装,女装-003,2,189,342.8,否
SO202502647,2026-06-13,13942,搜索,美妆,美妆-018,2,489,895.48,否
SO202502454,2026-06-13,13372,直播,美妆,美妆-016,3,279,773.43,否
SO202504107,2026-06-13,15187,直播,美妆,美妆-011,3,129,353.77,否
SO202501484,2026-06-13,17668,搜索,男装,男装-006,1,199,188.31,否
SO202502948,2026-06-13,14035,直播,男装,男装-006,2,199,368.45,否
SO202504541,2026-06-13,17278,推荐,家居,家居-007,2,199,343.36,否
SO202504110,2026-06-13,14190,推荐,女装,女装-031,3,189,555.56,否
SO202503680,2026-06-13,11572,社群,数码,数码-008,1,1259,1102.63,否
SO202503050,2026-06-13,14365,直播,数码,数码-010,1,2029,1807.18,否
SO202503374,2026-06-13,10170,直播,女装,女装-027,1,149,132.19,否
SO202500156,2026-06-13,13095,直播,女装,女装-032,3,309,878.22,否
SO202503474,2026-06-13,17371,搜索,女装,女装-021,1,269,237.85,否
SO202502898,2026-06-13,12915,直播,家居,家居-011,1,119,109.98,否
SO202503758,2026-06-13,10552,推荐,女装,女装-010,2,239,449.23,否
SO202503383,2026-06-14,13826,搜索,美妆,美妆-011,3,129,364.41,否
SO202501388,2026-06-14,14625,社群,男装,男装-005,2,269,507.12,否
SO202502614,2026-06-14,15178,搜索,女装,女装-032,1,309,267.08,否
SO202501641,2026-06-14,17205,直播,美妆,美妆-015,2,199,341.9,否
SO202504056,2026-06-14,11466,直播,美妆,美妆-010,2,389,736.41,否
SO202504495,2026-06-14,17841,推荐,美妆,美妆-011,1,129,122.9,否
SO202503158,2026-06-14,15005,推荐,女装,女装-012,2,239,416.7,否
SO202500787,2026-06-14,10630,直播,家居,家居-011,2,119,202.58,否
SO202503237,2026-06-14,11147,推荐,女装,女装-022,1,269,258.04,否
SO202502849,2026-06-14,10688,社群,美妆,美妆-017,2,359,640.17,否
SO202504155,2026-06-14,17437,直播,女装,女装-021,1,269,230.55,否
SO202501963,2026-06-14,16838,搜索,家居,家居-006,3,109,305.93,否
SO202503290,2026-06-14,16338,直播,女装,女装-021,3,269,693.94,否
SO202502964,2026-06-14,12513,推荐,美妆,美妆-017,1,359,329.15,否
SO202504305,2026-06-14,15072,推荐,女装,女装-005,2,269,509.21,否
SO202500212,2026-06-14,11712,直播,男装,男装-019,2,189,349.44,否
SO202504845,2026-06-14,13970,直播,家居,家居-005,1,59,55.24,否
SO202503964,2026-06-14,17148,社群,男装,男装-008,2,299,516.97,否
SO202502424,2026-06-14,15023,搜索,女装,女装-001,1,169,148.64,否
SO202500533,2026-06-14,10728,推荐,美妆,美妆-001,2,129,234.66,是
SO202502794,2026-06-14,13535,直播,美妆,美妆-011,1,129,109.74,否
SO202500595,2026-06-14,13000,搜索,女装,女装-034,2,259,472.44,否
SO202503025,2026-06-14,15100,推荐,女装,女装-014,1,259,255.81,否
SO202503173,2026-06-14,16636,直播,男装,男装-006,1,199,190.42,否
SO202500965,2026-06-14,14018,推荐,女装,女装-023,3,169,437.33,是
SO202503445,2026-06-15,11532,社群,女装,女装-025,1,159,136.64,否
SO202504442,2026-06-15,17374,社群,女装,女装-024,3,299,803.04,否
SO202504098,2026-06-15,16262,社群,数码,数码-007,2,1359,2547.21,否
SO202504316,2026-06-15,10412,直播,家居,家居-014,2,59,117.66,否
SO202502914,2026-06-15,16196,直播,女装,女装-021,1,269,254.73,否
SO202504876,2026-06-15,10566,直播,美妆,美妆-003,3,119,319.29,否
SO202501811,2026-06-15,14586,推荐,美妆,美妆-003,1,119,101.49,否
SO202504951,2026-06-15,12845,社群,男装,男装-025,2,169,337.17,否
SO202504167,2026-06-15,13290,直播,美妆,美妆-001,1,129,121.54,否
SO202504879,2026-06-15,14789,推荐,女装,女装-032,1,309,284.34,否
SO202500344,2026-06-15,12384,直播,美妆,美妆-017,1,359,325.7,否
SO202504156,2026-06-15,10229,搜索,女装,女装-021,1,269,229.25,否
SO202502139,2026-06-15,15558,社群,男装,男装-015,2,149,270.57,否
SO202504396,2026-06-15,15144,直播,女装,女装-032,1,309,295.25,是
SO202502159,2026-06-15,15092,搜索,男装,男装-007,1,129,121.98,否
SO202502695,2026-06-15,17210,推荐,美妆,美妆-001,1,129,114.07,否
SO202503490,2026-06-15,10412,社群,男装,男装-015,1,149,134.38,否
SO202504748,2026-06-15,15863,搜索,美妆,美妆-007,1,159,139.68,是
SO202500550,2026-06-16,13419,搜索,美妆,美妆-016,1,279,277.79,否
SO202501735,2026-06-16,11954,推荐,女装,女装-014,2,259,498.95,否
SO202504922,2026-06-16,10853,搜索,男装,男装-006,2,199,345.22,否
SO202501905,2026-06-16,13783,直播,美妆,美妆-015,1,199,196.05,否
SO202502763,2026-06-16,15956,直播,女装,女装-011,1,159,141.06,否
SO202501980,2026-06-16,16899,搜索,女装,女装-025,1,159,143.73,否
SO202503461,2026-06-16,13198,推荐,女装,女装-014,1,259,241.43,否
SO202503370,2026-06-16,12710,直播,女装,女装-032,3,309,894.85,否
SO202500018,2026-06-16,15628,搜索,女装,女装-022,2,269,489.96,否
SO202502335,2026-06-16,17428,推荐,男装,男装-015,1,149,148.12,否
SO202501601,2026-06-16,16098,搜索,女装,女装-021,2,269,474.71,否
SO202500041,2026-06-16,11068,搜索,女装,女装-022,1,269,237.75,否
SO202503228,2026-06-16,12797,推荐,美妆,美妆-017,1,359,341.16,否
SO202504063,2026-06-17,15151,推荐,数码,数码-008,2,1259,2282.11,是
SO202501188,2026-06-17,11469,推荐,女装,女装-032,1,309,291.02,否
SO202500229,2026-06-17,16550,搜索,女装,女装-032,2,309,565.17,否
SO202504298,2026-06-17,11275,社群,女装,女装-023,2,169,288.95,否
SO202504199,2026-06-17,10352,推荐,男装,男装-007,1,129,124.95,否
SO202500265,2026-06-17,15537,搜索,女装,女装-005,3,269,726.2,否
SO202502991,2026-06-17,14268,推荐,女装,女装-027,2,149,285.66,否
SO202502776,2026-06-17,10743,直播,美妆,美妆-011,3,129,361.8,否
SO202503191,2026-06-17,17479,推荐,美妆,美妆-003,3,119,355.41,否
SO202501907,2026-06-17,16284,搜索,美妆,美妆-018,1,489,419.4,否
SO202503948,2026-06-17,17267,社群,男装,男装-014,1,149,143.12,否
SO202501403,2026-06-17,13322,直播,美妆,美妆-001,1,129,112.74,否
SO202502655,2026-06-17,12258,社群,男装,男装-006,2,199,361.87,否
SO202503205,2026-06-17,17344,推荐,美妆,美妆-001,1,129,119.05,否
SO202504928,2026-06-17,11882,搜索,美妆,美妆-007,3,159,420.38,否
SO202502844,2026-06-17,10030,推荐,美妆,美妆-018,3,489,1417.35,否
SO202502354,2026-06-17,16527,搜索,男装,男装-012,3,139,411.96,否
SO202503267,2026-06-17,13798,推荐,女装,女装-005,2,269,535.34,否
SO202502856,2026-06-17,12468,搜索,男装,男装-005,1,269,258.62,否
SO202504412,2026-06-17,10651,推荐,女装,女装-031,2,189,353.33,否
SO202502887,2026-06-17,10829,搜索,女装,女装-027,1,149,143.55,否
SO202503270,2026-06-17,16837,推荐,男装,男装-006,1,199,181.91,否
SO202504182,2026-06-17,13416,搜索,家居,家居-006,1,109,107.29,否
SO202501810,2026-06-17,15152,直播,男装,男装-012,1,139,135.22,否
SO202501789,2026-06-17,14156,搜索,家居,家居-007,1,199,178.07,否
SO202502237,2026-06-17,16148,搜索,女装,女装-032,1,309,271.92,否
SO202500822,2026-06-17,12405,搜索,家居,家居-004,1,59,51.08,否
SO202500205,2026-06-17,13426,搜索,女装,女装-021,2,269,527.95,否
SO202503622,2026-06-17,16619,社群,男装,男装-019,1,189,161.56,否
SO202502088,2026-06-17,11679,推荐,男装,男装-014,2,149,296.24,否
SO202501231,2026-06-17,11347,搜索,女装,女装-003,1,189,170.28,是
SO202504878,2026-06-17,11495,直播,美妆,美妆-010,1,389,340.65,否
SO202500398,2026-06-17,11908,搜索,家居,家居-007,2,199,370.01,否
SO202504065,2026-06-17,10400,直播,女装,女装-032,2,309,550.96,否
SO202502604,2026-06-17,16219,社群,女装,女装-026,1,209,203.57,否
SO202502044,2026-06-17,12449,直播,男装,男装-013,2,319,571.48,否
SO202504099,2026-06-18,13917,搜索,男装,男装-013,1,319,318.96,否
SO202503957,2026-06-18,11359,直播,男装,男装-025,1,169,153.36,否
SO202503797,2026-06-18,13548,搜索,美妆,美妆-018,1,489,431.63,是
SO202503798,2026-06-18,15774,社群,男装,男装-008,3,299,894.68,否
SO202503942,2026-06-18,10067,直播,女装,女装-035,1,289,281.17,否
SO202503226,2026-06-18,12302,推荐,男装,男装-012,1,139,133.56,否
SO202503776,2026-06-18,14392,直播,家居,家居-005,1,59,53.7,否
SO202503044,2026-06-18,14242,搜索,美妆,美妆-001,3,129,364.67,否
SO202502366,2026-06-18,16857,搜索,女装,女装-014,1,259,236.27,否
SO202500232,2026-06-18,11017,社群,男装,男装-020,1,299,296.11,否
SO202504470,2026-06-18,17837,直播,男装,男装-004,1,299,292.95,否
SO202502848,2026-06-18,12493,社群,美妆,美妆-010,1,389,387.96,是
SO202503719,2026-06-18,12095,推荐,美妆,美妆-010,3,389,1013.99,否
SO202502289,2026-06-18,16934,社群,美妆,美妆-011,1,129,119.67,否
SO202500314,2026-06-18,11430,搜索,女装,女装-001,1,169,152.48,否
SO202504232,2026-06-18,11692,直播,男装,男装-008,1,299,257.99,是
SO202504938,2026-06-18,13264,推荐,女装,女装-014,2,259,509.14,否
SO202500322,2026-06-18,11861,推荐,女装,女装-032,1,309,281.35,否
SO202502341,2026-06-18,11668,社群,男装,男装-006,3,199,540.68,否
SO202503471,2026-06-18,13671,直播,男装,男装-012,1,139,120.57,否
SO202500244,2026-06-18,16896,直播,女装,女装-014,3,259,705.78,否
SO202503872,2026-06-18,16796,社群,男装,男装-012,2,139,242.69,否
SO202500009,2026-06-18,16635,搜索,男装,男装-004,1,299,296.42,否
SO202504613,2026-06-18,17041,社群,女装,女装-022,1,269,247.13,否
SO202500689,2026-06-18,17046,社群,男装,男装-007,3,129,351.67,否
SO202504862,2026-06-18,13025,直播,美妆,美妆-018,1,489,423.54,否
SO202502546,2026-06-18,10009,推荐,男装,男装-014,1,149,142.29,否
SO202502519,2026-06-18,17597,搜索,家居,家居-015,3,179,490.35,否
SO202500116,2026-06-18,11384,搜索,数码,数码-008,1,1259,1168.08,否
SO202504795,2026-06-18,13630,直播,家居,家居-005,2,59,101.92,否
SO202503177,2026-06-18,11482,搜索,美妆,美妆-017,2,359,610.7,否
SO202500963,2026-06-18,11893,搜索,美妆,美妆-016,1,279,269.29,否
SO202503895,2026-06-18,14697,直播,男装,男装-021,1,349,330.85,否
SO202504302,2026-06-18,11678,搜索,美妆,美妆-015,1,199,184.03,是
SO202500075,2026-06-18,15039,搜索,男装,男装-019,1,189,167.43,否
SO202503396,2026-06-18,16492,推荐,男装,男装-024,2,109,188.72,否
SO202504917,2026-06-18,17380,搜索,美妆,美妆-014,1,239,224.79,是
SO202503038,2026-06-18,16491,社群,美妆,美妆-017,2,359,647.06,否
SO202500820,2026-06-18,15010,直播,女装,女装-001,2,169,305.0,否
SO202503349,2026-06-18,14859,搜索,美妆,美妆-014,1,239,217.61,否
SO202501579,2026-06-18,15678,社群,数码,数码-007,2,1359,2588.73,否
SO202504268,2026-06-18,11052,推荐,女装,女装-032,1,309,268.44,否
SO202502668,2026-06-18,10611,推荐,美妆,美妆-011,1,129,115.44,否
SO202501206,2026-06-18,16238,搜索,美妆,美妆-007,1,159,155.11,否
SO202501996,2026-06-18,16541,推荐,家居,家居-011,2,119,212.24,否
SO202503627,2026-06-18,11155,直播,数码,数码-010,1,2029,1857.53,否
SO202502201,2026-06-18,17278,社群,男装,男装-006,1,199,175.36,否
SO202504133,2026-06-18,17386,搜索,女装,女装-032,1,309,293.52,否
SO202502531,2026-06-18,13837,推荐,美妆,美妆-003,2,119,223.5,否
SO202504272,2026-06-18,12188,推荐,美妆,美妆-011,2,129,234.0,否
SO202502992,2026-06-18,13935,直播,男装,男装-020,1,299,276.27,否
SO202502440,2026-06-18,14435,社群,女装,女装-013,2,249,443.2,否
SO202500870,2026-06-18,17900,社群,女装,女装-021,1,269,261.6,否
SO202504337,2026-06-19,15262,社群,男装,男装-005,1,269,256.03,否
SO202503662,2026-06-19,17931,推荐,女装,女装-027,2,149,254.27,否
SO202504030,2026-06-19,13992,推荐,美妆,美妆-010,2,389,775.23,否
SO202500616,2026-06-19,10339,推荐,家居,家居-014,2,59,115.4,否
SO202501889,2026-06-19,16262,社群,数码,数码-008,1,1259,1252.09,否
SO202503616,2026-06-19,17381,直播,男装,男装-020,1,299,279.7,否
SO202500238,2026-06-19,12861,推荐,美妆,美妆-011,2,129,238.37,否
SO202501675,2026-06-19,13994,社群,男装,男装-020,2,299,546.01,否
SO202501138,2026-06-19,10911,搜索,男装,男装-008,1,299,294.55,否
SO202504569,2026-06-19,17022,社群,美妆,美妆-005,3,369,969.52,否
SO202504792,2026-06-19,13493,直播,美妆,美妆-003,1,119,102.81,否
SO202502130,2026-06-20,12557,直播,男装,男装-006,2,199,354.32,否
SO202502954,2026-06-20,15143,搜索,美妆,美妆-001,2,129,235.53,否
SO202504557,2026-06-20,16145,推荐,美妆,美妆-018,1,489,427.13,否
SO202502566,2026-06-20,11391,推荐,家居,家居-007,1,199,174.46,否
SO202501607,2026-06-20,14216,社群,美妆,美妆-003,1,119,105.61,否
SO202504277,2026-06-20,16212,搜索,女装,女装-001,2,169,320.13,否
SO202502965,2026-06-20,10522,推荐,女装,女装-001,2,169,290.8,否
SO202502343,2026-06-20,16656,社群,美妆,美妆-016,1,279,247.07,否
SO202503591,2026-06-20,12302,直播,女装,女装-011,1,159,154.44,否
SO202501073,2026-06-20,10575,搜索,男装,男装-008,3,299,878.12,否
SO202504034,2026-06-20,17531,推荐,男装,男装-004,2,299,548.27,否
SO202502466,2026-06-20,16987,搜索,美妆,美妆-002,2,369,674.45,否
SO202504143,2026-06-20,13665,社群,女装,女装-027,2,149,294.54,否
SO202501870,2026-06-20,10502,直播,男装,男装-008,2,299,573.46,否
SO202502269,2026-06-20,11269,搜索,男装,男装-014,1,149,140.96,否
SO202504669,2026-06-20,16820,推荐,男装,男装-006,3,199,538.84,否
SO202500865,2026-06-20,12692,推荐,美妆,美妆-004,2,289,530.58,是
SO202504183,2026-06-21,14776,社群,家居,家居-015,3,179,484.65,否
SO202500215,2026-06-21,15864,社群,美妆,美妆-018,1,489,483.79,否
SO202504423,2026-06-21,11558,推荐,男装,男装-006,3,199,553.84,否
SO202504542,2026-06-21,10823,直播,美妆,美妆-015,1,199,194.81,否
SO202503400,2026-06-21,13389,搜索,男装,男装-007,3,129,347.05,否
SO202503157,2026-06-21,11999,推荐,男装,男装-004,1,299,264.66,否
SO202503188,2026-06-21,15729,直播,女装,女装-014,1,259,252.03,否
SO202503153,2026-06-21,12745,搜索,女装,女装-035,2,289,529.02,否
SO202504820,2026-06-21,16123,搜索,家居,家居-011,1,119,101.38,否
SO202502255,2026-06-21,15618,直播,家居,家居-001,1,39,38.37,否
SO202501112,2026-06-21,16404,搜索,男装,男装-013,1,319,281.54,否
SO202500178,2026-06-21,10771,直播,男装,男装-006,3,199,563.63,否
SO202503824,2026-06-21,16326,直播,美妆,美妆-001,3,129,352.77,是
SO202501892,2026-06-21,10328,直播,女装,女装-011,1,159,146.57,否
SO202502630,2026-06-21,10139,推荐,女装,女装-021,2,269,464.91,否
SO202503791,2026-06-21,11472,社群,数码,数码-010,2,2029,3741.98,否
SO202504259,2026-06-21,11482,推荐,男装,男装-008,1,299,287.32,否
SO202502935,2026-06-22,14007,直播,数码,数码-008,2,1259,2285.84,否
SO202504348,2026-06-22,16736,社群,女装,女装-035,2,289,529.03,否
SO202500573,2026-06-22,10557,直播,家居,家居-006,2,109,202.88,否
SO202502014,2026-06-22,10835,直播,男装,男装-008,2,299,588.65,否
SO202500119,2026-06-22,10651,搜索,美妆,美妆-015,1,199,176.68,否
SO202502382,2026-06-22,17544,直播,女装,女装-001,3,169,450.22,否
SO202500894,2026-06-22,10822,推荐,家居,家居-001,1,39,37.8,否
SO202502670,2026-06-22,15965,推荐,女装,女装-025,2,159,304.89,否
SO202500163,2026-06-22,15361,社群,女装,女装-032,3,309,877.16,否
SO202502115,2026-06-22,11066,推荐,男装,男装-020,1,299,292.3,否
SO202504032,2026-06-23,15997,搜索,美妆,美妆-001,2,129,228.31,否
SO202502650,2026-06-23,17110,直播,美妆,美妆-011,2,129,222.51,否
SO202500152,2026-06-23,12593,直播,女装,女装-002,1,209,185.66,否
SO202500825,2026-06-23,15740,推荐,女装,女装-001,3,169,438.77,否
SO202504889,2026-06-23,17875,推荐,女装,女装-013,3,249,641.76,否
SO202504729,2026-06-23,16962,社群,女装,女装-021,3,269,757.5,否
SO202503231,2026-06-23,16326,推荐,美妆,美妆-011,1,129,124.07,否
SO202501383,2026-06-23,16428,搜索,男装,男装-020,1,299,271.16,是
SO202503777,2026-06-23,16805,推荐,女装,女装-029,1,129,126.11,否
SO202500555,2026-06-23,15587,搜索,女装,女装-032,1,309,268.19,否
SO202503505,2026-06-24,17762,搜索,家居,家居-004,2,59,100.66,否
SO202503107,2026-06-24,16126,搜索,家居,家居-014,2,59,101.81,否
SO202504166,2026-06-24,10382,推荐,女装,女装-012,1,239,236.8,否
SO202504472,2026-06-24,17896,推荐,美妆,美妆-005,3,369,953.55,否
SO202501844,2026-06-24,14056,搜索,女装,女装-007,3,129,335.39,否
SO202502192,2026-06-24,16191,搜索,男装,男装-020,1,299,261.09,否
SO202502761,2026-06-24,12766,社群,美妆,美妆-001,3,129,357.84,否
SO202500523,2026-06-24,17825,搜索,家居,家居-007,1,199,176.72,否
SO202501420,2026-06-24,12014,社群,美妆,美妆-014,2,239,441.12,否
SO202504847,2026-06-24,17889,直播,女装,女装-035,1,289,286.86,否
SO202501730,2026-06-24,10468,搜索,女装,女装-005,3,269,713.97,否
SO202503529,2026-06-25,15277,推荐,美妆,美妆-007,2,159,312.55,是
SO202503683,2026-06-25,13935,直播,美妆,美妆-014,2,239,448.67,否
SO202500744,2026-06-25,13950,搜索,男装,男装-004,3,299,787.86,否
SO202504124,2026-06-25,13654,推荐,家居,家居-014,2,59,102.09,否
SO202500415,2026-06-25,10954,搜索,家居,家居-007,3,199,584.09,否
SO202503542,2026-06-25,11187,直播,美妆,美妆-018,3,489,1353.93,否
SO202504934,2026-06-26,10671,直播,男装,男装-014,1,149,148.63,否
SO202504985,2026-06-26,12622,搜索,男装,男装-006,1,199,198.93,否
SO202501347,2026-06-26,12516,直播,女装,女装-022,1,269,265.66,否
SO202501783,2026-06-26,11092,搜索,男装,男装-008,2,299,553.03,否
SO202501736,2026-06-26,10103,推荐,数码,数码-001,2,2439,4275.65,否
SO202501397,2026-06-26,17733,直播,男装,男装-004,1,299,289.77,否
SO202501910,2026-06-26,11570,搜索,女装,女装-035,1,289,250.11,否
SO202503108,2026-06-27,13763,直播,女装,女装-001,2,169,300.81,否
SO202501845,2026-06-27,15729,直播,美妆,美妆-014,2,239,417.74,否
SO202504956,2026-06-27,12341,社群,女装,女装-022,1,269,258.07,否
SO202502477,2026-06-27,16026,搜索,男装,男装-020,2,299,548.87,否
SO202504356,2026-06-27,13833,搜索,女装,女装-021,3,269,795.28,否
SO202504104,2026-06-27,14169,推荐,家居,家居-011,2,119,216.12,否
SO202502825,2026-06-27,16917,搜索,美妆,美妆-011,1,129,119.24,否
SO202502025,2026-06-27,15198,搜索,男装,男装-006,1,199,181.7,否
SO202503282,2026-06-27,14634,推荐,数码,数码-003,2,1699,2962.47,是
SO202502364,2026-06-28,15802,直播,男装,男装-024,1,109,106.45,否
SO202501408,2026-06-28,17099,推荐,男装,男装-014,1,149,131.74,否
SO202503262,2026-06-28,11311,推荐,女装,女装-022,1,269,246.09,否
SO202500731,2026-06-28,12532,推荐,家居,家居-014,2,59,107.54,否
SO202500427,2026-06-28,15952,搜索,女装,女装-022,2,269,502.54,否
SO202504863,2026-06-28,15605,社群,美妆,美妆-007,2,159,314.75,否
SO202500737,2026-06-28,10246,推荐,女装,女装-030,1,109,108.69,否
SO202503756,2026-06-28,17600,搜索,男装,男装-025,1,169,149.59,否
SO202504856,2026-06-28,17147,搜索,美妆,美妆-007,2,159,314.48,否
SO202501044,2026-06-28,15559,搜索,女装,女装-032,1,309,302.91,否
SO202504088,2026-06-28,16415,推荐,美妆,美妆-016,2,279,486.74,否
SO202502037,2026-06-28,17109,搜索,数码,数码-002,2,859,1549.55,否
SO202501643,2026-06-28,16557,搜索,家居,家居-007,1,199,182.42,否
SO202500206,2026-06-28,15006,直播,家居,家居-006,2,109,216.62,否
SO202500621,2026-06-28,17030,直播,女装,女装-032,1,309,298.36,否
SO202502310,2026-06-28,10867,推荐,美妆,美妆-014,1,239,230.99,否
SO202502920,2026-06-28,14718,社群,美妆,美妆-016,1,279,251.65,否
SO202502182,2026-06-28,10362,搜索,男装,男装-006,1,199,188.58,是
SO202500979,2026-06-28,15223,搜索,男装,男装-013,1,319,303.51,否
SO202504033,2026-06-28,14754,搜索,美妆,美妆-016,2,279,493.61,是
SO202504169,2026-06-28,16025,直播,美妆,美妆-018,2,489,833.57,否
SO202503438,2026-06-28,10583,社群,女装,女装-032,1,309,304.04,否
SO202500396,2026-06-28,11321,社群,女装,女装-014,2,259,458.73,否
SO202503868,2026-06-28,11417,推荐,女装,女装-017,2,149,258.64,否
SO202504715,2026-06-29,15555,推荐,数码,数码-003,2,1699,3221.91,否
SO202502770,2026-06-29,14121,社群,美妆,美妆-015,3,199,514.53,否
SO202504989,2026-06-29,12106,社群,家居,家居-007,3,199,556.51,否
SO202500886,2026-06-29,10128,社群,数码,数码-010,3,2029,5723.32,否
SO202503339,2026-06-29,17965,推荐,美妆,美妆-011,1,129,111.45,否
SO202502365,2026-06-29,14081,搜索,男装,男装-004,1,299,291.69,否
SO202503806,2026-06-29,15889,直播,男装,男装-006,2,199,370.98,否
SO202501096,2026-06-29,11894,社群,男装,男装-008,2,299,573.58,否
SO202503310,2026-06-29,11156,推荐,美妆,美妆-007,1,159,139.92,是
SO202502936,2026-06-29,12181,社群,女装,女装-032,1,309,306.49,否
SO202504749,2026-06-30,17142,推荐,男装,男装-020,2,299,562.07,否
SO202503701,2026-06-30,14013,社群,女装,女装-022,1,269,244.04,否
SO202500660,2026-06-30,13271,搜索,女装,女装-001,1,169,167.11,否
SO202503199,2026-06-30,14209,搜索,女装,女装-035,3,289,754.71,否
SO202503119,2026-06-30,13966,搜索,男装,男装-006,2,199,381.8,否
SO202502319,2026-06-30,11609,社群,女装,女装-033,3,289,826.9,否
SO202501832,2026-06-30,15507,直播,男装,男装-020,3,299,867.18,否
SO202503364,2026-06-30,12889,推荐,女装,女装-002,3,209,585.74,否
SO202503368,2026-06-30,16196,推荐,男装,男装-005,3,269,779.11,否
SO202504376,2026-06-30,11219,搜索,美妆,美妆-001,1,129,124.26,否
SO202502694,2026-06-30,11732,推荐,女装,女装-001,2,169,314.09,否
SO202503021,2026-06-30,11092,搜索,美妆,美妆-001,1,129,123.5,否
SO202501000,2026-06-30,17445,社群,美妆,美妆-007,2,159,280.89,否
SO202504716,2026-06-30,10480,搜索,家居,家居-008,1,139,135.68,是
SO202501997,2026-06-30,15437,搜索,家居,家居-007,3,199,539.18,否
SO202500368,2026-07-01,12949,直播,家居,家居-007,3,199,551.84,否
SO202503653,2026-07-01,11611,搜索,女装,女装-032,2,309,544.66,否
SO202500449,2026-07-01,10520,搜索,美妆,美妆-011,2,129,246.08,否
SO202501244,2026-07-01,14152,搜索,女装,女装-032,2,309,530.8,否
SO202504120,2026-07-01,16824,直播,美妆,美妆-001,1,129,126.4,否
SO202504248,2026-07-01,12855,推荐,女装,女装-003,2,189,372.76,否
SO202504533,2026-07-01,17428,搜索,女装,女装-001,1,169,153.57,否
SO202504986,2026-07-01,12540,直播,男装,男装-006,2,199,352.35,否
SO202502351,2026-07-01,14743,搜索,美妆,美妆-015,2,199,375.54,否
SO202500071,2026-07-01,17094,直播,男装,男装-006,1,199,177.04,否
SO202503006,2026-07-01,11482,搜索,美妆,美妆-007,1,159,142.32,否
SO202500927,2026-07-01,15176,推荐,男装,男装-006,2,199,386.64,否
SO202501705,2026-07-01,15065,推荐,家居,家居-007,2,199,346.0,否
SO202504039,2026-07-01,13251,直播,美妆,美妆-009,1,379,368.6,是
SO202502404,2026-07-01,13922,直播,家居,家居-014,2,59,114.43,否
SO202501065,2026-07-01,11060,社群,家居,家居-007,3,199,568.74,否
SO202501454,2026-07-02,15198,推荐,女装,女装-001,1,169,154.9,否
SO202502802,2026-07-02,12226,直播,女装,女装-001,2,169,291.47,否
SO202500063,2026-07-02,14051,推荐,女装,女装-013,2,249,492.03,否
SO202500184,2026-07-02,12436,直播,女装,女装-027,2,149,287.47,否
SO202500987,2026-07-02,13971,社群,美妆,美妆-007,1,159,148.72,否
SO202501404,2026-07-02,10183,搜索,女装,女装-001,1,169,157.96,否
SO202504595,2026-07-02,15042,直播,男装,男装-006,1,199,186.11,否
SO202500130,2026-07-02,12959,推荐,女装,女装-013,2,249,468.33,否
SO202500696,2026-07-02,17260,直播,数码,数码-007,3,1359,3915.94,否
SO202502126,2026-07-02,16120,直播,家居,家居-014,1,59,57.19,否
SO202503097,2026-07-02,11782,搜索,女装,女装-003,3,189,565.52,否
SO202504522,2026-07-02,11264,社群,男装,男装-013,3,319,888.42,否
SO202504662,2026-07-02,11907,直播,女装,女装-035,2,289,521.46,否
SO202504536,2026-07-02,13145,搜索,男装,男装-024,1,109,93.74,否
SO202501918,2026-07-02,15818,搜索,女装,女装-014,1,259,224.53,否
SO202501254,2026-07-03,15677,搜索,女装,女装-027,2,149,276.19,否
SO202501485,2026-07-03,14459,社群,家居,家居-004,1,59,55.78,否
SO202500767,2026-07-03,14524,推荐,美妆,美妆-001,3,129,334.52,否
SO202503528,2026-07-03,15591,搜索,家居,家居-015,2,179,338.51,否
SO202501400,2026-07-03,12768,搜索,女装,女装-032,1,309,302.4,否
SO202500804,2026-07-03,10013,直播,美妆,美妆-001,1,129,121.24,否
SO202502605,2026-07-03,11927,直播,数码,数码-002,1,859,792.45,否
SO202503259,2026-07-03,15844,直播,女装,女装-032,1,309,266.66,否
SO202500167,2026-07-03,15346,推荐,男装,男装-006,2,199,371.65,否
SO202504628,2026-07-03,17349,直播,女装,女装-003,2,189,327.06,否
SO202503879,2026-07-03,17254,直播,美妆,美妆-014,1,239,231.69,否
SO202503727,2026-07-04,11562,直播,女装,女装-031,2,189,354.82,否
SO202500437,2026-07-04,17440,社群,美妆,美妆-016,2,279,557.79,否
SO202502297,2026-07-04,11088,搜索,家居,家居-002,1,129,127.71,否
SO202500922,2026-07-04,17438,搜索,数码,数码-006,1,1899,1811.64,否
SO202504209,2026-07-04,10948,搜索,女装,女装-013,1,249,237.86,否
SO202501893,2026-07-04,17189,推荐,美妆,美妆-002,2,369,709.89,否
SO202501716,2026-07-04,14382,直播,男装,男装-019,1,189,165.1,否
SO202502769,2026-07-04,12419,社群,女装,女装-025,1,159,151.9,否
SO202502762,2026-07-04,13776,推荐,女装,女装-003,1,189,172.45,否
SO202501694,2026-07-04,16576,直播,美妆,美妆-001,1,129,120.19,否
SO202504868,2026-07-04,14846,直播,数码,数码-001,1,2439,2320.03,是
SO202503043,2026-07-04,16369,直播,家居,家居-007,2,199,385.57,否
SO202504711,2026-07-04,12442,直播,女装,女装-011,3,159,409.33,是
SO202503867,2026-07-04,15638,直播,美妆,美妆-015,2,199,346.78,否
SO202502554,2026-07-04,11198,推荐,女装,女装-014,1,259,245.03,否
SO202503828,2026-07-04,14062,直播,美妆,美妆-001,1,129,121.58,否
SO202502817,2026-07-04,10947,推荐,女装,女装-034,2,259,477.41,否
SO202502464,2026-07-04,12979,直播,数码,数码-005,3,2639,6882.39,否
SO202500469,2026-07-04,11810,直播,数码,数码-002,1,859,787.65,否
SO202501402,2026-07-04,10666,直播,女装,女装-005,2,269,511.44,是
SO202501502,2026-07-04,11598,直播,男装,男装-022,2,229,405.39,否
SO202503694,2026-07-04,11868,直播,美妆,美妆-014,2,239,422.61,否
SO202504407,2026-07-04,14414,直播,美妆,美妆-011,1,129,123.26,否
SO202503431,2026-07-04,13108,推荐,女装,女装-021,1,269,256.33,否
SO202501125,2026-07-05,17929,推荐,美妆,美妆-018,1,489,450.81,否
SO202504838,2026-07-05,14242,推荐,美妆,美妆-016,2,279,557.58,否
SO202500790,2026-07-05,16386,直播,男装,男装-005,3,269,778.06,否
SO202501186,2026-07-05,11506,推荐,女装,女装-034,3,259,724.07,否
SO202500725,2026-07-05,14582,搜索,家居,家居-007,2,199,342.07,否
SO202501329,2026-07-05,12075,直播,男装,男装-020,3,299,791.86,否
SO202500754,2026-07-05,14439,直播,女装,女装-014,1,259,228.38,否
SO202500370,2026-07-05,13240,推荐,美妆,美妆-017,2,359,612.49,否
SO202502913,2026-07-05,13026,搜索,美妆,美妆-007,1,159,140.73,否
SO202503367,2026-07-05,10829,直播,家居,家居-015,1,179,155.16,否
SO202501530,2026-07-05,15511,社群,男装,男装-006,1,199,194.69,否
SO202500461,2026-07-05,10348,推荐,男装,男装-020,1,299,257.0,否
SO202503355,2026-07-05,15628,直播,男装,男装-006,1,199,180.94,否
SO202500266,2026-07-05,16885,推荐,女装,女装-021,2,269,503.49,是
SO202502736,2026-07-05,11450,搜索,女装,女装-014,1,259,232.69,否
SO202501901,2026-07-05,17236,搜索,女装,女装-021,1,269,230.85,否
SO202501617,2026-07-05,12679,推荐,女装,女装-001,2,169,311.08,否
SO202504741,2026-07-05,15699,推荐,男装,男装-013,2,319,598.98,是
SO202500950,2026-07-06,11605,推荐,男装,男装-025,2,169,322.9,否
SO202500377,2026-07-06,10589,直播,美妆,美妆-011,1,129,124.57,否
SO202503702,2026-07-06,16313,社群,女装,女装-014,1,259,249.58,否
SO202502572,2026-07-06,14453,直播,男装,男装-014,3,149,423.24,否
SO202502863,2026-07-06,11969,直播,男装,男装-004,1,299,295.64,否
SO202504388,2026-07-06,15702,直播,家居,家居-001,3,39,107.21,否
SO202504882,2026-07-06,16346,社群,美妆,美妆-018,1,489,421.6,否
SO202502713,2026-07-06,14177,直播,男装,男装-006,3,199,567.9,否
SO202502517,2026-07-06,17108,推荐,女装,女装-032,3,309,884.27,否
SO202503419,2026-07-06,13192,推荐,男装,男装-021,3,349,954.69,否
SO202500008,2026-07-06,17227,搜索,美妆,美妆-017,1,359,312.01,是
SO202503830,2026-07-06,10678,直播,美妆,美妆-014,1,239,216.53,否
SO202501210,2026-07-06,17194,社群,男装,男装-008,2,299,524.75,否
SO202503222,2026-07-06,12435,搜索,男装,男装-019,2,189,371.33,否
SO202502067,2026-07-06,13690,推荐,美妆,美妆-003,2,119,227.63,否
SO202502698,2026-07-07,12238,推荐,男装,男装-006,2,199,387.99,否
SO202502447,2026-07-07,12646,直播,女装,女装-033,2,289,574.45,否
SO202502263,2026-07-07,14241,直播,美妆,美妆-007,3,159,475.12,否
SO202504743,2026-07-07,13385,推荐,女装,女装-021,1,269,233.36,否
SO202502177,2026-07-07,13645,推荐,美妆,美妆-001,1,129,110.64,否
SO202504363,2026-07-07,14836,直播,男装,男装-020,3,299,824.35,否
SO202501279,2026-07-07,13629,直播,美妆,美妆-011,3,129,350.58,否
SO202503905,2026-07-07,15079,直播,女装,女装-001,2,169,331.02,否
SO202500513,2026-07-07,11816,搜索,美妆,美妆-007,1,159,141.75,否
SO202503731,2026-07-07,14353,社群,美妆,美妆-001,2,129,228.18,否
SO202502699,2026-07-07,16642,搜索,美妆,美妆-001,1,129,117.62,否
SO202501940,2026-07-07,16896,直播,美妆,美妆-007,3,159,418.55,否
SO202504920,2026-07-07,17034,搜索,数码,数码-002,1,859,734.63,否
SO202501537,2026-07-07,10557,直播,女装,女装-014,2,259,454.35,否
SO202501604,2026-07-07,17684,直播,女装,女装-021,1,269,255.06,否
SO202502983,2026-07-07,16991,直播,男装,男装-014,2,149,295.0,否
SO202503425,2026-07-07,10651,直播,男装,男装-006,1,199,171.8,否
SO202500980,2026-07-08,10209,直播,数码,数码-010,2,2029,3978.63,否
SO202500245,2026-07-08,17167,直播,家居,家居-005,1,59,56.16,否
SO202504756,2026-07-08,11482,直播,美妆,美妆-017,1,359,320.6,否
SO202503203,2026-07-08,12991,社群,家居,家居-007,2,199,369.49,否
SO202501904,2026-07-08,10441,推荐,美妆,美妆-017,1,359,314.4,否
SO202503737,2026-07-08,11004,搜索,女装,女装-005,1,269,236.03,否
SO202501549,2026-07-08,14778,社群,男装,男装-014,1,149,141.91,否
SO202502363,2026-07-08,15847,直播,男装,男装-008,1,299,279.39,否
SO202502376,2026-07-08,16830,直播,女装,女装-032,2,309,543.64,否
SO202504723,2026-07-08,17301,直播,女装,女装-014,2,259,485.77,否
SO202502866,2026-07-08,11583,直播,美妆,美妆-003,2,119,221.96,否
SO202504880,2026-07-08,15530,直播,美妆,美妆-011,1,129,122.75,否
SO202502369,2026-07-09,11017,推荐,男装,男装-008,1,299,272.88,否
SO202501428,2026-07-09,15248,直播,女装,女装-005,1,269,259.7,否
SO202500514,2026-07-09,10610,推荐,美妆,美妆-003,1,119,116.67,否
SO202503220,2026-07-09,10551,搜索,美妆,美妆-017,3,359,1044.45,否
SO202502676,2026-07-09,16659,社群,数码,数码-008,3,1259,3285.68,否
SO202502163,2026-07-09,17262,推荐,家居,家居-001,2,39,77.78,否
SO202501175,2026-07-09,10907,搜索,美妆,美妆-015,1,199,172.63,否
SO202503573,2026-07-09,13015,搜索,男装,男装-006,1,199,196.05,否
SO202501814,2026-07-09,14044,搜索,女装,女装-011,2,159,290.64,否
SO202500347,2026-07-09,16507,推荐,女装,女装-014,2,259,475.68,否
SO202500740,2026-07-09,10957,直播,男装,男装-009,1,169,159.26,否
SO202502982,2026-07-10,11961,直播,美妆,美妆-001,1,129,120.89,否
SO202504630,2026-07-10,17692,搜索,女装,女装-030,1,109,104.36,否
SO202502681,2026-07-10,16035,直播,女装,女装-001,1,169,144.92,否
SO202503288,2026-07-10,14014,直播,家居,家居-012,1,169,145.57,否
SO202500510,2026-07-10,11475,搜索,男装,男装-004,1,299,289.47,是
SO202500757,2026-07-10,12247,直播,女装,女装-019,1,219,189.34,是
SO202500932,2026-07-10,16866,社群,男装,男装-014,1,149,145.08,是
SO202503014,2026-07-10,17237,直播,美妆,美妆-011,2,129,223.37,否
SO202503274,2026-07-10,15289,直播,数码,数码-003,2,1699,3241.2,否
SO202501676,2026-07-10,12309,社群,女装,女装-021,1,269,252.2,否
SO202501884,2026-07-10,11788,直播,女装,女装-032,2,309,529.48,否
SO202501678,2026-07-10,11733,推荐,美妆,美妆-001,1,129,122.92,否
SO202503978,2026-07-10,14919,推荐,美妆,美妆-007,2,159,309.77,否
SO202500587,2026-07-10,15685,社群,数码,数码-007,1,1359,1292.03,否
SO202501846,2026-07-10,15859,搜索,女装,女装-034,1,259,225.23,否
SO202502439,2026-07-11,12469,搜索,男装,男装-004,1,299,275.24,否
SO202502260,2026-07-11,15617,直播,美妆,美妆-011,2,129,221.73,否
SO202502451,2026-07-11,14924,直播,数码,数码-002,1,859,850.32,否
SO202504352,2026-07-11,10561,搜索,美妆,美妆-016,1,279,263.89,否
SO202502643,2026-07-11,15650,直播,男装,男装-001,1,329,317.0,否
SO202501343,2026-07-11,13389,直播,女装,女装-003,1,189,182.74,否
SO202503540,2026-07-11,11444,社群,家居,家居-002,1,129,119.51,否
SO202502162,2026-07-11,14757,直播,女装,女装-031,2,189,330.31,否
SO202501277,2026-07-11,14356,社群,美妆,美妆-007,1,159,156.14,否
SO202500715,2026-07-11,17465,搜索,美妆,美妆-001,3,129,367.61,否
SO202503501,2026-07-11,17174,搜索,男装,男装-006,1,199,197.85,否
SO202501410,2026-07-11,13790,推荐,女装,女装-011,2,159,303.76,否
SO202500598,2026-07-11,11887,搜索,男装,男装-008,1,299,283.05,否
SO202503122,2026-07-11,12332,搜索,数码,数码-003,1,1699,1617.16,否
SO202502805,2026-07-12,17689,搜索,女装,女装-032,1,309,274.42,否
SO202501967,2026-07-12,13312,直播,女装,女装-031,1,189,173.13,否
SO202501113,2026-07-12,11384,社群,女装,女装-032,1,309,299.62,否
SO202504158,2026-07-12,11431,搜索,家居,家居-005,1,59,58.47,否
SO202504274,2026-07-12,15543,推荐,男装,男装-007,2,129,222.93,是
SO202501514,2026-07-12,16097,社群,女装,女装-034,2,259,500.9,是
SO202504295,2026-07-12,13994,直播,女装,女装-032,1,309,290.63,是
SO202502752,2026-07-12,15601,社群,男装,男装-019,1,189,172.14,否
SO202500144,2026-07-12,10971,直播,美妆,美妆-017,2,359,702.21,否
SO202502570,2026-07-12,10646,搜索,女装,女装-023,2,169,324.72,否
SO202501994,2026-07-12,16991,搜索,男装,男装-007,1,129,112.78,否
SO202502309,2026-07-12,14708,直播,男装,男装-005,1,269,250.18,否
SO202504329,2026-07-12,13385,社群,女装,女装-023,2,169,327.77,否
SO202500326,2026-07-12,15716,社群,美妆,美妆-007,3,159,411.74,是
SO202502779,2026-07-13,14170,搜索,男装,男装-019,3,189,508.14,否
SO202502161,2026-07-13,16473,推荐,女装,女装-014,1,259,252.5,否
SO202500585,2026-07-13,11598,搜索,家居,家居-011,3,119,323.33,否
SO202501589,2026-07-13,17298,搜索,男装,男装-006,1,199,175.04,否
SO202503253,2026-07-13,11560,搜索,女装,女装-013,1,249,225.57,否
SO202502968,2026-07-13,14418,推荐,美妆,美妆-017,1,359,309.09,否
SO202504513,2026-07-13,13645,推荐,女装,女装-032,1,309,283.54,否
SO202503083,2026-07-13,13303,社群,美妆,美妆-015,1,199,185.38,否
SO202501548,2026-07-13,15577,直播,女装,女装-003,2,189,323.08,否
SO202504150,2026-07-13,13017,直播,女装,女装-030,1,109,108.69,否
SO202500859,2026-07-13,16573,社群,男装,男装-022,2,229,413.42,否
SO202502325,2026-07-13,16749,推荐,女装,女装-005,2,269,474.81,否
SO202500738,2026-07-13,15422,推荐,女装,女装-014,1,259,220.32,否
SO202503740,2026-07-13,10213,直播,家居,家居-005,3,59,168.54,否
SO202504869,2026-07-14,11268,搜索,男装,男装-012,3,139,369.12,否
SO202502252,2026-07-14,17514,搜索,女装,女装-003,2,189,369.95,否
SO202500012,2026-07-14,17255,搜索,女装,女装-015,1,119,105.35,否
SO202500995,2026-07-14,17452,直播,美妆,美妆-007,1,159,150.85,否
SO202501655,2026-07-14,10262,直播,美妆,美妆-016,1,279,272.9,否
SO202502721,2026-07-14,12140,搜索,女装,女装-033,1,289,278.35,否
SO202503832,2026-07-14,13460,搜索,家居,家居-011,2,119,234.12,否
SO202500937,2026-07-14,10626,搜索,女装,女装-027,1,149,144.33,是
SO202504428,2026-07-14,15257,直播,男装,男装-006,1,199,177.37,否
SO202504038,2026-07-14,12285,社群,女装,女装-014,1,259,238.87,否
SO202501822,2026-07-14,17596,直播,家居,家居-011,1,119,104.62,否
SO202500371,2026-07-15,10053,直播,女装,女装-014,1,259,225.14,否
SO202503115,2026-07-15,14376,直播,美妆,美妆-003,1,119,109.39,否
SO202504128,2026-07-15,17338,搜索,美妆,美妆-005,1,369,329.5,否
SO202502970,2026-07-15,13803,搜索,女装,女装-035,2,289,546.28,否
SO202503928,2026-07-15,15038,推荐,男装,男装-006,1,199,185.79,否
SO202501936,2026-07-15,15437,搜索,男装,男装-005,3,269,714.04,否
SO202503993,2026-07-15,16473,社群,男装,男装-024,1,109,94.3,否
SO202500692,2026-07-16,13580,推荐,美妆,美妆-007,1,159,147.55,否
SO202502398,2026-07-16,16657,搜索,女装,女装-013,1,249,240.63,否
SO202502626,2026-07-16,12748,搜索,男装,男装-014,1,149,146.13,否
SO202503709,2026-07-16,17372,推荐,女装,女装-025,2,159,291.45,否
SO202504517,2026-07-16,13922,搜索,女装,女装-026,1,209,192.62,否
SO202503958,2026-07-16,15328,搜索,男装,男装-005,2,269,482.41,否
SO202501296,2026-07-16,15956,搜索,美妆,美妆-011,2,129,257.17,否
SO202502183,2026-07-16,11158,搜索,美妆,美妆-017,1,359,340.97,否
SO202504948,2026-07-16,17093,搜索,女装,女装-032,1,309,266.09,否
SO202504162,2026-07-16,12287,直播,女装,女装-021,1,269,261.0,否
SO202500186,2026-07-16,14661,搜索,男装,男装-014,2,149,294.15,否
SO202500558,2026-07-16,17618,社群,美妆,美妆-010,3,389,1053.57,否
SO202501989,2026-07-16,10400,直播,美妆,美妆-016,3,279,742.01,否
SO202500536,2026-07-17,14395,直播,家居,家居-007,1,199,180.89,否
SO202503638,2026-07-17,15377,推荐,女装,女装-001,1,169,160.48,否
SO202502905,2026-07-17,13140,直播,男装,男装-024,2,109,191.74,否
SO202502656,2026-07-17,12992,社群,女装,女装-021,2,269,489.14,否
SO202501090,2026-07-17,16507,推荐,美妆,美妆-001,2,129,220.45,否
SO202504035,2026-07-17,16717,直播,美妆,美妆-007,1,159,150.66,否
SO202500663,2026-07-17,17147,搜索,女装,女装-003,2,189,348.48,是
SO202503421,2026-07-17,16417,推荐,美妆,美妆-007,3,159,421.15,否
SO202500025,2026-07-17,11922,推荐,女装,女装-021,2,269,471.42,否
SO202500458,2026-07-17,16991,直播,家居,家居-007,1,199,191.71,否
SO202504001,2026-07-17,16187,直播,家居,家居-004,2,59,116.16,否
SO202502346,2026-07-17,14609,直播,女装,女装-032,3,309,904.04,否
SO202501768,2026-07-17,14882,直播,女装,女装-021,1,269,253.78,否
SO202500782,2026-07-17,15621,社群,美妆,美妆-002,2,369,656.75,否
SO202503156,2026-07-17,11999,直播,女装,女装-027,3,149,443.65,否
SO202501914,2026-07-18,15559,社群,数码,数码-007,3,1359,3805.33,否
SO202504611,2026-07-18,12932,推荐,男装,男装-020,1,299,282.93,否
SO202502900,2026-07-18,14969,推荐,女装,女装-014,2,259,505.39,否
SO202501874,2026-07-18,10868,直播,男装,男装-005,1,269,252.14,否
SO202504159,2026-07-18,11037,搜索,家居,家居-007,1,199,177.47,否
SO202501669,2026-07-18,14164,搜索,家居,家居-007,1,199,198.94,否
SO202504398,2026-07-18,15715,直播,男装,男装-019,2,189,370.04,是
SO202500953,2026-07-18,12571,直播,美妆,美妆-017,3,359,923.52,否
SO202500688,2026-07-18,11038,推荐,美妆,美妆-018,1,489,420.76,否
SO202504392,2026-07-18,11059,社群,数码,数码-010,1,2029,1906.9,否
SO202500776,2026-07-18,12953,社群,美妆,美妆-001,2,129,238.6,否
SO202502889,2026-07-18,17972,搜索,美妆,美妆-001,1,129,109.8,否
SO202501433,2026-07-18,17380,直播,美妆,美妆-007,1,159,139.45,否
SO202504710,2026-07-18,15227,推荐,家居,家居-013,2,39,73.09,否
SO202504637,2026-07-18,10874,搜索,家居,家居-006,2,109,196.94,否
SO202504848,2026-07-18,17107,社群,女装,女装-007,2,129,229.57,否
SO202501289,2026-07-18,11964,社群,男装,男装-005,1,269,250.03,否
SO202503636,2026-07-18,17762,搜索,男装,男装-020,2,299,534.07,否
SO202504016,2026-07-18,10539,直播,女装,女装-019,3,219,568.65,否
SO202504649,2026-07-18,13987,搜索,家居,家居-007,2,199,383.44,否
SO202504287,2026-07-18,17733,搜索,数码,数码-005,1,2639,2553.25,否
SO202502072,2026-07-18,10630,直播,数码,数码-010,2,2029,3738.79,否
SO202500848,2026-07-18,10955,直播,美妆,美妆-003,2,119,222.07,否
SO202500778,2026-07-19,12810,直播,男装,男装-004,1,299,298.53,是
SO202500249,2026-07-19,13000,直播,男装,男装-005,3,269,730.35,否
SO202503077,2026-07-19,11143,搜索,男装,男装-005,2,269,474.38,否
SO202503065,2026-07-19,16425,搜索,家居,家居-007,1,199,182.75,否
SO202501264,2026-07-19,13422,直播,女装,女装-022,2,269,512.99,否
SO202500864,2026-07-19,13515,社群,男装,男装-006,1,199,188.34,否
SO202503917,2026-07-19,16225,直播,女装,女装-032,2,309,616.71,否
SO202503847,2026-07-19,14017,直播,美妆,美妆-014,2,239,452.43,否
SO202500056,2026-07-19,12773,搜索,家居,家居-007,2,199,372.11,否
SO202502256,2026-07-19,17767,直播,女装,女装-012,1,239,203.7,否
SO202500393,2026-07-19,15006,推荐,男装,男装-006,1,199,193.22,否
SO202504586,2026-07-19,16852,直播,女装,女装-005,2,269,535.36,否
SO202504510,2026-07-19,15584,直播,美妆,美妆-007,1,159,136.03,否
SO202503024,2026-07-20,11265,推荐,家居,家居-005,2,59,115.65,否
SO202503150,2026-07-20,14453,直播,男装,男装-006,1,199,180.34,否
SO202504346,2026-07-20,17143,推荐,男装,男装-012,3,139,365.97,否
SO202502079,2026-07-20,17767,搜索,美妆,美妆-011,3,129,353.07,否
SO202501354,2026-07-20,10995,搜索,家居,家居-007,1,199,198.03,否
SO202501546,2026-07-20,16573,搜索,家居,家居-013,3,39,101.92,否
SO202504747,2026-07-20,13765,搜索,男装,男装-015,3,149,433.52,否
SO202503825,2026-07-20,10104,搜索,美妆,美妆-004,1,289,262.42,否
SO202503455,2026-07-20,10270,直播,家居,家居-015,1,179,156.84,否
SO202503078,2026-07-20,13026,直播,男装,男装-006,1,199,171.11,否
SO202500148,2026-07-20,15677,社群,家居,家居-004,1,59,58.73,否
SO202504964,2026-07-20,15362,直播,女装,女装-014,1,259,225.23,否
SO202501744,2026-07-20,10937,推荐,女装,女装-005,2,269,498.84,否
SO202504445,2026-07-21,16696,搜索,美妆,美妆-003,1,119,102.87,否
SO202503335,2026-07-21,14201,搜索,男装,男装-008,3,299,809.28,否
SO202500239,2026-07-21,16473,直播,女装,女装-027,1,149,134.44,否
SO202501500,2026-07-21,16025,推荐,男装,男装-005,2,269,536.12,是
SO202500763,2026-07-21,10231,社群,女装,女装-003,1,189,163.94,否
SO202500230,2026-07-21,13498,推荐,女装,女装-005,1,269,239.29,否
SO202500277,2026-07-21,13881,搜索,女装,女装-001,1,169,149.79,否
SO202503869,2026-07-21,10464,直播,男装,男装-019,3,189,504.09,否
SO202501518,2026-07-21,17667,直播,男装,男装-022,2,229,443.99,否
SO202504458,2026-07-21,14708,搜索,女装,女装-032,1,309,293.48,否
SO202501605,2026-07-21,13191,推荐,美妆,美妆-018,1,489,434.61,否
SO202502789,2026-07-21,15433,搜索,美妆,美妆-007,2,159,312.64,否
SO202500964,2026-07-21,16164,直播,男装,男装-025,2,169,333.32,否
SO202500392,2026-07-21,13986,直播,美妆,美妆-010,3,389,1022.98,否
SO202503612,2026-07-22,14023,直播,男装,男装-021,2,349,666.57,否
SO202501567,2026-07-22,13625,搜索,男装,男装-010,2,339,612.65,否
SO202502927,2026-07-22,14846,直播,女装,女装-021,1,269,261.76,否
SO202502462,2026-07-22,14762,推荐,家居,家居-010,3,179,482.62,否
SO202504930,2026-07-22,10652,搜索,美妆,美妆-018,1,489,453.2,是
SO202502645,2026-07-22,13445,直播,数码,数码-010,1,2029,2025.78,是
SO202500622,2026-07-22,16292,推荐,家居,家居-007,3,199,581.31,否
SO202504482,2026-07-22,12421,搜索,家居,家居-010,3,179,521.74,否
SO202503200,2026-07-22,13676,推荐,女装,女装-005,3,269,733.16,否
SO202501840,2026-07-22,13777,直播,男装,男装-006,3,199,521.81,否
SO202504802,2026-07-22,13000,直播,女装,女装-014,1,259,243.6,否
SO202503980,2026-07-22,10207,直播,女装,女装-032,1,309,285.02,否
SO202504504,2026-07-22,11405,推荐,美妆,美妆-007,1,159,157.6,否
SO202501339,2026-07-22,13326,社群,女装,女装-001,2,169,301.25,否
SO202500271,2026-07-23,10954,推荐,女装,女装-014,2,259,505.45,否
SO202501790,2026-07-23,16385,推荐,美妆,美妆-015,1,199,175.84,否
SO202503384,2026-07-23,17147,社群,家居,家居-010,3,179,473.73,否
SO202503906,2026-07-23,11256,直播,女装,女装-032,2,309,557.51,否
SO202503750,2026-07-23,13924,搜索,女装,女装-001,3,169,470.76,否
SO202504590,2026-07-23,11288,直播,男装,男装-008,1,299,278.69,否
SO202500846,2026-07-23,15136,搜索,美妆,美妆-001,3,129,380.18,否
SO202501545,2026-07-23,17778,直播,美妆,美妆-007,2,159,317.46,否
SO202502111,2026-07-23,15242,直播,美妆,美妆-009,1,379,355.82,否
SO202503476,2026-07-23,14096,推荐,女装,女装-026,1,209,181.1,否
SO202504424,2026-07-23,12593,直播,女装,女装-022,3,269,743.68,否
SO202502002,2026-07-23,15218,社群,男装,男装-020,1,299,273.94,否
SO202500274,2026-07-23,14928,直播,美妆,美妆-001,2,129,236.54,否
SO202502104,2026-07-23,13868,推荐,美妆,美妆-009,2,379,667.11,否
SO202503351,2026-07-24,11273,直播,女装,女装-032,1,309,291.23,否
SO202503716,2026-07-24,16838,直播,女装,女装-014,2,259,457.91,否
SO202501788,2026-07-24,11405,搜索,女装,女装-014,1,259,232.97,否
SO202504013,2026-07-24,11833,推荐,美妆,美妆-002,1,369,315.37,是
SO202500788,2026-07-24,15831,直播,家居,家居-014,3,59,157.37,否
SO202502324,2026-07-24,15623,直播,美妆,美妆-010,3,389,1151.82,否
SO202502733,2026-07-24,14536,搜索,男装,男装-014,1,149,140.91,否
SO202500506,2026-07-24,10526,推荐,女装,女装-021,1,269,259.94,否
SO202500354,2026-07-24,11741,直播,女装,女装-027,1,149,128.61,是
SO202504221,2026-07-24,17513,搜索,男装,男装-020,2,299,526.5,否
SO202501618,2026-07-24,15339,直播,家居,家居-012,1,169,151.8,否
SO202503042,2026-07-24,14676,直播,男装,男装-001,3,329,865.34,否
SO202504507,2026-07-24,10666,直播,女装,女装-003,1,189,179.18,否
SO202502996,2026-07-24,12637,搜索,美妆,美妆-003,3,119,305.94,否
SO202501340,2026-07-24,12521,直播,男装,男装-012,2,139,258.38,是
SO202502103,2026-07-24,16834,直播,男装,男装-008,1,299,297.63,否
SO202502732,2026-07-25,16057,直播,男装,男装-019,1,189,167.43,否
SO202501928,2026-07-25,14817,直播,美妆,美妆-014,3,239,622.99,否
SO202501075,2026-07-25,13777,直播,美妆,美妆-001,2,129,239.78,否
SO202502809,2026-07-25,11086,推荐,女装,女装-005,2,269,463.16,否
SO202502157,2026-07-25,12689,社群,男装,男装-014,1,149,127.7,否
SO202500290,2026-07-25,11577,直播,男装,男装-004,2,299,539.99,否
SO202500468,2026-07-25,15426,直播,男装,男装-019,2,189,371.17,否
SO202504148,2026-07-25,10589,直播,数码,数码-010,2,2029,3528.4,是
SO202500185,2026-07-25,17479,推荐,女装,女装-001,2,169,301.91,否
SO202500124,2026-07-25,17568,社群,男装,男装-020,3,299,861.39,否
SO202501815,2026-07-25,11853,直播,男装,男装-006,3,199,550.36,否
SO202500475,2026-07-25,17664,推荐,女装,女装-017,1,149,142.53,否
SO202502573,2026-07-25,10559,搜索,女装,女装-001,1,169,151.1,否
SO202500221,2026-07-25,17218,直播,美妆,美妆-007,2,159,299.92,否
SO202504240,2026-07-25,11138,搜索,女装,女装-005,1,269,244.47,否
SO202502209,2026-07-25,10960,推荐,家居,家居-007,2,199,383.86,否
SO202502326,2026-07-26,16896,搜索,数码,数码-002,1,859,748.66,否
SO202501100,2026-07-26,10451,直播,女装,女装-022,3,269,796.46,否
SO202502249,2026-07-26,10462,搜索,女装,女装-027,1,149,141.4,否
SO202503190,2026-07-26,12959,社群,数码,数码-002,1,859,795.42,否
SO202504417,2026-07-26,12019,直播,男装,男装-005,1,269,229.76,否
SO202500586,2026-07-26,10212,搜索,家居,家居-001,2,39,75.28,否
SO202503412,2026-07-26,17278,社群,美妆,美妆-018,1,489,459.54,否
SO202504066,2026-07-26,12570,搜索,美妆,美妆-018,2,489,872.99,否
SO202501977,2026-07-26,13889,直播,男装,男装-006,2,199,383.98,否
SO202504440,2026-07-26,10212,直播,美妆,美妆-014,3,239,633.25,否
SO202501300,2026-07-26,17246,直播,女装,女装-034,2,259,467.61,否
SO202501603,2026-07-26,10292,搜索,美妆,美妆-015,1,199,177.82,否
SO202504606,2026-07-27,13523,搜索,美妆,美妆-003,1,119,112.72,否
SO202504979,2026-07-27,10002,直播,女装,女装-028,2,299,560.21,否
SO202504911,2026-07-27,15219,社群,女装,女装-031,1,189,163.6,否
SO202504999,2026-07-27,16312,社群,数码,数码-003,1,1699,1686.83,否
SO202502132,2026-07-27,13262,直播,女装,女装-032,2,309,609.49,否
SO202500727,2026-07-27,10452,搜索,女装,女装-022,2,269,465.9,否
SO202503720,2026-07-27,15591,搜索,女装,女装-010,3,239,662.08,否
SO202502608,2026-07-27,13598,直播,美妆,美妆-010,1,389,374.88,否
SO202503365,2026-07-27,17850,搜索,美妆,美妆-010,3,389,1141.15,否
SO202503508,2026-07-27,12734,社群,女装,女装-023,1,169,162.78,否
SO202502685,2026-07-27,10885,直播,男装,男装-020,2,299,522.72,否
SO202503511,2026-07-27,13146,直播,女装,女装-022,1,269,257.15,否
SO202502046,2026-07-27,14083,推荐,女装,女装-032,1,309,294.0,否
SO202503134,2026-07-27,10748,搜索,数码,数码-003,3,1699,4775.79,否
SO202500923,2026-07-27,17013,社群,美妆,美妆-011,2,129,224.44,否
SO202501775,2026-07-27,11069,直播,美妆,美妆-015,3,199,523.4,否
SO202502729,2026-07-27,15104,搜索,美妆,美妆-010,2,389,712.55,否
SO202502815,2026-07-27,14935,搜索,美妆,美妆-001,1,129,114.74,否
SO202501539,2026-07-27,13839,搜索,家居,家居-014,1,59,53.02,否
SO202504414,2026-07-27,10829,社群,男装,男装-015,2,149,259.91,否
SO202504481,2026-07-28,12679,直播,美妆,美妆-018,1,489,417.15,否
SO202502870,2026-07-28,13632,直播,美妆,美妆-007,2,159,291.19,否
SO202500332,2026-07-28,11668,社群,女装,女装-032,3,309,885.22,否
SO202501441,2026-07-28,17380,推荐,女装,女装-032,2,309,560.09,否
SO202504952,2026-07-28,15273,搜索,男装,男装-014,2,149,286.89,否
SO202500813,2026-07-28,14930,推荐,男装,男装-006,2,199,364.8,否
SO202501047,2026-07-28,16077,搜索,男装,男装-016,2,259,484.54,否
SO202500372,2026-07-28,14436,推荐,女装,女装-027,3,149,389.4,否
SO202500446,2026-07-28,10497,推荐,男装,男装-008,1,299,275.85,否
SO202504411,2026-07-28,17875,社群,美妆,美妆-010,2,389,715.59,否
SO202500197,2026-07-28,11874,搜索,家居,家居-007,2,199,368.67,否
SO202501304,2026-07-28,10153,搜索,美妆,美妆-005,1,369,353.22,否
SO202500413,2026-07-28,17455,搜索,美妆,美妆-015,1,199,197.59,否
SO202501684,2026-07-28,17586,直播,数码,数码-005,2,2639,4651.59,否
SO202502472,2026-07-28,13510,搜索,女装,女装-023,3,169,489.26,否
SO202503320,2026-07-28,15417,直播,女装,女装-032,2,309,586.89,否
SO202502582,2026-07-29,15982,搜索,女装,女装-032,3,309,846.19,否
SO202500797,2026-07-29,10032,直播,男装,男装-006,1,199,190.02,否
SO202503746,2026-07-29,17676,推荐,男装,男装-020,1,299,254.47,否
SO202503140,2026-07-29,11507,直播,女装,女装-031,1,189,163.41,否
SO202500305,2026-07-29,16938,搜索,家居,家居-007,2,199,394.21,是
SO202504891,2026-07-29,16066,直播,男装,男装-014,2,149,270.15,否
SO202503493,2026-07-29,16373,直播,数码,数码-007,1,1359,1163.46,否
SO202503450,2026-07-29,15864,直播,女装,女装-014,2,259,445.68,否
SO202500928,2026-07-29,14150,直播,男装,男装-006,1,199,179.82,否
SO202500450,2026-07-29,12231,直播,家居,家居-004,2,59,114.1,否
SO202500548,2026-07-29,10691,推荐,男装,男装-005,3,269,764.91,否
SO202501743,2026-07-29,17583,直播,女装,女装-035,2,289,533.16,否
SO202503176,2026-07-29,17880,直播,男装,男装-006,1,199,190.66,否
SO202502969,2026-07-29,15131,直播,美妆,美妆-005,2,369,696.17,否
SO202500317,2026-07-29,11574,推荐,女装,女装-021,3,269,759.45,否
SO202501416,2026-07-29,14568,社群,美妆,美妆-001,2,129,231.65,否
SO202504988,2026-07-29,10884,直播,家居,家居-009,3,199,567.8,否
SO202500069,2026-07-29,17163,直播,美妆,美妆-015,1,199,183.62,否
SO202504410,2026-07-29,12938,推荐,女装,女装-018,1,109,96.89,否
SO202502145,2026-07-30,14901,推荐,美妆,美妆-001,1,129,115.01,否
SO202501037,2026-07-30,17554,搜索,女装,女装-008,2,219,427.89,否
SO202502436,2026-07-30,12101,直播,家居,家居-007,1,199,186.78,否
SO202501935,2026-07-30,10108,推荐,美妆,美妆-001,2,129,237.32,否
SO202500400,2026-07-30,17386,搜索,女装,女装-027,2,149,270.6,否
SO202503243,2026-07-30,13204,直播,女装,女装-029,1,129,126.94,否
SO202504290,2026-07-30,10955,推荐,美妆,美妆-015,1,199,170.91,否
SO202501741,2026-07-30,13017,推荐,男装,男装-006,2,199,394.92,否
SO202500479,2026-07-30,16873,社群,男装,男装-015,3,149,430.0,否
SO202503039,2026-07-30,12920,搜索,女装,女装-031,2,189,375.53,否
SO202503319,2026-07-31,16808,搜索,男装,男装-012,3,139,409.02,否
SO202500802,2026-07-31,16746,直播,男装,男装-006,1,199,170.76,否
SO202500369,2026-07-31,14048,直播,家居,家居-005,1,59,54.27,否
SO202503786,2026-07-31,17438,推荐,女装,女装-021,3,269,743.97,否
SO202502198,2026-07-31,15531,社群,女装,女装-022,2,269,534.1,否
SO202500246,2026-07-31,10098,搜索,女装,女装-001,2,169,327.16,否
SO202500188,2026-07-31,11181,搜索,男装,男装-006,2,199,345.7,否
SO202503916,2026-07-31,17495,直播,女装,女装-021,2,269,465.66,否
SO202504068,2026-07-31,12984,社群,美妆,美妆-007,1,159,135.32,否
SO202503232,2026-07-31,12140,推荐,美妆,美妆-015,2,199,347.74,否
SO202501806,2026-07-31,14836,推荐,男装,男装-020,1,299,294.14,否
SO202501692,2026-07-31,11330,直播,家居,家居-013,2,39,75.07,否
SO202502745,2026-08-01,12323,搜索,家居,家居-011,1,119,110.51,否
SO202500172,2026-08-01,17418,直播,男装,男装-008,1,299,254.71,否
SO202504459,2026-08-01,10822,搜索,家居,家居-004,2,59,107.51,否
SO202500109,2026-08-01,10236,社群,家居,家居-005,1,59,58.92,否
SO202500339,2026-08-01,16764,直播,美妆,美妆-015,3,199,572.86,否
SO202500258,2026-08-01,12543,搜索,女装,女装-031,2,189,376.84,否
SO202503555,2026-08-01,12347,直播,美妆,美妆-001,3,129,385.42,否
SO202501253,2026-08-01,16428,直播,美妆,美妆-007,1,159,158.03,否
SO202504529,2026-08-01,13954,搜索,男装,男装-013,1,319,308.9,否
SO202502631,2026-08-01,10653,社群,美妆,美妆-011,1,129,125.87,否
SO202503970,2026-08-01,10293,搜索,美妆,美妆-007,3,159,474.49,否
SO202500168,2026-08-01,15410,搜索,美妆,美妆-011,1,129,127.16,否
SO202502606,2026-08-01,15577,推荐,美妆,美妆-015,1,199,172.05,否
SO202502471,2026-08-01,13332,推荐,美妆,美妆-001,2,129,253.99,否
SO202501314,2026-08-01,16107,直播,男装,男装-014,1,149,131.88,否
SO202500045,2026-08-01,10716,搜索,家居,家居-001,1,39,35.31,否
SO202502474,2026-08-01,12203,直播,美妆,美妆-007,1,159,135.67,否
SO202503444,2026-08-02,16320,搜索,女装,女装-023,2,169,320.29,否
SO202502512,2026-08-02,14017,直播,美妆,美妆-015,1,199,176.06,否
SO202500020,2026-08-02,16777,搜索,美妆,美妆-015,2,199,380.59,否
SO202502412,2026-08-02,14750,直播,美妆,美妆-001,3,129,373.3,是
SO202504601,2026-08-02,12459,推荐,美妆,美妆-018,3,489,1404.44,否
SO202500465,2026-08-02,14103,直播,女装,女装-021,3,269,764.8,否
SO202500600,2026-08-02,17091,推荐,美妆,美妆-018,3,489,1403.19,否
SO202500773,2026-08-02,17420,搜索,数码,数码-006,1,1899,1738.75,否
SO202502305,2026-08-02,16363,直播,女装,女装-005,3,269,768.35,否
SO202500256,2026-08-02,12403,社群,男装,男装-019,2,189,373.92,否
SO202501515,2026-08-02,11201,搜索,女装,女装-021,1,269,249.74,否
SO202504011,2026-08-02,11666,搜索,美妆,美妆-015,2,199,395.84,否
SO202501034,2026-08-02,12472,社群,女装,女装-021,2,269,508.1,否
SO202502565,2026-08-03,10581,直播,女装,女装-032,2,309,609.42,否
SO202500653,2026-08-03,14306,推荐,女装,女装-021,1,269,234.76,否
SO202504677,2026-08-03,13683,直播,女装,女装-022,1,269,241.47,否
SO202500592,2026-08-03,12135,直播,男装,男装-014,3,149,394.4,是
SO202503486,2026-08-03,16057,推荐,女装,女装-032,2,309,539.06,是
SO202500978,2026-08-03,17758,搜索,男装,男装-020,1,299,260.7,否
SO202503650,2026-08-03,11593,推荐,美妆,美妆-011,1,129,116.72,否
SO202503837,2026-08-03,11915,直播,家居,家居-001,1,39,35.61,否
SO202504538,2026-08-03,17442,搜索,女装,女装-026,1,209,190.43,是
SO202502411,2026-08-03,16837,社群,家居,家居-011,3,119,303.91,否
SO202501393,2026-08-04,10505,搜索,女装,女装-031,3,189,541.53,否
SO202503878,2026-08-04,12762,直播,女装,女装-022,2,269,505.2,否
SO202501076,2026-08-04,16538,直播,家居,家居-001,1,39,35.38,否
SO202502379,2026-08-04,12582,社群,女装,女装-032,2,309,532.35,否
SO202502043,2026-08-04,17620,直播,男装,男装-020,3,299,786.5,否
SO202501903,2026-08-04,10575,搜索,美妆,美妆-003,1,119,114.18,否
SO202502151,2026-08-04,16025,搜索,美妆,美妆-007,2,159,302.55,否
SO202500010,2026-08-04,13889,直播,家居,家居-001,1,39,34.48,否
SO202504841,2026-08-04,16538,直播,美妆,美妆-019,3,199,577.24,否
SO202501027,2026-08-04,15079,搜索,美妆,美妆-011,1,129,112.94,否
SO202500320,2026-08-04,16582,直播,男装,男装-025,1,169,145.83,否
SO202504873,2026-08-04,15039,搜索,女装,女装-021,1,269,241.24,否
SO202500524,2026-08-05,17969,直播,美妆,美妆-015,2,199,363.0,否
SO202504450,2026-08-05,11475,直播,美妆,美妆-016,2,279,547.87,否
SO202500401,2026-08-05,15597,推荐,女装,女装-023,2,169,334.29,是
SO202504014,2026-08-05,11074,社群,男装,男装-020,2,299,572.12,否
SO202500418,2026-08-05,11975,搜索,数码,数码-002,1,859,744.51,否
SO202501089,2026-08-05,17544,社群,男装,男装-006,3,199,583.02,否
SO202501758,2026-08-05,13776,搜索,男装,男装-022,2,229,393.87,否
SO202504885,2026-08-05,17246,推荐,美妆,美妆-016,2,279,490.82,否
SO202501324,2026-08-05,12170,搜索,男装,男装-020,2,299,515.3,否
SO202500023,2026-08-05,11493,搜索,家居,家居-004,3,59,172.8,否
SO202503949,2026-08-05,15768,直播,男装,男装-006,1,199,182.58,否
SO202502203,2026-08-05,13169,直播,美妆,美妆-011,1,129,116.1,否
SO202500891,2026-08-05,11131,搜索,家居,家居-007,2,199,373.86,否
SO202501413,2026-08-05,10132,推荐,女装,女装-001,1,169,147.9,否
SO202504731,2026-08-05,10810,社群,女装,女装-025,3,159,476.7,否
SO202500827,2026-08-05,17882,搜索,男装,男装-005,3,269,765.66,否
SO202501024,2026-08-06,14473,搜索,男装,男装-025,2,169,327.74,否
SO202503538,2026-08-06,15532,直播,男装,男装-006,3,199,561.27,否
SO202502236,2026-08-06,13768,搜索,男装,男装-005,2,269,491.94,否
SO202503283,2026-08-06,13260,推荐,女装,女装-013,1,249,237.56,否
SO202501697,2026-08-06,17064,直播,美妆,美妆-003,1,119,116.11,否
SO202503569,2026-08-06,15416,直播,女装,女装-033,1,289,279.3,否
SO202502642,2026-08-06,11158,搜索,男装,男装-006,2,199,387.21,否
SO202500058,2026-08-06,13798,搜索,女装,女装-032,3,309,804.75,否
SO202504776,2026-08-06,14046,直播,家居,家居-004,3,59,156.34,否
SO202500658,2026-08-07,12368,推荐,女装,女装-005,1,269,228.82,是
SO202501432,2026-08-07,12239,推荐,男装,男装-014,1,149,128.69,否
SO202504293,2026-08-07,12719,搜索,男装,男装-020,1,299,274.23,否
SO202502797,2026-08-07,16223,搜索,男装,男装-020,3,299,785.01,否
SO202503230,2026-08-07,15959,推荐,女装,女装-032,1,309,292.96,否
SO202501826,2026-08-07,14450,直播,女装,女装-012,2,239,475.45,否
SO202500847,2026-08-07,12579,直播,数码,数码-008,2,1259,2470.05,否
SO202500539,2026-08-07,14537,推荐,男装,男装-006,2,199,377.33,否
SO202500486,2026-08-07,15222,直播,男装,男装-018,2,159,286.12,否
SO202501448,2026-08-07,15964,搜索,家居,家居-011,2,119,221.97,否
SO202502204,2026-08-07,14420,搜索,男装,男装-025,2,169,287.35,否
SO202501085,2026-08-07,17747,社群,男装,男装-007,1,129,125.21,否
SO202503664,2026-08-07,15889,直播,女装,女装-033,1,289,252.59,否
SO202502777,2026-08-08,14546,搜索,美妆,美妆-011,2,129,235.24,否
SO202503602,2026-08-08,16564,社群,家居,家居-007,1,199,192.97,是
SO202504494,2026-08-08,17548,社群,家居,家居-004,2,59,107.58,否
SO202503329,2026-08-08,17078,搜索,女装,女装-032,2,309,542.28,否
SO202502211,2026-08-08,15079,推荐,女装,女装-022,1,269,262.5,否
SO202502836,2026-08-08,15636,推荐,女装,女装-032,1,309,303.95,否
SO202504798,2026-08-08,11047,直播,美妆,美妆-001,3,129,372.48,否
SO202503500,2026-08-08,15287,直播,男装,男装-014,2,149,274.54,是
SO202500138,2026-08-08,15307,直播,女装,女装-014,2,259,491.08,否
SO202501827,2026-08-08,13220,搜索,女装,女装-032,2,309,602.06,否
SO202504313,2026-08-08,11623,社群,男装,男装-020,2,299,576.12,否
SO202503836,2026-08-08,17949,社群,男装,男装-019,1,189,188.19,否
SO202503391,2026-08-08,14720,直播,家居,家居-013,2,39,69.22,否
SO202500173,2026-08-08,13419,搜索,女装,女装-021,1,269,247.86,否
SO202501906,2026-08-09,14212,社群,家居,家居-007,2,199,342.99,否
SO202502689,2026-08-09,15667,推荐,美妆,美妆-014,2,239,476.98,否
SO202501633,2026-08-09,14207,推荐,女装,女装-027,1,149,137.15,否
SO202502179,2026-08-09,17887,社群,男装,男装-018,1,159,140.86,否
SO202501255,2026-08-09,14242,搜索,家居,家居-007,1,199,191.56,否
SO202504708,2026-08-09,17353,社群,女装,女装-001,3,169,458.89,否
SO202501764,2026-08-09,13753,直播,数码,数码-008,1,1259,1167.07,否
SO202500839,2026-08-09,10093,推荐,女装,女装-023,1,169,150.19,否
SO202500735,2026-08-09,16363,推荐,女装,女装-026,2,209,392.34,否
SO202504688,2026-08-09,12204,搜索,家居,家居-005,2,59,111.01,否
SO202500862,2026-08-09,14102,推荐,女装,女装-022,3,269,753.57,否
SO202500000,2026-08-09,11263,直播,美妆,美妆-006,1,319,315.35,否
SO202504642,2026-08-09,14580,直播,家居,家居-001,1,39,38.49,是
SO202504263,2026-08-09,10264,搜索,男装,男装-020,1,299,269.68,否
SO202504296,2026-08-09,10184,搜索,数码,数码-002,2,859,1497.71,否
SO202503209,2026-08-09,11074,搜索,男装,男装-005,1,269,244.59,否
SO202500247,2026-08-09,16244,社群,男装,男装-020,1,299,298.35,否
SO202500035,2026-08-09,11730,搜索,男装,男装-006,2,199,352.58,否
SO202500170,2026-08-09,16507,搜索,数码,数码-010,1,2029,1982.66,否
SO202500264,2026-08-09,17181,直播,女装,女装-021,3,269,781.38,否
SO202500129,2026-08-09,11456,搜索,美妆,美妆-017,2,359,705.52,否
SO202503779,2026-08-09,11226,推荐,男装,男装-008,3,299,827.94,否
SO202500494,2026-08-09,11461,推荐,美妆,美妆-015,2,199,360.24,否
SO202503497,2026-08-09,10644,推荐,女装,女装-032,3,309,881.79,否
SO202503069,2026-08-09,15629,搜索,家居,家居-004,1,59,51.44,否
SO202501946,2026-08-10,14623,搜索,男装,男装-025,1,169,148.26,否
SO202500403,2026-08-10,13935,直播,男装,男装-018,1,159,155.61,否
SO202503556,2026-08-10,12405,推荐,男装,男装-014,2,149,267.87,否
SO202500993,2026-08-10,13340,直播,女装,女装-005,3,269,763.72,否
SO202503430,2026-08-10,15396,推荐,美妆,美妆-018,1,489,486.97,是
SO202503846,2026-08-10,12557,推荐,女装,女装-032,1,309,284.47,否
SO202501612,2026-08-10,16259,社群,女装,女装-022,2,269,534.35,否
SO202503395,2026-08-10,10308,直播,男装,男装-020,1,299,287.42,否
SO202501245,2026-08-10,13762,推荐,女装,女装-001,2,169,330.97,否
SO202504655,2026-08-10,11037,直播,男装,男装-019,1,189,175.0,否
SO202501246,2026-08-11,10212,社群,数码,数码-002,1,859,824.29,否
SO202503513,2026-08-11,15498,搜索,女装,女装-032,1,309,305.76,是
SO202500888,2026-08-11,16705,推荐,女装,女装-003,3,189,562.49,否
SO202503645,2026-08-11,15242,直播,女装,女装-003,3,189,516.28,否
SO202503769,2026-08-11,16339,搜索,男装,男装-009,2,169,297.77,否
SO202500454,2026-08-11,10104,直播,女装,女装-032,1,309,302.65,否
SO202502741,2026-08-11,10607,直播,男装,男装-006,1,199,182.83,否
SO202501301,2026-08-11,14198,直播,美妆,美妆-001,2,129,240.05,否
SO202501316,2026-08-11,12980,搜索,女装,女装-032,1,309,275.05,否
SO202502704,2026-08-11,11679,推荐,家居,家居-011,1,119,118.11,否
SO202500568,2026-08-11,17080,直播,数码,数码-007,1,1359,1334.33,否
SO202500812,2026-08-11,14986,搜索,家居,家居-015,3,179,505.38,否
SO202501553,2026-08-11,16537,直播,数码,数码-008,2,1259,2428.87,否
SO202500250,2026-08-11,10207,推荐,男装,男装-012,2,139,254.38,否
SO202504344,2026-08-12,13247,社群,男装,男装-012,1,139,118.72,否
SO202501766,2026-08-12,17536,直播,女装,女装-014,1,259,248.83,否
SO202501267,2026-08-12,14879,直播,女装,女装-017,2,149,290.51,否
SO202504393,2026-08-12,11085,推荐,女装,女装-031,1,189,179.98,否
SO202504537,2026-08-12,11104,直播,美妆,美妆-003,1,119,114.19,否
SO202504400,2026-08-12,13836,搜索,男装,男装-020,2,299,544.37,否
SO202501631,2026-08-12,13680,直播,女装,女装-014,2,259,502.72,否
SO202501550,2026-08-12,16127,直播,美妆,美妆-001,3,129,355.78,否
SO202500545,2026-08-12,12689,推荐,美妆,美妆-007,1,159,152.83,否
SO202503206,2026-08-12,14046,社群,美妆,美妆-010,1,389,333.12,否
SO202503170,2026-08-12,17298,搜索,女装,女装-021,2,269,527.22,否
SO202503137,2026-08-12,15688,社群,美妆,美妆-002,1,369,326.17,否
SO202502092,2026-08-13,10245,直播,男装,男装-008,1,299,265.56,否
SO202503265,2026-08-13,15396,搜索,女装,女装-013,3,249,714.83,否
SO202501333,2026-08-13,15562,搜索,男装,男装-018,1,159,142.92,否
SO202501899,2026-08-13,13512,推荐,女装,女装-032,3,309,841.4,否
SO202503104,2026-08-13,10254,社群,女装,女装-021,3,269,704.97,否
SO202502532,2026-08-13,16087,搜索,男装,男装-006,2,199,389.85,否
SO202504331,2026-08-13,15304,直播,美妆,美妆-016,2,279,517.69,否
SO202500175,2026-08-13,16252,推荐,数码,数码-010,2,2029,3540.83,否
SO202500201,2026-08-13,15135,搜索,美妆,美妆-007,2,159,278.73,否
SO202500311,2026-08-13,12833,推荐,男装,男装-020,3,299,788.18,是
SO202503289,2026-08-13,14356,社群,数码,数码-002,3,859,2550.64,否
SO202500204,2026-08-13,10590,搜索,男装,男装-005,3,269,712.39,否
SO202503717,2026-08-13,13084,直播,美妆,美妆-001,2,129,224.34,否
SO202502973,2026-08-13,16511,搜索,男装,男装-014,3,149,443.32,否
SO202500213,2026-08-14,14152,推荐,数码,数码-010,1,2029,1771.16,否
SO202504587,2026-08-14,11037,直播,家居,家居-014,1,59,58.28,否
SO202504364,2026-08-14,12389,直播,家居,家居-007,1,199,192.43,否
SO202504226,2026-08-14,13025,直播,美妆,美妆-003,2,119,230.49,否
SO202502244,2026-08-14,17319,搜索,家居,家居-001,3,39,113.68,否
SO202502720,2026-08-14,17464,直播,女装,女装-001,1,169,147.76,是
SO202501309,2026-08-14,15739,推荐,女装,女装-011,2,159,278.05,否
SO202503462,2026-08-14,16576,直播,男装,男装-007,2,129,232.3,否
SO202503460,2026-08-14,13280,直播,家居,家居-015,1,179,168.28,否
SO202503446,2026-08-14,10853,社群,美妆,美妆-003,1,119,118.35,是
SO202501167,2026-08-14,15359,搜索,家居,家居-010,1,179,156.54,否
SO202501753,2026-08-14,16658,直播,男装,男装-025,1,169,157.83,否
SO202503398,2026-08-14,10685,直播,美妆,美妆-005,3,369,948.29,否
SO202503807,2026-08-14,10560,直播,女装,女装-001,2,169,328.59,否
SO202502568,2026-08-14,14797,直播,男装,男装-014,3,149,423.64,否
SO202502890,2026-08-15,11797,直播,家居,家居-015,1,179,166.31,否
SO202501850,2026-08-15,11198,直播,美妆,美妆-020,1,479,444.47,否
SO202501035,2026-08-15,16339,直播,美妆,美妆-001,3,129,345.6,否
SO202501450,2026-08-15,15151,社群,家居,家居-013,1,39,36.21,否
SO202500146,2026-08-15,16967,直播,女装,女装-032,1,309,308.18,否
SO202501807,2026-08-15,13288,直播,男装,男装-013,1,319,315.06,否
SO202501039,2026-08-15,17747,直播,美妆,美妆-016,3,279,792.22,否
SO202504853,2026-08-15,10381,搜索,家居,家居-010,1,179,174.46,否
SO202504949,2026-08-15,13338,直播,美妆,美妆-018,1,489,488.08,否
SO202500560,2026-08-15,11886,社群,女装,女装-027,3,149,413.17,否
SO202503587,2026-08-15,16128,直播,男装,男装-025,3,169,461.28,否
SO202504365,2026-08-15,17066,搜索,女装,女装-032,1,309,277.94,否
SO202501307,2026-08-15,14754,推荐,美妆,美妆-010,1,389,384.8,否
SO202501215,2026-08-15,15104,直播,数码,数码-008,1,1259,1252.13,否
SO202502394,2026-08-15,15885,搜索,数码,数码-008,2,1259,2473.55,否
SO202500442,2026-08-16,16561,社群,女装,女装-014,1,259,233.62,否
SO202501213,2026-08-16,14919,搜索,美妆,美妆-016,1,279,271.61,否
SO202501726,2026-08-16,16852,搜索,女装,女装-025,3,159,415.79,否
SO202501698,2026-08-16,13519,直播,美妆,美妆-018,1,489,426.42,否
SO202502619,2026-08-16,15193,推荐,女装,女装-022,2,269,491.58,否
SO202500421,2026-08-16,16473,搜索,男装,男装-001,1,329,318.51,否
SO202504532,2026-08-16,11567,直播,女装,女装-001,2,169,291.95,否
SO202501325,2026-08-16,10940,直播,男装,男装-025,2,169,299.74,否
SO202504325,2026-08-16,12942,搜索,美妆,美妆-007,1,159,156.13,否
SO202500096,2026-08-16,12945,搜索,美妆,美妆-003,1,119,105.83,否
SO202503053,2026-08-16,13407,直播,家居,家居-005,1,59,51.23,否
SO202502486,2026-08-16,12620,搜索,美妆,美妆-003,1,119,113.71,否
SO202504017,2026-08-16,10803,社群,女装,女装-014,2,259,461.31,否
SO202503413,2026-08-16,11438,推荐,男装,男装-020,1,299,298.01,否
SO202502416,2026-08-16,10246,直播,美妆,美妆-010,1,389,376.79,否
SO202503393,2026-08-16,11574,直播,女装,女装-021,1,269,257.16,否
SO202504612,2026-08-16,11763,搜索,家居,家居-001,3,39,114.49,否
SO202503914,2026-08-16,17535,直播,女装,女装-005,1,269,231.88,否
SO202502313,2026-08-16,16040,社群,女装,女装-003,1,189,180.75,否
SO202503603,2026-08-16,10185,搜索,女装,女装-035,3,289,767.06,否
SO202503644,2026-08-16,11398,直播,男装,男装-025,2,169,334.02,否
SO202502128,2026-08-17,13098,直播,男装,男装-009,1,169,148.98,否
SO202501990,2026-08-17,17538,直播,美妆,美妆-017,3,359,932.93,否
SO202502064,2026-08-17,12026,推荐,美妆,美妆-010,1,389,363.45,否
SO202503336,2026-08-17,11303,推荐,男装,男装-018,1,159,147.2,否
SO202503754,2026-08-17,15822,推荐,女装,女装-021,1,269,248.38,否
SO202503358,2026-08-17,15077,推荐,女装,女装-031,3,189,505.24,否
SO202500780,2026-08-17,11151,直播,女装,女装-014,2,259,444.49,否
SO202503864,2026-08-17,15433,搜索,男装,男装-025,2,169,304.57,否
SO202504379,2026-08-17,10829,直播,女装,女装-031,1,189,175.49,否
SO202502386,2026-08-17,17698,搜索,男装,男装-005,1,269,245.18,否
SO202502169,2026-08-17,10082,搜索,家居,家居-007,1,199,175.75,否
SO202500614,2026-08-17,11567,直播,男装,男装-009,2,169,317.34,否
SO202501224,2026-08-17,10185,推荐,女装,女装-031,1,189,174.52,否
SO202503904,2026-08-17,11369,直播,美妆,美妆-015,1,199,188.05,否
SO202501813,2026-08-17,15037,推荐,数码,数码-010,2,2029,3860.33,否
SO202504212,2026-08-17,12161,直播,男装,男装-006,2,199,382.52,否
SO202502534,2026-08-18,14552,搜索,女装,女装-005,3,269,778.46,否
SO202502191,2026-08-18,11681,搜索,女装,女装-032,2,309,588.72,否
SO202503955,2026-08-18,16470,直播,美妆,美妆-007,1,159,138.23,否
SO202504265,2026-08-18,15670,直播,家居,家居-011,1,119,106.35,否
SO202502039,2026-08-18,17137,搜索,美妆,美妆-016,2,279,524.37,否
SO202503875,2026-08-18,13897,直播,男装,男装-020,3,299,841.5,否
SO202504149,2026-08-18,13551,直播,家居,家居-011,2,119,234.51,否
SO202501480,2026-08-18,16389,社群,家居,家居-014,1,59,50.75,否
SO202501239,2026-08-18,13188,推荐,家居,家居-007,2,199,364.47,否
SO202503269,2026-08-18,12959,搜索,男装,男装-020,2,299,513.19,否
SO202504553,2026-08-18,14962,直播,女装,女装-031,2,189,337.12,否
SO202503163,2026-08-18,15723,搜索,女装,女装-029,1,129,119.43,否
SO202501681,2026-08-18,12055,直播,女装,女装-032,1,309,264.2,否
SO202503373,2026-08-19,10152,直播,男装,男装-006,1,199,187.43,否
SO202501833,2026-08-19,11377,搜索,美妆,美妆-001,1,129,119.21,否
SO202504702,2026-08-19,16824,社群,美妆,美妆-001,3,129,363.16,否
SO202504029,2026-08-19,15808,直播,美妆,美妆-014,2,239,466.23,否
SO202503939,2026-08-19,16131,社群,美妆,美妆-018,3,489,1384.58,否
SO202501142,2026-08-19,17805,直播,美妆,美妆-014,1,239,216.44,否
SO202501235,2026-08-19,13036,直播,美妆,美妆-015,1,199,190.53,否
SO202502320,2026-08-19,13251,搜索,美妆,美妆-003,1,119,111.07,否
SO202502742,2026-08-19,16239,直播,男装,男装-005,1,269,268.99,否
SO202500195,2026-08-19,11716,直播,女装,女装-032,3,309,851.57,否
SO202504784,2026-08-19,16477,搜索,女装,女装-035,2,289,491.54,否
SO202500661,2026-08-19,10171,推荐,男装,男装-013,1,319,278.42,否
SO202504509,2026-08-19,15671,搜索,美妆,美妆-016,3,279,749.57,否
SO202504306,2026-08-19,17945,社群,男装,男装-015,1,149,143.37,否
SO202504233,2026-08-19,17064,搜索,男装,男装-004,1,299,273.82,否
SO202500908,2026-08-19,17895,搜索,女装,女装-034,2,259,469.99,否
SO202501464,2026-08-19,13188,搜索,男装,男装-008,3,299,881.75,否
SO202501105,2026-08-19,14714,直播,美妆,美妆-010,2,389,771.05,否
SO202501897,2026-08-20,12893,直播,美妆,美妆-003,1,119,114.96,否
SO202504965,2026-08-20,12047,直播,女装,女装-014,1,259,231.51,是
SO202503423,2026-08-20,17308,搜索,女装,女装-031,2,189,352.61,否
SO202502911,2026-08-20,10143,搜索,男装,男装-020,1,299,284.97,否
SO202504218,2026-08-20,16059,社群,女装,女装-025,1,159,138.93,否
SO202504843,2026-08-20,14024,推荐,男装,男装-006,2,199,358.04,否
SO202503172,2026-08-20,11016,搜索,美妆,美妆-001,1,129,125.17,否
SO202504609,2026-08-20,13521,搜索,女装,女装-022,2,269,483.2,否
SO202503196,2026-08-20,13245,推荐,美妆,美妆-001,3,129,364.1,否
SO202500054,2026-08-20,11882,搜索,女装,女装-021,1,269,257.9,否
SO202501136,2026-08-20,16672,推荐,美妆,美妆-011,1,129,121.03,否
SO202501337,2026-08-20,10539,直播,女装,女装-031,2,189,345.02,否
SO202502753,2026-08-20,14999,直播,数码,数码-006,1,1899,1754.42,否
SO202500257,2026-08-21,16934,推荐,美妆,美妆-010,1,389,333.47,否
SO202500977,2026-08-21,14526,搜索,男装,男装-021,1,349,334.54,否
SO202500389,2026-08-21,16033,搜索,男装,男装-007,2,129,248.37,否
SO202504475,2026-08-21,12810,直播,男装,男装-004,2,299,511.7,否
SO202503094,2026-08-21,14012,搜索,男装,男装-005,1,269,245.35,否
SO202503126,2026-08-21,16763,搜索,美妆,美妆-020,2,479,922.13,否
SO202502545,2026-08-21,10819,直播,美妆,美妆-015,1,199,176.16,否
SO202504126,2026-08-21,17697,直播,家居,家居-007,2,199,395.73,否
SO202504777,2026-08-21,12355,社群,男装,男装-006,1,199,194.91,否
SO202502669,2026-08-21,10210,推荐,女装,女装-014,3,259,660.91,否
SO202504223,2026-08-21,16304,直播,男装,男装-014,1,149,131.06,否
SO202504371,2026-08-21,12105,直播,男装,男装-014,2,149,265.74,否
SO202503394,2026-08-22,13790,搜索,美妆,美妆-007,1,159,153.9,否
SO202504567,2026-08-22,16254,直播,家居,家居-011,2,119,232.27,否
SO202503063,2026-08-22,17540,直播,美妆,美妆-011,1,129,121.54,否
SO202502504,2026-08-22,17379,直播,美妆,美妆-003,1,119,102.71,否
SO202503047,2026-08-22,14915,社群,男装,男装-005,1,269,240.69,否
SO202501415,2026-08-22,16898,社群,家居,家居-007,1,199,186.13,否
SO202500134,2026-08-22,17212,直播,美妆,美妆-018,1,489,432.15,否
SO202501497,2026-08-22,10642,搜索,男装,男装-019,3,189,533.03,否
SO202504096,2026-08-22,11029,直播,女装,女装-027,1,149,136.3,否
SO202501225,2026-08-22,14985,搜索,美妆,美妆-011,1,129,117.81,否
SO202500947,2026-08-22,16838,社群,女装,女装-026,1,209,203.65,否
SO202502362,2026-08-22,10030,搜索,男装,男装-014,1,149,136.4,否
SO202502891,2026-08-23,12409,社群,男装,男装-014,1,149,142.43,否
SO202504079,2026-08-23,13868,社群,美妆,美妆-018,1,489,479.75,否
SO202503778,2026-08-23,14177,社群,女装,女装-003,1,189,171.64,否
SO202503639,2026-08-23,12605,搜索,男装,男装-020,3,299,845.91,否
SO202502591,2026-08-23,17456,推荐,美妆,美妆-001,1,129,118.28,否
SO202504829,2026-08-23,16797,推荐,美妆,美妆-003,2,119,204.43,否
SO202504309,2026-08-23,12545,搜索,男装,男装-008,1,299,257.32,否
SO202504620,2026-08-23,15403,搜索,美妆,美妆-015,3,199,544.45,否
SO202500677,2026-08-23,17688,搜索,男装,男装-020,1,299,264.06,否
SO202501501,2026-08-23,10414,直播,家居,家居-001,1,39,37.58,否
SO202500117,2026-08-23,13267,社群,女装,女装-034,1,259,228.15,否
SO202501645,2026-08-23,17747,直播,美妆,美妆-015,2,199,357.95,否
SO202504570,2026-08-23,13248,直播,男装,男装-006,2,199,351.72,否
SO202502547,2026-08-24,17077,搜索,美妆,美妆-015,2,199,388.61,否
SO202504584,2026-08-24,15072,直播,美妆,美妆-001,1,129,113.6,否
SO202500103,2026-08-24,14472,直播,男装,男装-019,2,189,376.88,否
SO202503327,2026-08-24,14866,直播,美妆,美妆-014,1,239,233.1,否
SO202502246,2026-08-24,16119,推荐,美妆,美妆-015,3,199,579.45,否
SO202501691,2026-08-24,17860,直播,女装,女装-032,3,309,823.83,否
SO202503759,2026-08-24,11360,社群,女装,女装-003,1,189,177.83,否
SO202503272,2026-08-25,16844,社群,美妆,美妆-007,3,159,420.94,否
SO202503814,2026-08-25,12522,推荐,美妆,美妆-017,1,359,337.64,否
SO202502623,2026-08-25,17456,搜索,女装,女装-022,1,269,234.09,否
SO202503945,2026-08-25,14199,直播,家居,家居-006,2,109,211.22,否
SO202501248,2026-08-25,15021,推荐,美妆,美妆-007,1,159,137.14,否
SO202503973,2026-08-25,10426,直播,家居,家居-007,2,199,395.18,否
SO202501101,2026-08-25,16837,搜索,美妆,美妆-018,2,489,945.62,否
SO202502030,2026-08-25,10617,直播,家居,家居-007,1,199,198.06,否
SO202501411,2026-08-25,16312,推荐,美妆,美妆-017,3,359,1062.14,否
SO202504197,2026-08-25,17758,社群,男装,男装-007,1,129,127.39,否
SO202500816,2026-08-25,10040,推荐,女装,女装-001,1,169,163.92,否
SO202500984,2026-08-25,12107,直播,女装,女装-005,1,269,246.53,否
SO202501673,2026-08-25,16266,直播,男装,男装-008,1,299,264.25,否
SO202503434,2026-08-26,10832,搜索,美妆,美妆-001,1,129,118.61,否
SO202503141,2026-08-26,10097,推荐,美妆,美妆-017,2,359,644.34,否
SO202504314,2026-08-26,12620,搜索,美妆,美妆-010,2,389,762.08,否
SO202500571,2026-08-26,15351,社群,女装,女装-001,1,169,151.34,否
SO202503551,2026-08-26,11372,搜索,男装,男装-006,2,199,342.7,否
SO202501230,2026-08-26,11521,社群,家居,家居-005,1,59,52.56,否
SO202504081,2026-08-26,13215,社群,男装,男装-020,3,299,798.32,否
SO202500237,2026-08-27,13729,推荐,女装,女装-005,2,269,475.39,否
SO202504213,2026-08-27,13376,推荐,美妆,美妆-017,3,359,936.66,否
SO202501647,2026-08-27,16764,直播,男装,男装-001,2,329,613.8,否
SO202502646,2026-08-27,10122,直播,女装,女装-005,3,269,691.0,否
SO202502586,2026-08-27,17929,搜索,美妆,美妆-016,1,279,272.55,否
SO202504974,2026-08-27,12708,搜索,女装,女装-005,2,269,475.84,否
SO202504300,2026-08-27,17420,直播,男装,男装-019,1,189,185.44,否
SO202503330,2026-08-27,17194,搜索,男装,男装-005,1,269,252.93,是
SO202502615,2026-08-27,10948,社群,美妆,美妆-011,2,129,257.69,否
SO202500034,2026-08-27,11667,直播,美妆,美妆-011,2,129,222.89,否
SO202500873,2026-08-27,14588,搜索,女装,女装-014,1,259,247.67,是
SO202502960,2026-08-27,10426,社群,家居,家居-007,3,199,577.63,否
SO202504451,2026-08-27,16406,推荐,美妆,美妆-007,1,159,148.38,否
SO202503829,2026-08-27,10688,直播,女装,女装-005,1,269,247.76,否
SO202501236,2026-08-27,15968,搜索,女装,女装-032,2,309,529.21,否
SO202503599,2026-08-28,11698,社群,美妆,美妆-002,2,369,721.48,否
SO202504462,2026-08-28,15282,推荐,美妆,美妆-011,1,129,126.64,否
SO202503855,2026-08-28,16064,直播,美妆,美妆-007,2,159,277.37,否
SO202502243,2026-08-28,15782,直播,女装,女装-014,1,259,244.07,否
SO202501355,2026-08-28,15272,直播,男装,男装-020,2,299,569.5,否
SO202501957,2026-08-28,11998,推荐,美妆,美妆-006,1,319,277.31,否
SO202503095,2026-08-28,15097,直播,美妆,美妆-018,2,489,937.88,否
SO202500678,2026-08-28,12095,社群,美妆,美妆-015,2,199,380.77,否
SO202502617,2026-08-28,16117,搜索,男装,男装-014,1,149,134.45,否
SO202502659,2026-08-28,11230,搜索,女装,女装-008,2,219,423.49,否
SO202501444,2026-08-28,16844,推荐,男装,男装-014,2,149,295.76,否
SO202500684,2026-08-28,13333,搜索,女装,女装-017,1,149,132.71,否
SO202502950,2026-08-28,13859,推荐,美妆,美妆-015,2,199,389.85,否
SO202504425,2026-08-29,13920,搜索,女装,女装-032,2,309,528.25,否
SO202500885,2026-08-29,12017,直播,男装,男装-025,1,169,155.04,否
SO202500866,2026-08-29,12287,搜索,女装,女装-003,2,189,333.14,否
SO202503913,2026-08-29,12190,搜索,男装,男装-006,2,199,394.79,否
SO202501958,2026-08-29,16843,推荐,男装,男装-025,1,169,149.27,否
SO202504349,2026-08-29,13790,社群,女装,女装-021,1,269,247.68,否
SO202500911,2026-08-29,11603,搜索,家居,家居-005,3,59,151.79,否
SO202500097,2026-08-29,11303,搜索,女装,女装-001,1,169,150.38,否
SO202504892,2026-08-29,17641,搜索,家居,家居-013,2,39,67.24,否
SO202503079,2026-08-29,16505,搜索,美妆,美妆-018,3,489,1302.1,否
SO202500433,2026-08-29,11662,搜索,女装,女装-035,2,289,519.87,否
SO202500483,2026-08-29,13806,直播,数码,数码-008,1,1259,1160.9,否
SO202500649,2026-08-29,14864,推荐,美妆,美妆-015,1,199,198.09,是
SO202501425,2026-08-29,16181,搜索,男装,男装-019,3,189,566.32,否
SO202504261,2026-08-29,11043,搜索,女装,女装-005,1,269,261.68,否
SO202501318,2026-08-29,10557,社群,美妆,美妆-001,3,129,345.93,否
SO202503714,2026-08-29,13205,搜索,男装,男装-006,2,199,340.79,是
SO202504239,2026-08-30,13681,搜索,美妆,美妆-010,1,389,358.21,否
SO202504237,2026-08-30,13839,推荐,家居,家居-007,1,199,185.57,否
SO202501677,2026-08-30,16746,社群,男装,男装-006,3,199,520.62,否
SO202501762,2026-08-30,12928,搜索,男装,男装-012,1,139,135.97,否
SO202501050,2026-08-30,12570,推荐,美妆,美妆-015,3,199,545.64,是
SO202504093,2026-08-30,15334,推荐,女装,女装-032,2,309,599.53,否
SO202501004,2026-08-30,17206,直播,数码,数码-002,2,859,1570.78,否
SO202500527,2026-08-30,17374,推荐,美妆,美妆-007,1,159,144.98,是
SO202502212,2026-08-30,15442,搜索,美妆,美妆-007,2,159,287.28,否
SO202500499,2026-08-30,12267,直播,美妆,美妆-007,3,159,420.86,否
SO202502710,2026-08-30,17172,推荐,女装,女装-005,1,269,229.11,否
SO202503404,2026-08-30,17509,推荐,美妆,美妆-018,1,489,441.62,否
SO202500709,2026-08-30,15697,推荐,美妆,美妆-003,2,119,229.46,否
SO202504366,2026-08-30,11930,搜索,美妆,美妆-016,1,279,276.27,否
SO202504390,2026-08-30,15731,推荐,美妆,美妆-011,2,129,254.45,否
SO202502490,2026-08-30,15007,直播,美妆,美妆-001,3,129,338.14,否
SO202502430,2026-08-30,12319,搜索,美妆,美妆-002,3,369,1007.21,否
SO202502390,2026-08-30,16773,社群,家居,家居-014,1,59,55.36,否
SO202501392,2026-08-30,11575,社群,男装,男装-014,1,149,131.27,否
SO202503873,2026-08-30,10171,推荐,女装,女装-033,1,289,248.58,否
SO202502526,2026-08-30,11660,直播,美妆,美妆-001,1,129,121.08,否
SO202502352,2026-08-30,13613,搜索,男装,男装-006,1,199,192.39,否
SO202501121,2026-08-31,16335,搜索,数码,数码-010,1,2029,1970.62,否
SO202501158,2026-08-31,11669,搜索,男装,男装-007,1,129,122.18,否
SO202504832,2026-08-31,14416,推荐,男装,男装-006,1,199,196.31,否
SO202504851,2026-08-31,12426,直播,美妆,美妆-009,1,379,324.66,否
SO202503117,2026-08-31,13658,直播,美妆,美妆-003,1,119,105.44,否
SO202504097,2026-08-31,15629,直播,女装,女装-029,1,129,121.78,否
SO202502121,2026-08-31,14973,搜索,美妆,美妆-018,1,489,474.96,否
SO202500777,2026-08-31,10074,搜索,女装,女装-021,1,269,244.48,否
SO202502560,2026-08-31,17362,搜索,女装,女装-021,2,269,515.27,否
SO202503387,2026-08-31,14824,直播,数码,数码-007,1,1359,1356.46,否
SO202502852,2026-08-31,11333,直播,男装,男装-006,1,199,171.42,否
SO202503287,2026-08-31,12168,推荐,男装,男装-024,3,109,321.36,否
SO202503125,2026-08-31,12938,搜索,男装,男装-014,2,149,284.18,否
SO202504276,2026-08-31,16896,推荐,男装,男装-014,1,149,135.67,否
SO202503975,2026-08-31,10791,直播,美妆,美妆-007,1,159,140.8,否
